kWhDelivered,kWh_per_min_effective_charging,connectionTime_year,connectionTime_month,connectionTime_day,connectionTime_hour,connectionTime_min,connectionTime_sec,doneChargingTime_year,doneChargingTime_month,doneChargingTime_day,doneChargingTime_hour,doneChargingTime_min,doneChargingTime_sec
7.932,0.05959429000751315,2018,4,25,11,8,4,2018,4,25,13,21,10
10.013,0.05591251744997673,2018,4,25,13,45,10,2018,4,25,16,44,15
5.257,0.07977238239757206,2018,4,25,13,45,50,2018,4,25,14,51,44
5.177,0.05865181268882175,2018,4,25,14,37,6,2018,4,25,16,5,22
10.119,0.056237495368655056,2018,4,25,14,40,34,2018,4,25,17,40,30
7.91,0.08358576963719619,2018,4,25,14,43,50,2018,4,25,16,18,28
15.294,0.06951818181818183,2018,4,25,14,47,42,2018,4,25,18,27,42
6.953,0.06317080557238038,2018,4,25,14,58,25,2018,4,25,16,48,29
2.174,0.03809579439252336,2018,4,25,15,10,52,2018,4,25,16,7,56
2.439,0.01230885692657078,2018,4,25,15,12,11,2018,4,25,18,30,20
6.955,0.03490881713234064,2018,4,25,15,14,6,2018,4,25,18,33,20
3.249,0.051165354330708665,2018,4,25,15,14,41,2018,4,25,16,18,11
2.72,0.03119862359013573,2018,4,25,15,14,49,2018,4,25,16,42,0
2.575,0.05508021390374332,2018,4,25,15,20,56,2018,4,25,16,7,41
5.4,0.026414479047774338,2018,4,25,15,30,31,2018,4,25,18,54,57
4.929,0.028125534950071328,2018,4,25,15,31,42,2018,4,25,18,26,57
4.043,0.029724298492831758,2018,4,25,15,33,45,2018,4,25,17,49,46
2.49,0.021567778258986574,2018,4,25,15,44,42,2018,4,25,17,40,9
5.95,0.043204647222558394,2018,4,25,15,48,23,2018,4,25,18,6,6
4.474,0.035644668702695524,2018,4,25,15,51,21,2018,4,25,17,56,52
6.531,0.027013649524334757,2018,4,25,15,53,29,2018,4,25,19,55,15
6.023,0.04133363833924282,2018,4,25,15,57,29,2018,4,25,18,23,12
9.553,0.06464922174599594,2018,4,25,15,59,24,2018,4,25,18,27,10
14.693,0.029813324315184308,2018,4,25,16,1,26,2018,4,26,0,14,16
2.207,0.030497466605251038,2018,4,25,16,2,3,2018,4,25,17,14,25
9.153,0.04450044566890852,2018,4,25,16,2,10,2018,4,25,19,27,51
17.446,0.04640099295181524,2018,4,25,16,3,59,2018,4,25,22,19,58
4.548,0.03532427184466019,2018,4,25,16,4,31,2018,4,25,18,13,16
32.708,0.08965189584285062,2018,4,25,16,25,51,2018,4,25,22,30,41
6.764,0.051964148527528814,2018,4,25,16,38,1,2018,4,25,18,48,11
10.879,0.03766097392107085,2018,4,25,16,52,5,2018,4,25,21,40,57
5.07,0.03748613678373383,2018,4,25,17,6,18,2018,4,25,19,21,33
6.337,0.01443124454397085,2018,4,25,18,22,3,2018,4,26,1,41,10
2.375,0.048158161541061166,2018,4,25,18,47,12,2018,4,25,19,36,31
6.523,0.048069270449521,2018,4,25,19,32,5,2018,4,25,21,47,47
2.203,0.041605288007554295,2018,4,25,19,33,1,2018,4,25,20,25,58
7.738,0.05257984144960363,2018,4,25,19,40,2,2018,4,25,22,7,12
12.94,0.061501901140684406,2018,4,25,19,41,42,2018,4,25,23,12,6
14.328,0.04576660988074957,2018,4,25,19,43,13,2018,4,26,0,56,17
4.189,0.021663506292018617,2018,4,25,20,14,50,2018,4,25,23,28,12
0.829,0.023651925820256776,2018,4,25,20,30,49,2018,4,25,21,5,52
27.743,0.08958506000753458,2018,4,25,21,57,42,2018,4,26,3,7,23
12.692,0.07221621621621621,2018,4,25,22,17,32,2018,4,26,1,13,17
1.304,0.03625579240037071,2018,4,25,22,42,48,2018,4,25,23,18,46
11.466,0.09659646166807076,2018,4,26,0,2,16,2018,4,26,2,0,58
11.695,0.055885632366995855,2018,4,26,0,3,3,2018,4,26,3,32,19
2.87,0.11358839050131928,2018,4,26,0,5,36,2018,4,26,0,30,52
2.264,0.032497607655502386,2018,4,26,0,7,10,2018,4,26,1,16,50
1.02,0.002131512956255224,2018,4,26,1,21,28,2018,4,26,9,20,0
5.023,0.0958587786259542,2018,4,26,1,40,29,2018,4,26,2,32,53
8.693,0.09698400892525101,2018,4,26,1,48,55,2018,4,26,3,18,33
4.915,0.09534432589718721,2018,4,26,1,49,57,2018,4,26,2,41,30
13.892,0.10492447129909364,2018,4,26,2,17,10,2018,4,26,4,29,34
1.155,0.10421052631578948,2018,4,26,2,25,14,2018,4,26,2,36,19
11.891,0.1003177727784027,2018,4,26,2,36,2,2018,4,26,4,34,34
6.956,0.0979718309859155,2018,4,26,2,49,57,2018,4,26,4,0,57
2.568,0.1123851203501094,2018,4,26,3,7,4,2018,4,26,3,29,55
6.503,0.04683471371984156,2018,4,26,3,13,44,2018,4,26,5,32,35
2.272,0.0315117891816921,2018,4,26,3,33,58,2018,4,26,4,46,4
13.926,0.029756410256410258,2018,4,26,6,20,56,2018,4,26,14,8,56
4.632,0.057743611053397044,2018,4,26,11,31,17,2018,4,26,12,51,30
12.138,0.058267061364909195,2018,4,26,13,25,8,2018,4,26,16,53,27
7.108,0.012855463451394123,2018,4,26,13,54,17,2018,4,26,23,7,12
13.155,0.023205150820250486,2018,4,26,14,47,8,2018,4,27,0,14,2
7.186,0.10304971319311663,2018,4,26,14,59,44,2018,4,26,16,9,28
2.354,0.038569087930092845,2018,4,26,15,5,16,2018,4,26,16,6,18
13.413,0.10812575574365176,2018,4,26,15,5,56,2018,4,26,17,9,59
6.14,0.09507096774193549,2018,4,26,15,27,50,2018,4,26,16,32,25
6.087,0.02873033354310887,2018,4,26,15,28,15,2018,4,26,19,0,7
6.298,0.05129360662413465,2018,4,26,15,45,26,2018,4,26,17,48,13
4.182,0.06037536092396536,2018,4,26,15,46,5,2018,4,26,16,55,21
4.846,0.053399449035812674,2018,4,26,15,46,33,2018,4,26,17,17,18
2.65,0.050062972292191435,2018,4,26,15,47,39,2018,4,26,16,40,35
2.997,0.04297801147227533,2018,4,26,15,55,18,2018,4,26,17,5,2
2.68,0.04544940644431882,2018,4,26,15,56,4,2018,4,26,16,55,2
3.54,0.028933387821822643,2018,4,26,15,57,16,2018,4,26,17,59,37
1.916,0.04279970215934475,2018,4,26,15,59,53,2018,4,26,16,44,39
2.757,0.030032679738562093,2018,4,26,16,1,29,2018,4,26,17,33,17
10.248,0.05170534813319879,2018,4,26,16,1,58,2018,4,26,19,20,10
14.0,0.02794876060555648,2018,4,26,16,7,42,2018,4,27,0,28,37
14.01,0.030456521739130434,2018,4,26,16,9,35,2018,4,26,23,49,35
6.709,0.05430922827846735,2018,4,26,16,20,52,2018,4,26,18,24,24
25.981,0.03954690750418591,2018,4,26,16,21,31,2018,4,27,3,18,29
4.263,0.0360609051177217,2018,4,26,16,38,47,2018,4,26,18,37,0
5.723,0.03467784286002828,2018,4,26,16,41,12,2018,4,26,19,26,14
4.384,0.04734341252699785,2018,4,26,16,53,4,2018,4,26,18,25,40
9.914,0.022338052499155055,2018,4,26,16,58,21,2018,4,27,0,22,10
10.411,0.022213292557163686,2018,4,26,17,8,18,2018,4,27,0,56,59
9.026,0.043190047053194035,2018,4,26,17,11,27,2018,4,26,20,40,26
14.422,0.058204076141790545,2018,4,26,17,15,26,2018,4,26,21,23,13
18.861,0.09587089122331414,2018,4,26,17,26,50,2018,4,26,20,43,34
5.728,0.06521442125237192,2018,4,26,17,39,42,2018,4,26,19,7,32
2.528,0.036851311953352776,2018,4,26,18,43,12,2018,4,26,19,51,48
2.628,0.010006345982992767,2018,4,26,19,38,28,2018,4,27,0,1,6
1.306,0.03787336877718705,2018,4,26,20,17,40,2018,4,26,20,52,9
1.801,0.04828418230563003,2018,4,26,20,27,49,2018,4,26,21,5,7
5.576,0.051062271062271056,2018,4,26,21,2,30,2018,4,26,22,51,42
16.0,0.06936917407327119,2018,4,26,21,18,45,2018,4,27,1,9,24
0.852,0.031208791208791206,2018,4,26,23,4,49,2018,4,26,23,32,7
1.829,0.05495242864296445,2018,4,27,1,17,43,2018,4,27,1,51,0
13.927,0.014207841670350597,2018,4,27,1,22,57,2018,4,27,17,43,11
13.872,0.10477341389728097,2018,4,27,1,40,52,2018,4,27,3,53,16
5.654,0.10012987012987012,2018,4,27,1,50,34,2018,4,27,2,47,2
2.558,0.03225047278840092,2018,4,27,2,4,43,2018,4,27,3,24,2
6.417,0.05366880401449679,2018,4,27,3,10,5,2018,4,27,5,9,39
5.56,0.11319986426874787,2018,4,27,3,29,59,2018,4,27,4,19,6
0.546,0.028,2018,4,27,5,6,13,2018,4,27,5,25,43
11.323,0.01586557997244343,2018,4,27,13,16,28,2018,4,28,1,10,9
3.981,0.057143540669856455,2018,4,27,14,14,39,2018,4,27,15,24,19
17.634,0.07527319294251565,2018,4,27,14,41,42,2018,4,27,18,35,58
7.288,0.01383009678031501,2018,4,27,15,0,26,2018,4,27,23,47,24
6.236,0.052521055586749014,2018,4,27,15,9,6,2018,4,27,17,7,50
9.3,0.10778443113772457,2018,4,27,15,9,39,2018,4,27,16,35,56
2.945,0.05077586206896551,2018,4,27,15,14,35,2018,4,27,16,12,35
4.85,0.04174436953091378,2018,4,27,15,15,12,2018,4,27,17,11,23
10.978,0.037177851780775525,2018,4,27,15,16,3,2018,4,27,20,11,20
3.846,0.055671893848009656,2018,4,27,15,19,27,2018,4,27,16,28,32
19.124,0.07411445549670584,2018,4,27,15,27,27,2018,4,27,19,45,29
3.259,0.04796173657100809,2018,4,27,15,31,38,2018,4,27,16,39,35
13.972,0.04763723150357995,2018,4,27,15,42,36,2018,4,27,20,35,54
16.95,0.05518476314504314,2018,4,27,16,19,1,2018,4,27,21,26,10
6.444,0.03687201983597177,2018,4,27,16,25,9,2018,4,27,19,19,55
9.064,0.0763391353172375,2018,4,27,16,27,57,2018,4,27,18,26,41
9.67,0.054494223724992956,2018,4,27,16,28,35,2018,4,27,19,26,2
30.553,0.09579744983277592,2018,4,27,16,37,18,2018,4,27,21,56,14
2.485,0.028346007604562736,2018,4,27,16,38,52,2018,4,27,18,6,32
2.219,0.03265636497424577,2018,4,27,16,43,29,2018,4,27,17,51,26
5.606,0.06643492000790045,2018,4,27,16,47,18,2018,4,27,18,11,41
5.805,0.04282552563629657,2018,4,27,16,51,19,2018,4,27,19,6,52
11.729,0.04158482538556993,2018,4,27,16,56,15,2018,4,27,21,38,18
11.831,0.08328757479760647,2018,4,27,17,3,53,2018,4,27,19,25,56
15.894,0.08358664212463844,2018,4,27,17,10,25,2018,4,27,20,20,34
9.823,0.04165818490245971,2018,4,27,17,19,2,2018,4,27,21,14,50
1.832,0.0406508875739645,2018,4,27,17,26,41,2018,4,27,18,11,45
21.669,0.08183157099697885,2018,4,27,17,32,30,2018,4,27,21,57,18
1.759,0.004718558590781061,2018,4,27,18,17,36,2018,4,28,0,30,23
2.531,0.007472689695896074,2018,4,27,18,18,21,2018,4,27,23,57,3
2.848,0.030308620078041856,2018,4,27,18,32,36,2018,4,27,20,6,34
13.871,0.09148730350665055,2018,4,27,19,59,49,2018,4,27,22,31,26
6.523,0.05200372043582248,2018,4,27,20,15,40,2018,4,27,22,21,6
1.158,0.03333973128598848,2018,4,27,20,29,42,2018,4,27,21,4,26
11.337,0.08392597162245527,2018,4,27,21,25,0,2018,4,27,23,40,5
10.577,0.11120028035745576,2018,4,27,22,46,32,2018,4,28,0,21,39
12.49,0.04888135151001239,2018,4,28,0,14,16,2018,4,28,4,29,47
15.432,0.05698670605612999,2018,4,28,0,26,33,2018,4,28,4,57,21
13.31,0.1023846153846154,2018,4,28,0,34,19,2018,4,28,2,44,19
4.254,0.05150121065375302,2018,4,28,0,54,21,2018,4,28,2,16,57
13.191,0.07809176122348299,2018,4,28,1,31,6,2018,4,28,4,20,1
14.102,0.05404445579969341,2018,4,28,1,39,36,2018,4,28,6,0,32
4.002,0.05322988250942141,2018,4,28,1,45,55,2018,4,28,3,1,6
14.268,0.014418918008488851,2018,4,28,2,1,9,2018,4,28,18,30,41
4.229,0.05022565320665083,2018,4,28,3,15,17,2018,4,28,4,39,29
39.897,0.04065521985020635,2018,4,28,3,32,7,2018,4,28,19,53,28
6.419,0.052243624525230604,2018,4,28,3,49,38,2018,4,28,5,52,30
41.924,0.04272654697399487,2018,4,28,4,10,59,2018,4,28,20,32,12
11.873,0.05734825309933988,2018,4,28,4,33,52,2018,4,28,8,0,54
33.381,0.045774425779910866,2018,4,28,5,0,56,2018,4,28,17,10,11
16.741,0.10103198551599277,2018,4,28,6,2,40,2018,4,28,8,48,22
5.652,0.05860031104199067,2018,4,28,12,30,38,2018,4,28,14,7,5
2.284,0.11150528885272577,2018,4,28,13,8,46,2018,4,28,13,29,15
1.581,0.03177889447236181,2018,4,28,14,3,42,2018,4,28,14,53,27
13.508,0.11325880380100614,2018,4,28,14,51,33,2018,4,28,16,50,49
5.275,0.05608718766613504,2018,4,28,15,17,54,2018,4,28,16,51,57
18.737,0.11114384577360355,2018,4,28,15,43,56,2018,4,28,18,32,31
3.537,0.05780986107327704,2018,4,28,16,6,31,2018,4,28,17,7,42
3.242,0.02662833675564682,2018,4,28,16,49,44,2018,4,28,18,51,29
17.61,0.09709612203639036,2018,4,28,17,4,52,2018,4,28,20,6,14
13.915,0.10032444124008652,2018,4,28,17,22,23,2018,4,28,19,41,5
7.292,0.10241573033707864,2018,4,28,17,46,54,2018,4,28,18,58,6
8.469,0.11424010791366905,2018,4,28,18,10,26,2018,4,28,19,24,34
8.968,0.0988027910392949,2018,4,28,18,17,44,2018,4,28,19,48,30
4.445,0.05503508047874536,2018,4,28,18,20,11,2018,4,28,19,40,57
40.111,0.1108804422944022,2018,4,28,18,27,39,2018,4,29,0,29,24
12.963,0.05946784922394679,2018,4,28,18,34,1,2018,4,28,22,12,0
13.913,0.09858053849787436,2018,4,28,18,47,51,2018,4,28,21,8,59
5.99,0.056714533691020995,2018,4,28,19,4,50,2018,4,28,20,50,27
13.909,0.10364381520119226,2018,4,28,19,41,57,2018,4,28,21,56,9
1.745,0.10872274143302181,2018,4,28,20,13,3,2018,4,28,20,29,6
2.27,0.11302904564315354,2018,4,28,20,31,30,2018,4,28,20,51,35
19.538,0.10993904154553127,2018,4,28,21,17,0,2018,4,29,0,14,43
6.942,0.05101285976729945,2018,4,28,23,2,45,2018,4,29,1,18,50
13.914,0.053269525267993875,2018,4,28,23,41,0,2018,4,29,4,2,12
40.858,0.11095179904955872,2018,4,29,0,6,57,2018,4,29,6,15,12
12.102,0.05892874533354975,2018,4,29,0,27,2,2018,4,29,3,52,24
6.142,0.09466221423067044,2018,4,29,2,4,16,2018,4,29,3,9,9
13.619,0.11300511685797261,2018,4,29,2,36,9,2018,4,29,4,36,40
5.355,0.09383761682242991,2018,4,29,4,15,10,2018,4,29,5,12,14
17.25,0.039356605065023954,2018,4,29,5,42,4,2018,4,29,13,0,22
4.026,0.05460216998191681,2018,4,29,16,26,36,2018,4,29,17,40,20
8.838,0.05396702625686952,2018,4,29,17,25,14,2018,4,29,20,9,0
10.047,0.11265557839656139,2018,4,29,17,59,14,2018,4,29,19,28,25
13.595,0.06942127659574468,2018,4,29,18,30,36,2018,4,29,21,46,26
8.13,0.09169172932330827,2018,4,29,18,32,13,2018,4,29,20,0,53
11.632,0.05932675960557633,2018,4,29,18,36,13,2018,4,29,21,52,17
0.644,0.10528610354223435,2018,4,29,18,40,51,2018,4,29,18,46,58
28.647,0.10970257850395711,2018,4,29,18,47,15,2018,4,29,23,8,23
13.919,0.08964577071704594,2018,4,29,18,53,39,2018,4,29,21,28,55
11.826,0.11012882197733975,2018,4,29,19,32,58,2018,4,29,21,20,21
3.99,0.1089171974522293,2018,4,29,20,9,21,2018,4,29,20,45,59
8.84,0.1123728813559322,2018,4,29,20,26,33,2018,4,29,21,45,13
1.16,0.09456521739130433,2018,4,29,20,27,25,2018,4,29,20,39,41
13.927,0.03943650007079145,2018,4,29,21,2,34,2018,4,30,2,55,43
1.909,0.109293893129771,2018,4,29,21,22,44,2018,4,29,21,40,12
13.904,0.09371377218602561,2018,4,29,21,28,4,2018,4,29,23,56,26
4.767,0.04469760900140647,2018,4,29,21,47,40,2018,4,29,23,34,19
2.303,0.05576271186440678,2018,4,29,22,0,37,2018,4,29,22,41,55
25.761,0.10388198131594865,2018,4,29,22,40,54,2018,4,30,2,48,53
2.684,0.01363243883856768,2018,4,29,23,10,58,2018,4,30,2,27,51
13.076,0.05762467866323908,2018,4,29,23,44,39,2018,4,30,3,31,34
3.504,0.10848297213622292,2018,4,29,23,53,59,2018,4,30,0,26,17
13.91,0.057805790275661455,2018,4,30,0,32,15,2018,4,30,4,32,53
2.552,0.05531791907514451,2018,4,30,0,32,40,2018,4,30,1,18,48
13.853,0.10460357412534609,2018,4,30,0,40,53,2018,4,30,2,53,19
1.544,0.032211404728789986,2018,4,30,0,52,53,2018,4,30,1,40,49
3.811,0.10852396772662554,2018,4,30,2,19,40,2018,4,30,2,54,47
10.44,0.058531115679312275,2018,4,30,3,42,53,2018,4,30,6,41,15
13.016,0.03870545670813302,2018,4,30,6,56,41,2018,4,30,12,32,58
3.51,0.05741548527808069,2018,4,30,13,21,35,2018,4,30,14,22,43
10.083,0.08684754521963825,2018,4,30,13,55,57,2018,4,30,15,52,3
10.81,0.057115181401902075,2018,4,30,14,56,42,2018,4,30,18,5,58
6.249,0.0526010101010101,2018,4,30,15,4,34,2018,4,30,17,3,22
16.386,0.07840816652045618,2018,4,30,15,7,26,2018,4,30,18,36,25
47.808,0.08536634724123565,2018,4,30,15,7,49,2018,5,1,0,27,51
3.566,0.05850697292863002,2018,4,30,15,13,47,2018,4,30,16,14,44
5.326,0.05073186220034926,2018,4,30,15,13,48,2018,4,30,16,58,47
1.948,0.03176950258222343,2018,4,30,15,14,18,2018,4,30,16,15,37
6.962,0.07284966864318103,2018,4,30,15,26,12,2018,4,30,17,1,46
4.761,0.022617577197149644,2018,4,30,15,32,40,2018,4,30,19,3,10
4.451,0.03701455301455301,2018,4,30,15,34,27,2018,4,30,17,34,42
5.494,0.036786072982926014,2018,4,30,15,36,43,2018,4,30,18,6,4
5.453,0.05822744260544581,2018,4,30,15,38,58,2018,4,30,17,12,37
6.124,0.05143337066069429,2018,4,30,15,47,29,2018,4,30,17,46,33
2.69,0.00513081349143275,2018,4,30,15,47,36,2018,5,1,0,31,53
10.51,0.04905865878325813,2018,4,30,15,59,8,2018,4,30,19,33,22
2.575,0.03243753936594583,2018,4,30,16,0,56,2018,4,30,17,20,19
8.189,0.03390890269151139,2018,4,30,16,6,2,2018,4,30,20,7,32
5.206,0.050283322601416616,2018,4,30,16,9,14,2018,4,30,17,52,46
12.332,0.032747067935383935,2018,4,30,16,31,30,2018,4,30,22,48,5
15.947,0.03089406218720739,2018,4,30,16,44,10,2018,5,1,1,20,21
3.354,0.035649247121346324,2018,4,30,16,51,36,2018,4,30,18,25,41
14.355,0.09499283114591375,2018,4,30,17,25,34,2018,4,30,19,56,41
20.865,0.10898406894750587,2018,4,30,17,30,28,2018,4,30,20,41,55
8.331,0.019730017761989342,2018,4,30,17,33,1,2018,5,1,0,35,16
1.93,0.03150163220892274,2018,4,30,17,42,24,2018,4,30,18,43,40
15.629,0.044975539568345324,2018,4,30,17,52,21,2018,4,30,23,39,51
0.5860127777777778,0.7175666666666667,2018,4,30,18,45,38,2018,4,30,18,46,27
2.554,0.0061480441323971905,2018,4,30,19,2,14,2018,5,1,1,57,39
6.878,0.054436090225563914,2018,4,30,19,37,54,2018,4,30,21,44,15
1.308,0.02758523725834798,2018,4,30,19,53,33,2018,4,30,20,40,58
8.494,0.044401463669628854,2018,4,30,20,29,50,2018,4,30,23,41,8
0.923,0.030766666666666668,2018,4,30,20,50,42,2018,4,30,21,20,42
13.975,0.0549547778214707,2018,4,30,21,6,42,2018,5,1,1,21,0
2.334,0.04658682634730539,2018,4,30,21,10,9,2018,4,30,22,0,15
4.14,0.07233546884100174,2018,4,30,21,18,8,2018,4,30,22,15,22
1.813,0.05010594196222939,2018,4,30,22,32,52,2018,4,30,23,9,3
1.842,0.04903283052351375,2018,4,30,22,41,33,2018,4,30,23,19,7
4.824,0.049774720550300945,2018,4,30,23,19,28,2018,5,1,0,56,23
5.777,0.05841253791708797,2018,5,1,0,31,56,2018,5,1,2,10,50
12.846,0.059057543483257986,2018,5,1,0,43,31,2018,5,1,4,21,2
13.932,0.04478062891734076,2018,5,1,1,0,22,2018,5,1,6,11,29
0.801,0.100125,2018,5,1,1,14,27,2018,5,1,1,22,27
1.868,0.10464985994397759,2018,5,1,1,27,39,2018,5,1,1,45,30
1.851,0.04807792207792208,2018,5,1,1,31,3,2018,5,1,2,9,33
10.868,0.1127191011235955,2018,5,1,1,35,22,2018,5,1,3,11,47
9.055,0.10214326001128031,2018,5,1,1,48,7,2018,5,1,3,16,46
7.06,0.1,2018,5,1,2,10,29,2018,5,1,3,21,5
6.505,0.05415568197585681,2018,5,1,3,8,47,2018,5,1,5,8,54
23.00731888888889,0.026258067665931167,2018,5,1,4,55,59,2018,5,1,19,32,11
13.91,0.023966230186078567,2018,5,1,5,44,3,2018,5,1,15,24,27
13.41,0.05735262670183192,2018,5,1,13,23,18,2018,5,1,17,17,7
8.618,0.08525638911788953,2018,5,1,13,54,34,2018,5,1,15,35,39
13.969,0.02535362090870591,2018,5,1,14,46,4,2018,5,1,23,57,2
6.914,0.09676696990902728,2018,5,1,14,56,29,2018,5,1,16,7,56
13.785,0.04544006153169981,2018,5,1,15,14,50,2018,5,1,20,18,12
0.618,0.04549693251533742,2018,5,1,15,21,17,2018,5,1,15,34,52
14.112,0.0766331794732555,2018,5,1,15,21,34,2018,5,1,18,25,43
1.051,0.0017362334801762113,2018,5,1,15,21,52,2018,5,2,1,27,12
6.102,0.0516243654822335,2018,5,1,15,22,40,2018,5,1,17,20,52
8.063,0.048017866004962786,2018,5,1,15,28,52,2018,5,1,18,16,47
2.854,0.04241763685905375,2018,5,1,15,35,21,2018,5,1,16,42,38
4.987,0.03505799648506151,2018,5,1,15,40,10,2018,5,1,18,2,25
4.56,0.04355994268428594,2018,5,1,15,40,44,2018,5,1,17,25,25
3.562,0.03499590633699034,2018,5,1,15,41,8,2018,5,1,17,22,55
3.371,0.03202850356294537,2018,5,1,15,41,44,2018,5,1,17,26,59
8.657,0.04826874825759688,2018,5,1,16,0,33,2018,5,1,18,59,54
3.058,0.046806122448979595,2018,5,1,16,2,22,2018,5,1,17,7,42
24.716,0.05486754476838834,2018,5,1,16,9,3,2018,5,1,23,39,31
21.525,0.05056179775280899,2018,5,1,16,10,59,2018,5,1,23,16,42
2.597,0.027805139186295503,2018,5,1,16,18,17,2018,5,1,17,51,41
28.691,0.058887558581055655,2018,5,1,16,18,54,2018,5,2,0,26,7
7.899,0.049930467762326174,2018,5,1,16,20,24,2018,5,1,18,58,36
6.91,0.03895518180964014,2018,5,1,16,25,35,2018,5,1,19,22,58
10.386,0.042717301891966,2018,5,1,16,36,38,2018,5,1,20,39,46
7.799,0.05643270622286542,2018,5,1,16,52,54,2018,5,1,19,11,6
11.304,0.0271817890349471,2018,5,1,16,58,54,2018,5,1,23,54,46
1.943,0.01999656946826758,2018,5,1,17,9,9,2018,5,1,18,46,19
7.053,0.039527367831122734,2018,5,1,17,11,32,2018,5,1,20,9,58
10.43,0.0279375,2018,5,1,17,28,59,2018,5,1,23,42,19
12.588,0.0907352234502643,2018,5,1,17,47,29,2018,5,1,20,6,13
12.411,0.04140910860256909,2018,5,1,17,51,44,2018,5,1,22,51,27
2.162,0.021462607544672403,2018,5,1,18,1,21,2018,5,1,19,42,5
9.742,0.04680653427290199,2018,5,1,18,17,12,2018,5,1,21,45,20
9.951,0.05324237560192616,2018,5,1,19,33,50,2018,5,1,22,40,44
6.671,0.04791237730428538,2018,5,1,19,41,1,2018,5,1,22,0,15
2.616,0.006468576138471049,2018,5,1,20,7,55,2018,5,2,2,52,20
6.494,0.05105345911949685,2018,5,1,20,12,26,2018,5,1,22,19,38
1.374,0.04434642280796127,2018,5,1,20,27,35,2018,5,1,20,58,34
6.661,0.047863473053892214,2018,5,1,23,12,11,2018,5,2,1,31,21
2.406,0.04420085731781997,2018,5,2,0,6,47,2018,5,2,1,1,13
1.117,0.06923553719008264,2018,5,2,0,42,36,2018,5,2,0,58,44
13.95,0.022015308135405982,2018,5,2,1,46,0,2018,5,2,12,19,39
6.685,0.09920850853326736,2018,5,2,1,49,8,2018,5,2,2,56,31
16.344,0.057817345675372916,2018,5,2,1,57,30,2018,5,2,6,40,11
4.662,0.10535593220338983,2018,5,2,2,2,40,2018,5,2,2,46,55
13.869,0.0677693623259223,2018,5,2,2,21,35,2018,5,2,5,46,14
16.084,0.021537706161983618,2018,5,2,2,43,8,2018,5,2,15,9,55
2.563,0.03193769470404985,2018,5,2,2,51,35,2018,5,2,4,11,50
6.457,0.052431993503857084,2018,5,2,3,5,26,2018,5,2,5,8,35
10.205,0.04230636357355075,2018,5,2,3,12,17,2018,5,2,7,13,30
7.9,0.11391492429704399,2018,5,2,4,6,37,2018,5,2,5,15,58
13.828,0.02526969816952456,2018,5,2,4,56,29,2018,5,2,14,3,42
4.053,0.05736730360934182,2018,5,2,13,25,56,2018,5,2,14,36,35
3.216,0.10204124801692227,2018,5,2,13,57,22,2018,5,2,14,28,53
11.507,0.05060988124908371,2018,5,2,14,21,46,2018,5,2,18,9,8
13.985,0.022822095901215766,2018,5,2,14,36,15,2018,5,3,0,49,2
10.541,0.045605710989327954,2018,5,2,14,36,28,2018,5,2,18,27,36
9.289,0.018467196819085485,2018,5,2,14,46,19,2018,5,2,23,9,19
7.312,0.013467996930161168,2018,5,2,14,59,42,2018,5,3,0,2,37
2.713,0.04025222551928783,2018,5,2,15,0,55,2018,5,2,16,8,19
11.865,0.046308462889481566,2018,5,2,15,14,6,2018,5,2,19,30,19
11.489,0.06440624124077363,2018,5,2,15,15,17,2018,5,2,18,13,40
13.91,0.029029565217391303,2018,5,2,15,16,0,2018,5,2,23,15,10
19.163,0.03946116621477846,2018,5,2,15,17,10,2018,5,2,23,22,47
3.187,0.030951764325024278,2018,5,2,15,17,31,2018,5,2,17,0,29
6.473,0.03979303278688525,2018,5,2,15,20,55,2018,5,2,18,3,35
15.288,0.034339622641509436,2018,5,2,15,25,55,2018,5,2,22,51,7
4.36,0.025430154564012836,2018,5,2,15,28,36,2018,5,2,18,20,3
5.888,0.029199107364244976,2018,5,2,15,30,35,2018,5,2,18,52,14
6.936,0.03538474619505144,2018,5,2,15,32,25,2018,5,2,18,48,26
4.016,0.0361367726454709,2018,5,2,15,41,48,2018,5,2,17,32,56
6.2,0.03916614024005054,2018,5,2,15,48,32,2018,5,2,18,26,50
4.563,0.03995038669195972,2018,5,2,15,48,55,2018,5,2,17,43,8
18.201,0.03795565132767969,2018,5,2,15,53,27,2018,5,2,23,52,59
3.647,0.03956962025316455,2018,5,2,15,54,41,2018,5,2,17,26,51
11.027,0.021308212560386473,2018,5,2,16,6,53,2018,5,3,0,44,23
4.426,0.029828147815343146,2018,5,2,16,9,22,2018,5,2,18,37,45
7.198,0.06276413312018603,2018,5,2,16,15,35,2018,5,2,18,10,16
9.641,0.019065291190138757,2018,5,2,16,16,48,2018,5,3,0,42,29
4.995,0.03286905023031367,2018,5,2,16,19,37,2018,5,2,18,51,35
9.043,0.032497604216578824,2018,5,2,16,37,22,2018,5,2,21,15,38
4.994,0.011029151943462897,2018,5,2,16,45,7,2018,5,3,0,17,55
16.008,0.03739022111491747,2018,5,2,16,57,51,2018,5,3,0,5,59
13.422,0.07275453970548379,2018,5,2,17,8,47,2018,5,2,20,13,16
2.031,0.003208615287395666,2018,5,2,18,23,25,2018,5,3,4,56,24
3.145,0.020095846645367413,2018,5,2,18,32,27,2018,5,2,21,8,57
9.664,0.04425583880323614,2018,5,2,19,40,55,2018,5,2,23,19,17
3.86,0.02995731470702367,2018,5,2,19,56,25,2018,5,2,22,5,16
11.344,0.037033570923336416,2018,5,2,20,15,37,2018,5,3,1,21,56
4.801,0.048307898708703674,2018,5,2,20,37,58,2018,5,2,22,17,21
1.58,0.028928898382667073,2018,5,2,22,28,41,2018,5,2,23,23,18
30.8,0.10271802567950641,2018,5,2,22,34,47,2018,5,3,3,34,38
7.711,0.09256902761104442,2018,5,2,23,13,2,2018,5,3,0,36,20
6.254,0.040575259515570936,2018,5,2,23,19,18,2018,5,3,1,53,26
4.448,0.09417078334509528,2018,5,2,23,20,15,2018,5,3,0,7,29
4.157,0.0470692583506322,2018,5,2,23,29,5,2018,5,3,0,57,24
39.911,0.055556689789573815,2018,5,3,0,17,1,2018,5,3,12,15,24
15.958,0.05531688716852504,2018,5,3,1,1,32,2018,5,3,5,50,1
4.822,0.05156300124754946,2018,5,3,1,6,47,2018,5,3,2,40,18
9.454,0.09604470030477481,2018,5,3,1,33,43,2018,5,3,3,12,9
3.671,0.09754650132860938,2018,5,3,1,34,1,2018,5,3,2,11,39
9.251,0.1099564183835182,2018,5,3,1,44,52,2018,5,3,3,9,0
9.259,0.1017099963383376,2018,5,3,1,54,19,2018,5,3,3,25,21
13.854,0.10297819623389494,2018,5,3,2,18,21,2018,5,3,4,32,53
2.258,0.05804627249357327,2018,5,3,2,32,41,2018,5,3,3,11,35
12.398,0.05706789413118527,2018,5,3,2,44,39,2018,5,3,6,21,54
8.869,0.1130288870008496,2018,5,3,3,52,21,2018,5,3,5,10,49
10.684,0.09850030731407497,2018,5,3,4,4,7,2018,5,3,5,52,35
6.687,0.05259832197168327,2018,5,3,4,23,4,2018,5,3,6,30,12
0.756,0.10774346793349168,2018,5,3,11,35,54,2018,5,3,11,42,55
11.656,0.05379692307692308,2018,5,3,11,47,45,2018,5,3,15,24,25
13.503,0.04586876521542207,2018,5,3,13,9,55,2018,5,3,18,4,18
7.508,0.08461307287753568,2018,5,3,13,45,24,2018,5,3,15,14,8
17.011,0.04290109705350763,2018,5,3,14,18,2,2018,5,3,20,54,33
7.212,0.01402294380711647,2018,5,3,14,23,41,2018,5,3,22,57,59
13.216,0.03311865680992357,2018,5,3,14,32,0,2018,5,3,21,11,3
8.884,0.03348030902581496,2018,5,3,14,54,2,2018,5,3,19,19,23
13.173,0.042402360515021456,2018,5,3,14,57,22,2018,5,3,20,8,2
4.657,0.10931924882629107,2018,5,3,15,6,33,2018,5,3,15,49,9
3.469,0.031498184019370455,2018,5,3,15,9,24,2018,5,3,16,59,32
9.475,0.021162937869932622,2018,5,3,15,11,49,2018,5,3,22,39,32
11.46,0.08360894941634242,2018,5,3,15,13,35,2018,5,3,17,30,39
5.822,0.052285585990121244,2018,5,3,15,14,10,2018,5,3,17,5,31
7.489,0.04432672388280556,2018,5,3,15,19,40,2018,5,3,18,8,37
7.212,0.016113800551128325,2018,5,3,15,20,39,2018,5,3,22,48,13
4.946,0.027059359897875442,2018,5,3,15,21,18,2018,5,3,18,24,5
5.938,0.013477586533005485,2018,5,3,15,22,22,2018,5,3,22,42,57
3.289,0.023456555331035304,2018,5,3,15,23,20,2018,5,3,17,43,33
2.638,0.02784168865435356,2018,5,3,15,27,21,2018,5,3,17,2,6
5.434,0.027745723768189942,2018,5,3,15,30,31,2018,5,3,18,46,22
0.58,0.03473053892215569,2018,5,3,15,32,53,2018,5,3,15,49,35
12.818,0.023404747413268413,2018,5,3,15,35,45,2018,5,4,0,43,25
0.807,0.034684813753581664,2018,5,3,15,36,10,2018,5,3,15,59,26
4.956,0.022840463937322378,2018,5,3,15,41,0,2018,5,3,19,17,59
2.128,0.023470588235294118,2018,5,3,15,44,39,2018,5,3,17,15,19
3.723,0.020467289719626167,2018,5,3,15,45,3,2018,5,3,18,46,57
11.489,0.02015319397748867,2018,5,3,15,51,11,2018,5,4,1,21,16
4.753,0.008907421289355321,2018,5,3,15,53,3,2018,5,4,0,46,39
2.892,0.03843189368770764,2018,5,3,16,0,20,2018,5,3,17,15,35
4.257,0.03304696597231207,2018,5,3,16,2,46,2018,5,3,18,11,35
2.138,0.004266471546878638,2018,5,3,16,4,19,2018,5,4,0,25,26
7.73,0.04491574665891924,2018,5,3,16,10,24,2018,5,3,19,2,30
14.434,0.04932171535964463,2018,5,3,16,11,50,2018,5,3,21,4,29
22.087,0.06093525841456686,2018,5,3,16,15,0,2018,5,3,22,17,28
8.7,0.021029731689630165,2018,5,3,16,17,32,2018,5,3,23,11,14
7.493,0.03292661491138128,2018,5,3,16,57,58,2018,5,3,20,45,32
4.763,0.02037066077411077,2018,5,3,17,0,18,2018,5,3,20,54,7
14.11,0.02773282667802273,2018,5,3,17,11,34,2018,5,4,1,40,21
12.406,0.02690036500307181,2018,5,3,17,13,40,2018,5,4,0,54,51
2.034,0.02496726677577741,2018,5,3,17,40,4,2018,5,3,19,1,32
5.949,0.018584817244611057,2018,5,3,17,56,4,2018,5,3,23,16,10
7.496,0.020650137741046834,2018,5,3,18,42,12,2018,5,4,0,45,12
1.45,0.047802197802197806,2018,5,3,19,24,51,2018,5,3,19,55,11
10.153,0.029515964920781047,2018,5,3,19,27,40,2018,5,4,1,11,39
6.912,0.035080358653358144,2018,5,3,19,48,40,2018,5,3,23,5,42
6.689,0.04785833532077271,2018,5,3,21,13,3,2018,5,3,23,32,49
10.286,0.03800246305418719,2018,5,3,21,34,37,2018,5,4,2,5,17
12.674,0.08179412713778639,2018,5,3,22,11,13,2018,5,4,0,46,10
4.724,0.05466538090646095,2018,5,3,22,16,2,2018,5,3,23,42,27
12.982,0.08291675537577177,2018,5,3,22,22,31,2018,5,4,0,59,5
0.535,0.037587822014051524,2018,5,3,23,24,50,2018,5,3,23,39,4
3.573,0.10074248120300751,2018,5,3,23,53,25,2018,5,4,0,28,53
6.999,0.05365959621773575,2018,5,4,0,6,17,2018,5,4,2,16,43
0.886,0.09917910447761194,2018,5,4,0,29,16,2018,5,4,0,38,12
15.659,0.05775032269961277,2018,5,4,0,52,20,2018,5,4,5,23,29
13.917,0.05283264789623537,2018,5,4,0,54,28,2018,5,4,5,17,53
0.661,0.09792592592592593,2018,5,4,1,21,31,2018,5,4,1,28,16
12.014,0.10580361074416557,2018,5,4,1,30,2,2018,5,4,3,23,35
3.356,0.06255358807082945,2018,5,4,1,47,3,2018,5,4,2,40,42
10.121,0.0994204322200393,2018,5,4,1,51,45,2018,5,4,3,33,33
2.954,0.10145392100744133,2018,5,4,2,51,36,2018,5,4,3,20,43
10.211,0.0601886236368995,2018,5,4,3,1,32,2018,5,4,5,51,11
7.978,0.08695367847411443,2018,5,4,3,15,26,2018,5,4,4,47,11
6.577,0.051510246704085626,2018,5,4,3,25,0,2018,5,4,5,32,41
6.156,0.054493951017999406,2018,5,4,3,28,42,2018,5,4,5,21,40
13.991,0.023964714950469607,2018,5,4,4,42,15,2018,5,4,14,26,4
4.684,0.10131218457101658,2018,5,4,5,34,21,2018,5,4,6,20,35
14.019,0.01486349419519005,2018,5,4,5,59,11,2018,5,4,21,42,22
11.609,0.05394098970030202,2018,5,4,11,46,40,2018,5,4,15,21,53
2.98,0.11528046421663442,2018,5,4,12,24,39,2018,5,4,12,50,30
1.511,0.11178791615289764,2018,5,4,13,22,36,2018,5,4,13,36,7
4.177,0.05688152519291874,2018,5,4,13,24,20,2018,5,4,14,37,46
2.73,0.04493827160493827,2018,5,4,14,14,19,2018,5,4,15,15,4
9.845,0.01663709336713139,2018,5,4,14,18,41,2018,5,5,0,10,26
21.839,0.04986642310766069,2018,5,4,14,37,36,2018,5,4,21,55,33
14.034,0.02474914028745261,2018,5,4,14,39,5,2018,5,5,0,6,8
4.048,0.026317044100119192,2018,5,4,14,47,33,2018,5,4,17,21,22
14.928,0.09389663486738653,2018,5,4,14,57,21,2018,5,4,17,36,20
3.561,0.04815415821501014,2018,5,4,15,1,50,2018,5,4,16,15,47
8.478,0.04784424379232506,2018,5,4,15,9,15,2018,5,4,18,6,27
8.321,0.08757410980529731,2018,5,4,15,15,18,2018,5,4,16,50,19
6.445,0.02622583926754832,2018,5,4,15,16,52,2018,5,4,19,22,37
13.948,0.02112319846538277,2018,5,4,15,20,4,2018,5,5,2,20,23
9.981,0.03570806749746586,2018,5,4,15,20,28,2018,5,4,19,59,59
3.173,0.04606339220904911,2018,5,4,15,26,1,2018,5,4,16,34,54
5.245,0.0273604590505999,2018,5,4,15,26,36,2018,5,4,18,38,18
13.946,0.024383960834596107,2018,5,4,15,27,21,2018,5,5,0,59,17
16.157,0.03738171441792311,2018,5,4,15,35,6,2018,5,4,22,47,19
8.714,0.029902201887332,2018,5,4,15,39,9,2018,5,4,20,30,34
5.19,0.010846772789020865,2018,5,4,15,40,0,2018,5,4,23,38,29
8.316,0.0433501303214596,2018,5,4,15,42,5,2018,5,4,18,53,55
1.086,0.005510825439783491,2018,5,4,15,48,45,2018,5,4,19,5,49
25.556,0.0761690924444886,2018,5,4,15,51,23,2018,5,4,21,26,54
16.328,0.029016378876284686,2018,5,4,15,52,28,2018,5,5,1,15,11
7.515,0.032876412686839225,2018,5,4,15,57,33,2018,5,4,19,46,8
4.657,0.02849479910259025,2018,5,4,16,5,44,2018,5,4,18,49,10
7.305,0.018357346289160664,2018,5,4,16,8,57,2018,5,4,22,46,53
8.212,0.029463612988100223,2018,5,4,16,14,28,2018,5,4,20,53,11
35.982,0.08492329478404531,2018,5,4,16,17,20,2018,5,4,23,21,2
2.657,0.02538130870880433,2018,5,4,16,19,46,2018,5,4,18,4,27
1.212,0.020484507042253523,2018,5,4,16,19,49,2018,5,4,17,18,59
6.341,0.022045428207208253,2018,5,4,16,25,4,2018,5,4,21,12,42
4.806,0.030517515080960952,2018,5,4,16,31,3,2018,5,4,19,8,32
2.264,0.01601131541725601,2018,5,4,16,42,40,2018,5,4,19,4,4
11.539,0.021736154715559463,2018,5,4,16,55,31,2018,5,5,1,46,23
2.588,0.03245819397993311,2018,5,4,17,17,27,2018,5,4,18,37,11
6.044,0.043048433048433046,2018,5,4,17,28,13,2018,5,4,19,48,37
7.637,0.02109280058921009,2018,5,4,17,35,49,2018,5,4,23,37,53
6.94,0.029798196650923144,2018,5,4,17,54,33,2018,5,4,21,47,27
9.183,0.028640191288075684,2018,5,4,18,23,43,2018,5,4,23,44,21
2.473,0.03516113744075829,2018,5,4,18,51,46,2018,5,4,20,2,6
0.934,0.003781121381823089,2018,5,4,19,4,58,2018,5,4,23,11,59
0.5517219235364658,-0.5807599195120693,2018,5,4,19,8,37,2018,5,4,19,7,40
14.889,0.060759028769638845,2018,5,4,19,23,22,2018,5,4,23,28,25
0.9122968936674426,-0.9122968936674426,2018,5,4,19,23,52,2018,5,4,19,22,52
4.753,0.036854484362884465,2018,5,4,19,49,27,2018,5,4,21,58,25
3.23,0.0445414847161572,2018,5,4,20,37,6,2018,5,4,21,49,37
6.279,0.049227753822030575,2018,5,4,21,0,56,2018,5,4,23,8,29
6.592,0.050442545593674275,2018,5,4,23,9,9,2018,5,5,1,19,50
4.823,0.0677704918032787,2018,5,4,23,17,34,2018,5,5,0,28,44
7.01,0.053052472250252274,2018,5,5,0,3,25,2018,5,5,2,15,33
18.703,0.10094270036880452,2018,5,5,0,38,1,2018,5,5,3,43,18
2.568,0.032026605695281644,2018,5,5,0,48,43,2018,5,5,2,8,54
3.774,0.06035181236673774,2018,5,5,1,0,20,2018,5,5,2,2,52
28.545,0.11043265200851118,2018,5,5,1,17,39,2018,5,5,5,36,8
13.922,0.09181358540338537,2018,5,5,1,42,10,2018,5,5,4,13,48
13.917,0.09339223800469745,2018,5,5,2,2,7,2018,5,5,4,31,8
13.796,0.10636854279105629,2018,5,5,2,31,38,2018,5,5,4,41,20
13.72,0.10703419581328825,2018,5,5,2,33,10,2018,5,5,4,41,21
5.428,0.09372086330935252,2018,5,5,2,47,48,2018,5,5,3,45,43
2.835,0.10302846759539673,2018,5,5,4,2,35,2018,5,5,4,30,6
39.878,0.07378665926542695,2018,5,5,4,6,14,2018,5,5,13,6,41
16.507,0.05628025912035459,2018,5,5,4,20,3,2018,5,5,9,13,21
39.842,0.08659735555153052,2018,5,5,4,21,15,2018,5,5,12,1,20
1.112,0.03704608550805109,2018,5,5,4,55,37,2018,5,5,5,25,38
6.607,0.008154273372415921,2018,5,5,4,56,36,2018,5,5,18,26,51
17.111,0.03919447201649233,2018,5,5,5,49,3,2018,5,5,13,5,37
23.716,0.1097962962962963,2018,5,5,6,1,40,2018,5,5,9,37,40
4.493,0.05420872712648301,2018,5,5,11,40,28,2018,5,5,13,3,21
3.74,0.11620921802175041,2018,5,5,12,7,31,2018,5,5,12,39,42
4.01,0.10424610051993066,2018,5,5,14,0,46,2018,5,5,14,39,14
13.912,0.06839724680432645,2018,5,5,14,38,41,2018,5,5,18,2,5
15.022,0.10653900709219859,2018,5,5,14,46,44,2018,5,5,17,7,44
3.847,0.056380068392769905,2018,5,5,14,52,25,2018,5,5,16,0,39
6.94,0.1113964686998395,2018,5,5,15,3,42,2018,5,5,16,6,0
5.982,0.10843504531722055,2018,5,5,15,10,29,2018,5,5,16,5,39
21.967,0.09322535012024331,2018,5,5,16,9,24,2018,5,5,20,5,2
1.344,0.09894478527607362,2018,5,5,16,21,1,2018,5,5,16,34,36
12.381,0.11383083052405762,2018,5,5,16,41,55,2018,5,5,18,30,41
3.599,0.05316100443131462,2018,5,5,17,3,12,2018,5,5,18,10,54
37.49,0.10966798303349422,2018,5,5,17,51,24,2018,5,5,23,33,15
33.013,0.07769897618954222,2018,5,5,18,18,22,2018,5,6,1,23,15
15.737,0.054431313771833745,2018,5,5,18,20,5,2018,5,5,23,9,12
13.91,0.05627402063245904,2018,5,5,18,49,13,2018,5,5,22,56,24
2.14,0.055416486836426415,2018,5,5,19,50,25,2018,5,5,20,29,2
10.737,0.1089866350871257,2018,5,5,20,11,15,2018,5,5,21,49,46
5.884,0.10859427868348202,2018,5,5,20,16,38,2018,5,5,21,10,49
7.102,0.05528282304099637,2018,5,5,20,34,37,2018,5,5,22,43,5
6.983,0.08745147150907953,2018,5,5,21,1,18,2018,5,5,22,21,9
41.913,0.10714413531592176,2018,5,5,21,43,3,2018,5,6,4,14,14
4.529,0.0565653621981682,2018,5,5,22,1,52,2018,5,5,23,21,56
10.472,0.1033421052631579,2018,5,5,22,38,34,2018,5,6,0,19,54
9.672,0.10924698795180723,2018,5,5,22,43,36,2018,5,6,0,12,8
12.903,0.10162509845103702,2018,5,6,0,56,24,2018,5,6,3,3,22
6.9,0.004371238517579981,2018,5,6,1,20,26,2018,5,7,3,38,56
10.879,0.06018255578093305,2018,5,6,1,59,42,2018,5,6,5,0,28
2.302,0.11120772946859904,2018,5,6,2,6,49,2018,5,6,2,27,31
13.919,0.08374009826531635,2018,5,6,2,17,22,2018,5,6,5,3,35
8.065,0.1139392512361667,2018,5,6,3,17,25,2018,5,6,4,28,12
7.364,0.05440709272257111,2018,5,6,4,24,59,2018,5,6,6,40,20
13.967,0.026309807861358784,2018,5,6,5,38,57,2018,5,6,14,29,49
0.69,0.10507614213197969,2018,5,6,5,47,24,2018,5,6,5,53,58
13.909,0.029118632240055828,2018,5,6,8,49,59,2018,5,6,16,47,39
13.729,0.059257607366376516,2018,5,6,9,14,12,2018,5,6,13,5,53
6.814,0.05935540069686411,2018,5,6,15,45,44,2018,5,6,17,40,32
24.198,0.11094910591471803,2018,5,6,16,13,5,2018,5,6,19,51,11
13.917,0.09310068012041477,2018,5,6,16,24,55,2018,5,6,18,54,24
4.961,0.05186617877679038,2018,5,6,16,41,52,2018,5,6,18,17,31
13.902,0.05803381340012523,2018,5,6,17,4,11,2018,5,6,21,3,44
1.87,0.10747126436781611,2018,5,6,18,59,1,2018,5,6,19,16,25
3.517,0.10933678756476685,2018,5,6,19,44,52,2018,5,6,20,17,2
1.831,0.10898809523809523,2018,5,6,20,24,2,2018,5,6,20,40,50
2.373,0.10885321100917432,2018,5,6,21,7,48,2018,5,6,21,29,36
10.605,0.10091990483743062,2018,5,6,22,5,33,2018,5,6,23,50,38
6.014,0.05412329383530824,2018,5,6,22,47,29,2018,5,7,0,38,36
6.516,0.11097360204371275,2018,5,6,23,49,23,2018,5,7,0,48,6
13.896,0.09929260450160773,2018,5,7,0,18,19,2018,5,7,2,38,16
17.012,0.056631158455392815,2018,5,7,0,42,11,2018,5,7,5,42,35
12.847,0.05948603179503009,2018,5,7,0,43,25,2018,5,7,4,19,23
10.671,0.05821603927986906,2018,5,7,1,6,42,2018,5,7,4,10,0
13.882,0.09521262002743483,2018,5,7,1,15,13,2018,5,7,3,41,1
8.849,0.1120126582278481,2018,5,7,1,29,10,2018,5,7,2,48,10
1.93,0.10812324929971988,2018,5,7,1,34,27,2018,5,7,1,52,18
7.091,0.05731644887511788,2018,5,7,1,55,48,2018,5,7,3,59,31
16.038,0.11413592693630648,2018,5,7,2,8,39,2018,5,7,4,29,10
13.899,0.09694722157637757,2018,5,7,2,11,45,2018,5,7,4,35,7
14.352,0.0193262562560316,2018,5,7,3,27,59,2018,5,7,15,50,36
4.109,0.11150610583446403,2018,5,7,6,27,32,2018,5,7,7,4,23
16.71257915173136,0.031023907836887618,2018,5,7,11,51,16,2018,5,7,20,49,58
15.545343611111113,0.014461008956211208,2018,5,7,11,53,10,2018,5,8,5,48,9
3.768,0.05458232737807822,2018,5,7,13,18,55,2018,5,7,14,27,57
14.15833632019288,0.1455620594947863,2018,5,7,14,13,13,2018,5,7,15,50,29
1.647,0.03494342291371994,2018,5,7,14,13,14,2018,5,7,15,0,22
27.683,0.04348684382772614,2018,5,7,14,38,18,2018,5,8,1,14,53
23.572,0.04904362299743394,2018,5,7,14,47,57,2018,5,7,22,48,35
9.091058841090849,0.017028175021554365,2018,5,7,14,54,36,2018,5,7,23,48,29
2.814,0.05036992840095465,2018,5,7,14,54,44,2018,5,7,15,50,36
9.455,0.17216995447647954,2018,5,7,14,55,41,2018,5,7,15,50,36
12.147,0.030206399204244033,2018,5,7,15,4,7,2018,5,7,21,46,15
17.31,0.03012180974477958,2018,5,7,15,7,33,2018,5,8,0,42,13
13.794,0.02871456822676335,2018,5,7,15,10,45,2018,5,7,23,11,8
5.239268219831859,0.14459801894660146,2018,5,7,15,14,22,2018,5,7,15,50,36
0.865,0.03278584965255844,2018,5,7,15,15,54,2018,5,7,15,42,17
4.898,0.010199562697393538,2018,5,7,15,18,8,2018,5,7,23,18,21
1.761,0.056261980830670924,2018,5,7,15,19,17,2018,5,7,15,50,35
8.413,0.01753743529166522,2018,5,7,15,20,26,2018,5,7,23,20,9
46.331,0.09427408688574627,2018,5,7,15,21,18,2018,5,7,23,32,45
9.486,0.021830316047867445,2018,5,7,15,23,22,2018,5,7,22,37,54
6.85,0.016170279734036275,2018,5,7,15,25,51,2018,5,7,22,29,28
5.372,0.012523604149667793,2018,5,7,15,29,0,2018,5,7,22,37,57
20.437,0.04119255576457942,2018,5,7,15,32,8,2018,5,7,23,48,16
3.579,0.00930093555093555,2018,5,7,15,36,20,2018,5,7,22,1,8
11.887,0.02318735979713255,2018,5,7,15,45,25,2018,5,8,0,18,4
10.27292562725841,2.068374287367465,2018,5,7,15,45,29,2018,5,7,15,50,27
6.408,0.014969630898613924,2018,5,7,15,50,29,2018,5,7,22,58,33
3.87,inf,2018,5,7,20,47,49,2018,5,7,20,47,49
7.642,0.07868886219323838,2018,5,7,20,47,49,2018,5,7,22,24,56
2.536,0.01183663943990665,2018,5,7,20,47,50,2018,5,8,0,22,5
14.295,0.05893225230177271,2018,5,7,20,47,50,2018,5,8,0,50,24
1.585,0.025716603569497024,2018,5,7,20,47,50,2018,5,7,21,49,28
14.967,-898.0200000000001,2018,5,7,20,47,51,2018,5,7,20,47,50
2.42,0.33767441860465114,2018,5,7,20,47,52,2018,5,7,20,55,2
8.984,0.0760926030491248,2018,5,7,20,47,54,2018,5,7,22,45,58
13.932,0.05550597609561753,2018,5,7,20,47,55,2018,5,8,0,58,55
2.628,inf,2018,5,7,20,47,55,2018,5,7,20,47,55
12.484,0.06123610202746893,2018,5,7,20,48,28,2018,5,8,0,12,20
1.016,0.019915060437765437,2018,5,7,20,51,8,2018,5,7,21,42,9
1.539,0.023780582024208085,2018,5,7,20,54,7,2018,5,7,21,58,50
3.065,0.028734375,2018,5,7,20,59,28,2018,5,7,22,46,8
1.376,0.023335217637083096,2018,5,7,21,43,40,2018,5,7,22,42,38
18.754,0.10238762511373978,2018,5,7,23,0,14,2018,5,8,2,3,24
6.399,0.055837696335078534,2018,5,8,0,9,43,2018,5,8,2,4,19
13.968,0.02036547433903577,2018,5,8,0,25,33,2018,5,8,11,51,25
13.919,0.08863723201018893,2018,5,8,0,52,16,2018,5,8,3,29,18
1.895,0.08086770981507824,2018,5,8,0,58,4,2018,5,8,1,21,30
6.161,0.100124593716143,2018,5,8,1,13,8,2018,5,8,2,14,40
7.027,0.05398463508322664,2018,5,8,1,17,7,2018,5,8,3,27,17
0.823,0.09720472440944881,2018,5,8,1,18,50,2018,5,8,1,27,18
11.965,0.11243539545810492,2018,5,8,1,44,55,2018,5,8,3,31,20
13.217,0.11205595591352269,2018,5,8,1,46,42,2018,5,8,3,44,39
10.405,0.055106364198075734,2018,5,8,2,24,6,2018,5,8,5,32,55
12.924,0.11187995960178906,2018,5,8,3,25,28,2018,5,8,5,20,59
22.734,0.10703389830508475,2018,5,8,3,54,23,2018,5,8,7,26,47
6.71,0.054229525862068965,2018,5,8,3,54,59,2018,5,8,5,58,43
16.106,0.056337666880429085,2018,5,8,4,20,11,2018,5,8,9,6,4
11.505,0.08381495871782418,2018,5,8,4,24,28,2018,5,8,6,41,44
15.448,0.08829951414689913,2018,5,8,4,51,6,2018,5,8,7,46,3
8.163,0.11361169102296452,2018,5,8,5,19,35,2018,5,8,6,31,26
13.938,0.02452577863804329,2018,5,8,5,35,38,2018,5,8,15,3,56
9.365,0.05789799072642968,2018,5,8,5,49,4,2018,5,8,8,30,49
6.502,0.05918082524271845,2018,5,8,11,54,27,2018,5,8,13,44,19
11.5,0.053417976310288766,2018,5,8,11,56,6,2018,5,8,15,31,23
3.909,0.056002865329512895,2018,5,8,13,21,20,2018,5,8,14,31,8
14.997,0.0795878294710773,2018,5,8,13,49,49,2018,5,8,16,58,15
13.974,0.04599232035106967,2018,5,8,14,4,48,2018,5,8,19,8,38
11.985135902030931,0.06790445270272483,2018,5,8,14,12,18,2018,5,8,17,8,48
2.697,0.04295726041943191,2018,5,8,14,12,21,2018,5,8,15,15,8
9.628,0.05605822416302766,2018,5,8,14,24,48,2018,5,8,17,16,33
12.557,0.021868052128987316,2018,5,8,14,35,46,2018,5,9,0,9,59
6.706,0.05999105412255853,2018,5,8,14,52,31,2018,5,8,16,44,18
12.123,0.04192150308339577,2018,5,8,14,55,11,2018,5,8,19,44,22
8.214,0.013319280038916815,2018,5,8,15,8,57,2018,5,9,1,25,39
10.534,0.03704155189591514,2018,5,8,15,8,59,2018,5,8,19,53,22
2.421,0.04512581547064305,2018,5,8,15,10,1,2018,5,8,16,3,40
3.859,0.01218182774767191,2018,5,8,15,20,15,2018,5,8,20,37,2
13.986,0.040155038759689926,2018,5,8,15,32,55,2018,5,8,21,21,13
2.069,0.0037363431151241533,2018,5,8,15,34,56,2018,5,9,0,48,41
10.098,0.018460132232412177,2018,5,8,15,36,21,2018,5,9,0,43,22
5.396,0.03606148362664291,2018,5,8,15,40,3,2018,5,8,18,9,41
1.713,0.031929170549860206,2018,5,8,15,41,58,2018,5,8,16,35,37
10.201,0.0433010258224266,2018,5,8,15,42,14,2018,5,8,19,37,49
1.85,0.00834335538184005,2018,5,8,15,43,46,2018,5,8,19,25,30
1.913,0.038272757585861954,2018,5,8,15,45,31,2018,5,8,16,35,30
8.51,0.02645321728318309,2018,5,8,15,46,0,2018,5,8,21,7,42
6.313,0.04811737804878049,2018,5,8,15,52,34,2018,5,8,18,3,46
3.943,0.009851753143999333,2018,5,8,16,3,53,2018,5,8,22,44,7
3.826,0.03352219626168224,2018,5,8,16,9,30,2018,5,8,18,3,38
6.655,0.02322456813819578,2018,5,8,16,12,12,2018,5,8,20,58,45
14.199,0.018799152654574342,2018,5,8,16,13,8,2018,5,9,4,48,26
17.318,0.04379499283486471,2018,5,8,16,14,15,2018,5,8,22,49,41
2.503,0.029183832102603967,2018,5,8,16,16,26,2018,5,8,17,42,12
7.759,0.04823249067550767,2018,5,8,16,16,27,2018,5,8,18,57,19
6.33,0.03917887353001857,2018,5,8,16,21,53,2018,5,8,19,3,27
6.491,0.017450488395017474,2018,5,8,16,32,25,2018,5,8,22,44,23
1.831,0.02536596628954052,2018,5,8,16,41,3,2018,5,8,17,53,14
16.053,0.06806444774220903,2018,5,8,16,41,11,2018,5,8,20,37,2
4.65,0.031107146839112504,2018,5,8,16,55,22,2018,5,8,19,24,51
11.94,0.03308395677472984,2018,5,8,16,59,40,2018,5,8,23,0,34
2.817,0.02137059046655709,2018,5,8,17,2,34,2018,5,8,19,14,23
0.694,0.051344019728729956,2018,5,8,19,28,29,2018,5,8,19,42,0
7.172,0.03844202251206003,2018,5,8,19,44,27,2018,5,8,22,51,1
6.757,0.052926892950391644,2018,5,8,19,53,10,2018,5,8,22,0,50
7.149,0.04381857186638063,2018,5,8,20,2,4,2018,5,8,22,45,13
2.556,0.010028117439351338,2018,5,8,20,6,38,2018,5,9,0,21,31
4.126,0.021249785407725326,2018,5,8,20,46,51,2018,5,9,0,1,1
12.469,0.097224171539961,2018,5,8,22,28,19,2018,5,9,0,36,34
13.892,0.09632728533456604,2018,5,8,22,44,58,2018,5,9,1,9,11
6.794,0.05218794008449622,2018,5,8,22,58,29,2018,5,9,1,8,40
13.672,0.057874982362071406,2018,5,8,23,25,14,2018,5,9,3,21,28
16.549,0.05656166334377671,2018,5,9,0,22,54,2018,5,9,5,15,29
2.494,0.03234760051880675,2018,5,9,0,29,39,2018,5,9,1,46,45
2.918,0.09705099778270511,2018,5,9,0,39,23,2018,5,9,1,9,27
13.114,0.05858387312932768,2018,5,9,1,23,31,2018,5,9,5,7,22
12.037,0.058422585342177646,2018,5,9,1,25,58,2018,5,9,4,52,0
6.791,0.05214486818530843,2018,5,9,1,37,24,2018,5,9,3,47,38
6.562,0.1011353711790393,2018,5,9,1,50,51,2018,5,9,2,55,44
1.986,0.10081218274111675,2018,5,9,2,4,49,2018,5,9,2,24,31
9.014,0.11286310517529216,2018,5,9,3,14,17,2018,5,9,4,34,9
6.575,0.05294591330022816,2018,5,9,3,37,44,2018,5,9,5,41,55
13.914,0.03690879349219682,2018,5,9,6,12,49,2018,5,9,12,29,48
11.613,0.023549411923752872,2018,5,9,11,47,49,2018,5,9,20,0,57
3.075,0.11424148606811145,2018,5,9,12,18,17,2018,5,9,12,45,12
3.509,0.057149837133550485,2018,5,9,13,23,15,2018,5,9,14,24,39
9.892,0.056899626114466494,2018,5,9,13,56,10,2018,5,9,16,50,1
2.59,0.04238952536824877,2018,5,9,14,16,5,2018,5,9,15,17,11
7.081,0.055983660561338786,2018,5,9,14,17,17,2018,5,9,16,23,46
2.231,0.08252774352651047,2018,5,9,14,24,33,2018,5,9,14,51,35
5.888,0.010463215258855586,2018,5,9,14,36,5,2018,5,9,23,58,49
7.02,0.09263250494831757,2018,5,9,14,52,38,2018,5,9,16,8,25
10.165,0.04631331156503911,2018,5,9,15,2,28,2018,5,9,18,41,57
12.818,0.03016946493017417,2018,5,9,15,5,59,2018,5,9,22,10,51
9.715,0.043817184093813424,2018,5,9,15,7,44,2018,5,9,18,49,27
4.632,0.03957283212302435,2018,5,9,15,21,40,2018,5,9,17,18,43
12.527,0.05607848989032306,2018,5,9,15,25,52,2018,5,9,19,9,15
3.085,0.05008116883116883,2018,5,9,15,25,55,2018,5,9,16,27,31
18.489,0.06650320724177208,2018,5,9,15,28,31,2018,5,9,20,6,32
5.857,0.05071727522008948,2018,5,9,15,29,40,2018,5,9,17,25,9
2.035,0.042677385529535136,2018,5,9,15,30,53,2018,5,9,16,18,34
2.409,0.02918231374924288,2018,5,9,15,33,24,2018,5,9,16,55,57
5.258,0.028975018368846438,2018,5,9,15,39,51,2018,5,9,18,41,19
9.439,0.02077168531083807,2018,5,9,15,44,5,2018,5,9,23,18,30
4.663298984468083,0.140531360656999,2018,5,9,15,47,16,2018,5,9,16,20,27
14.034,0.028384008629407403,2018,5,9,15,49,45,2018,5,10,0,4,11
1.714,0.028121410992616898,2018,5,9,15,52,5,2018,5,9,16,53,2
26.328,0.07635730858468677,2018,5,9,15,53,42,2018,5,9,21,38,30
10.567,0.04053317990026851,2018,5,9,15,55,50,2018,5,9,20,16,32
6.706,0.030000000000000002,2018,5,9,15,59,41,2018,5,9,19,43,13
4.156,0.028391210292610724,2018,5,9,16,3,16,2018,5,9,18,29,39
10.286,0.03642351274787536,2018,5,9,16,6,38,2018,5,9,20,49,2
23.972,0.07700198083409177,2018,5,9,16,15,11,2018,5,9,21,26,30
12.027,0.03616961555811739,2018,5,9,16,15,46,2018,5,9,21,48,17
21.302,0.04447181628392484,2018,5,9,16,17,31,2018,5,10,0,16,31
9.481,0.036251593168493496,2018,5,9,16,23,45,2018,5,9,20,45,17
8.742,0.018707468435694416,2018,5,9,16,38,44,2018,5,10,0,26,2
7.471,0.04174520394859378,2018,5,9,16,40,45,2018,5,9,19,39,43
7.631,0.021187413234613605,2018,5,9,16,50,27,2018,5,9,22,50,37
11.267,0.02728747880842819,2018,5,9,16,55,35,2018,5,9,23,48,29
4.021,0.020347474065952602,2018,5,9,19,3,37,2018,5,9,22,21,14
6.807,0.053158922295978135,2018,5,9,19,17,31,2018,5,9,21,25,34
1.498,0.03249457700650759,2018,5,9,19,35,38,2018,5,9,20,21,44
13.041,0.048836599675446256,2018,5,9,19,54,32,2018,5,10,0,21,34
8.538,0.053850520340586565,2018,5,9,20,17,56,2018,5,9,22,56,29
4.457,0.03849431409241399,2018,5,9,20,29,31,2018,5,9,22,25,18
2.999,0.041895227008149016,2018,5,9,20,46,25,2018,5,9,21,58,0
16.548,0.051126673532440776,2018,5,9,20,49,14,2018,5,10,2,12,54
2.999,0.03691076923076923,2018,5,9,20,57,12,2018,5,9,22,18,27
1.135,0.021354656632173095,2018,5,9,21,1,59,2018,5,9,21,55,8
8.6,0.06332065284083936,2018,5,9,22,31,6,2018,5,10,0,46,55
3.382,0.054358424859362445,2018,5,9,23,4,49,2018,5,10,0,7,2
4.15,0.045141406816533725,2018,5,9,23,20,36,2018,5,10,0,52,32
15.69,0.051634488810881965,2018,5,9,23,53,42,2018,5,10,4,57,34
11.55,0.10060975609756098,2018,5,10,0,3,7,2018,5,10,1,57,55
2.411,0.033408775981524245,2018,5,10,0,15,46,2018,5,10,1,27,56
15.46,0.055518314579842,2018,5,10,0,22,45,2018,5,10,5,1,13
8.25,0.10912698412698414,2018,5,10,1,2,35,2018,5,10,2,18,11
9.756,0.057796208530805686,2018,5,10,1,12,42,2018,5,10,4,1,30
1.998,0.03278993435448578,2018,5,10,1,37,52,2018,5,10,2,38,48
7.389,0.05974932614555256,2018,5,10,1,47,53,2018,5,10,3,51,33
8.419,0.1087491926803014,2018,5,10,1,49,54,2018,5,10,3,7,19
5.397,0.0981867798665858,2018,5,10,1,50,33,2018,5,10,2,45,31
4.388,0.005478152309612984,2018,5,10,1,51,46,2018,5,10,15,12,46
10.744,0.09928230401971354,2018,5,10,2,25,7,2018,5,10,4,13,20
16.145,0.052549636541173915,2018,5,10,2,50,58,2018,5,10,7,58,12
4.668,0.10053122756640345,2018,5,10,2,57,21,2018,5,10,3,43,47
3.965,0.051784936874183715,2018,5,10,3,6,28,2018,5,10,4,23,2
2.813,0.060257051053195294,2018,5,10,3,10,20,2018,5,10,3,57,1
2.549,0.030785024154589374,2018,5,10,3,50,49,2018,5,10,5,13,37
6.539,0.051958680969408026,2018,5,10,4,48,59,2018,5,10,6,54,50
41.918,0.11007878151260504,2018,5,10,5,9,32,2018,5,10,11,30,20
11.529,0.020789829591560727,2018,5,10,12,1,24,2018,5,10,21,15,57
14.403,0.055563556870057235,2018,5,10,13,30,30,2018,5,10,17,49,43
9.952,0.0686108238538435,2018,5,10,14,11,58,2018,5,10,16,37,1
6.27,0.011222145989320764,2018,5,10,14,45,56,2018,5,11,0,4,39
7.851,0.050760775862068966,2018,5,10,14,47,32,2018,5,10,17,22,12
9.206,0.01567023177962495,2018,5,10,14,51,59,2018,5,11,0,39,28
17.463,0.03606691680148704,2018,5,10,15,7,12,2018,5,10,23,11,23
3.702,0.0843920972644377,2018,5,10,15,13,32,2018,5,10,15,57,24
8.612,0.09656512801345543,2018,5,10,15,14,28,2018,5,10,16,43,39
6.091,0.03548155339805825,2018,5,10,15,17,19,2018,5,10,18,8,59
6.814,0.05828913601368691,2018,5,10,15,22,3,2018,5,10,17,18,57
1.545,0.039870967741935485,2018,5,10,15,25,55,2018,5,10,16,4,40
4.949,0.033077865656678175,2018,5,10,15,27,50,2018,5,10,17,57,27
2.512,0.022912739434478562,2018,5,10,15,30,35,2018,5,10,17,20,13
5.863,0.04864887290831144,2018,5,10,15,34,20,2018,5,10,17,34,51
9.871,0.03374316317228806,2018,5,10,15,43,28,2018,5,10,20,36,0
5.046,0.05266307183858063,2018,5,10,15,46,25,2018,5,10,17,22,14
3.218,0.02135132146411589,2018,5,10,15,52,45,2018,5,10,18,23,28
14.001,0.028404395604395602,2018,5,10,15,53,18,2018,5,11,0,6,13
15.41,0.03924281651882348,2018,5,10,15,53,19,2018,5,10,22,26,0
13.018,0.0825229793977813,2018,5,10,15,54,36,2018,5,10,18,32,21
2.028,0.02905444126074499,2018,5,10,15,54,46,2018,5,10,17,4,34
11.901,0.03759595640499131,2018,5,10,15,56,5,2018,5,10,21,12,38
4.396,0.022814635412161575,2018,5,10,15,56,47,2018,5,10,19,9,28
9.583,0.04666287940269437,2018,5,10,15,58,12,2018,5,10,19,23,34
11.795,0.07471494932432432,2018,5,10,16,1,40,2018,5,10,18,39,32
11.105,0.03801346417161114,2018,5,10,16,21,41,2018,5,10,21,13,49
9.063,0.025990823057069116,2018,5,10,16,24,59,2018,5,10,22,13,41
29.893,0.06844419004006869,2018,5,10,16,39,26,2018,5,10,23,56,11
1.974,0.020067773636055577,2018,5,10,16,49,3,2018,5,10,18,27,25
6.371,0.04897002305918525,2018,5,10,17,5,25,2018,5,10,19,15,31
14.126,0.045082978723404256,2018,5,10,17,18,51,2018,5,10,22,32,11
15.402,0.06232263285675749,2018,5,10,17,19,9,2018,5,10,21,26,17
11.893,0.05665581579992061,2018,5,10,17,41,19,2018,5,10,21,11,14
9.369,0.033709522667306306,2018,5,10,18,24,56,2018,5,10,23,2,52
2.594,0.007350871392811599,2018,5,10,18,32,43,2018,5,11,0,25,36
6.934,0.03165728199665196,2018,5,10,19,9,42,2018,5,10,22,48,44
4.89,0.03997275204359673,2018,5,10,19,21,40,2018,5,10,21,24,0
2.597,0.018618711913012308,2018,5,10,19,32,51,2018,5,10,21,52,20
4.05,0.04623287671232877,2018,5,10,19,58,29,2018,5,10,21,26,5
1.7232900238941056,3.565427635642977,2018,5,10,20,20,18,2018,5,10,20,20,47
3.172,0.04427076064200977,2018,5,10,22,1,7,2018,5,10,23,12,46
1.516,0.05064587973273942,2018,5,10,22,26,7,2018,5,10,22,56,3
13.918,0.08908470236825261,2018,5,10,22,43,12,2018,5,11,1,19,26
9.953,0.09796259842519685,2018,5,10,22,54,50,2018,5,11,0,36,26
13.916,0.07833380242048972,2018,5,10,23,36,15,2018,5,11,2,33,54
6.386,0.11282685512367491,2018,5,11,0,28,33,2018,5,11,1,25,9
3.323,0.05981998199819982,2018,5,11,0,46,35,2018,5,11,1,42,8
1.25,0.0552689756816507,2018,5,11,0,51,50,2018,5,11,1,14,27
15.692,0.05674883973238503,2018,5,11,1,13,34,2018,5,11,5,50,5
4.958,0.0547542794036444,2018,5,11,1,25,41,2018,5,11,2,56,14
13.9,0.0583829191459573,2018,5,11,1,39,21,2018,5,11,5,37,26
5.972,0.09768811341330426,2018,5,11,1,49,33,2018,5,11,2,50,41
9.004,0.05866435009230101,2018,5,11,2,17,28,2018,5,11,4,50,57
3.357,0.060541027953110914,2018,5,11,2,33,53,2018,5,11,3,29,20
5.012,0.051212534059945504,2018,5,11,3,8,14,2018,5,11,4,46,6
4.259,0.05629874421678784,2018,5,11,3,10,43,2018,5,11,4,26,22
8.468,0.11233252266195003,2018,5,11,3,24,33,2018,5,11,4,39,56
6.703,0.05394768611670021,2018,5,11,3,24,42,2018,5,11,5,28,57
8.802,0.05991151446398185,2018,5,11,3,58,10,2018,5,11,6,25,5
13.947,0.02400309784011703,2018,5,11,5,44,53,2018,5,11,15,25,56
1.768,0.1091358024691358,2018,5,11,6,48,33,2018,5,11,7,4,45
11.477,0.053373120446442414,2018,5,11,11,45,8,2018,5,11,15,20,10
3.735,0.05956937799043062,2018,5,11,12,1,4,2018,5,11,13,3,46
5.266,0.056704953338119174,2018,5,11,13,28,4,2018,5,11,15,0,56
10.158,0.05628220518976822,2018,5,11,13,47,46,2018,5,11,16,48,15
21.976,0.039757575757575755,2018,5,11,14,5,8,2018,5,11,23,17,53
9.215219534050592,0.0751751423579926,2018,5,11,14,11,10,2018,5,11,16,13,45
7.45,0.09822017139090311,2018,5,11,14,37,46,2018,5,11,15,53,37
16.126,0.02542062949923809,2018,5,11,14,42,23,2018,5,12,1,16,45
5.424,0.037780357557464596,2018,5,11,15,2,23,2018,5,11,17,25,57
7.723838112300514,0.06520758220599843,2018,5,11,15,2,28,2018,5,11,17,0,55
27.652,0.09911703208076945,2018,5,11,15,2,29,2018,5,11,19,41,28
6.188,0.03547487101089241,2018,5,11,15,3,3,2018,5,11,17,57,29
9.659,0.016786583246437264,2018,5,11,15,3,9,2018,5,12,0,38,33
31.16,0.06895076525908168,2018,5,11,15,6,19,2018,5,11,22,38,14
17.485,0.03728807535098631,2018,5,11,15,17,1,2018,5,11,23,5,56
10.006,0.0505311000757512,2018,5,11,15,20,45,2018,5,11,18,38,46
11.182,0.0273420816692477,2018,5,11,15,23,6,2018,5,11,22,12,4
6.994,0.04271145038167939,2018,5,11,15,27,41,2018,5,11,18,11,26
2.539,0.025364635364635367,2018,5,11,15,31,33,2018,5,11,17,11,39
5.346143966547792,0.06514391510821842,2018,5,11,15,41,19,2018,5,11,17,3,23
15.09,0.03137214137214137,2018,5,11,15,48,55,2018,5,11,23,49,55
2.052,0.03192118226600985,2018,5,11,15,52,12,2018,5,11,16,56,29
9.325,0.05250563063063063,2018,5,11,15,57,9,2018,5,11,18,54,45
2.17,0.02680115273775216,2018,5,11,15,57,48,2018,5,11,17,18,46
1.344,0.02210526315789474,2018,5,11,16,3,57,2018,5,11,17,4,45
7.876,0.01452198764635383,2018,5,11,16,17,15,2018,5,12,1,19,36
6.891,0.027273087071240106,2018,5,11,16,26,2,2018,5,11,20,38,42
2.005,0.03652094717668488,2018,5,11,16,26,9,2018,5,11,17,21,3
5.837,0.021374427830332624,2018,5,11,16,32,44,2018,5,11,21,5,49
2.619,0.024257486878666256,2018,5,11,16,33,46,2018,5,11,18,21,44
2.268,0.020618181818181817,2018,5,11,16,37,42,2018,5,11,18,27,42
1.361,0.0026040371185305656,2018,5,11,16,40,29,2018,5,12,1,23,8
4.269,0.01989591424576666,2018,5,11,16,50,5,2018,5,11,20,24,39
13.033,0.05013335042954225,2018,5,11,17,0,19,2018,5,11,21,20,17
12.322,0.03255052172764496,2018,5,11,17,1,25,2018,5,11,23,19,58
13.95,0.03213792044232837,2018,5,11,17,1,59,2018,5,12,0,16,3
0.9,0.0288,2018,5,11,17,7,39,2018,5,11,17,38,54
7.465,0.041875467464472696,2018,5,11,17,9,18,2018,5,11,20,7,34
5.29,0.016173248407643313,2018,5,11,17,38,12,2018,5,11,23,5,17
17.185,0.05793998651382332,2018,5,11,17,50,16,2018,5,11,22,46,52
2.518,0.008676276345259288,2018,5,11,19,38,10,2018,5,12,0,28,23
5.512,0.03601829666739272,2018,5,11,19,52,46,2018,5,11,22,25,48
0.93,0.021848081440877055,2018,5,11,20,46,13,2018,5,11,21,28,47
3.964,0.029670658682634733,2018,5,11,20,52,19,2018,5,11,23,5,55
4.133,0.049865272471345264,2018,5,11,22,48,32,2018,5,12,0,11,25
0.728,0.035454545454545454,2018,5,11,23,7,26,2018,5,11,23,27,58
4.368,0.07483723586521988,2018,5,11,23,16,44,2018,5,12,0,15,6
2.944,0.09248167539267016,2018,5,11,23,36,24,2018,5,12,0,8,14
40.024,0.09394570064940146,2018,5,12,1,24,16,2018,5,12,8,30,18
14.253,0.012925155673780303,2018,5,12,1,36,19,2018,5,12,19,59,3
10.721,0.05372588323728389,2018,5,12,1,43,47,2018,5,12,5,3,20
11.674,0.05615199615199615,2018,5,12,2,8,26,2018,5,12,5,36,20
6.176,0.043549183217769426,2018,5,12,2,19,52,2018,5,12,4,41,41
2.608,0.04701923076923077,2018,5,12,2,22,9,2018,5,12,3,17,37
12.954,0.11181700474751835,2018,5,12,2,28,0,2018,5,12,4,23,51
41.997,0.11261765363128491,2018,5,12,4,5,45,2018,5,12,10,18,40
6.51,0.004143857415658816,2018,5,12,4,9,25,2018,5,13,6,20,25
13.354,0.05768051256209056,2018,5,12,6,5,52,2018,5,12,9,57,23
5.999,0.0552224608775698,2018,5,12,6,23,0,2018,5,12,8,11,38
12.533,0.059220349661364,2018,5,12,9,18,29,2018,5,12,12,50,7
4.671,0.055398300059300264,2018,5,12,11,39,58,2018,5,12,13,4,17
14.046,0.01882421264239446,2018,5,12,13,59,54,2018,5,13,2,26,4
2.346,0.03319811320754717,2018,5,12,14,38,5,2018,5,12,15,48,45
10.927,0.08669928590320021,2018,5,12,15,31,33,2018,5,12,17,37,35
4.03,0.0521795425118688,2018,5,12,15,40,2,2018,5,12,16,57,16
1.855,0.07876857749469214,2018,5,12,15,58,58,2018,5,12,16,22,31
4.166,0.047793499043977054,2018,5,12,16,3,33,2018,5,12,17,30,43
3.665,0.04776281494352737,2018,5,12,16,41,47,2018,5,12,17,58,31
13.91,0.0683426138224697,2018,5,12,16,42,47,2018,5,12,20,6,19
13.96,0.03519771399756272,2018,5,12,16,52,39,2018,5,12,23,29,16
4.026,0.09421216848673947,2018,5,12,17,3,27,2018,5,12,17,46,11
12.868,0.10474562474562475,2018,5,12,17,28,12,2018,5,12,19,31,3
42.01736611111111,0.027769366819041325,2018,5,12,18,56,34,2018,5,13,20,9,39
12.57,0.05948887837198296,2018,5,12,19,13,6,2018,5,12,22,44,24
13.909,0.05071649954421149,2018,5,12,19,32,41,2018,5,13,0,6,56
2.662,0.10500986193293885,2018,5,12,19,47,14,2018,5,12,20,12,35
13.908,0.05695720428639683,2018,5,12,20,12,40,2018,5,13,0,16,51
11.039,0.11037160473254458,2018,5,12,22,0,30,2018,5,12,23,40,31
3.066,0.11169398907103825,2018,5,12,22,2,20,2018,5,12,22,29,47
13.531,0.057903145282076886,2018,5,12,22,16,16,2018,5,13,2,9,57
7.253,0.10970002520796573,2018,5,12,22,28,5,2018,5,12,23,34,12
13.901,0.09436135309424143,2018,5,12,22,53,38,2018,5,13,1,20,57
31.363,0.11000058455602969,2018,5,12,23,2,2,2018,5,13,3,47,9
13.021,0.10084677939847683,2018,5,12,23,28,22,2018,5,13,1,37,29
13.92,0.05114513165952235,2018,5,12,23,29,18,2018,5,13,4,1,28
0.627,0.10085790884718498,2018,5,12,23,30,1,2018,5,12,23,36,14
39.85,0.06489875685359102,2018,5,12,23,38,14,2018,5,13,9,52,16
0.68,0.1035532994923858,2018,5,12,23,43,49,2018,5,12,23,50,23
13.902,0.08518382352941177,2018,5,12,23,45,5,2018,5,13,2,28,17
2.333,0.10884914463452566,2018,5,13,0,31,52,2018,5,13,0,53,18
3.657,0.053296089385474865,2018,5,13,0,41,26,2018,5,13,1,50,3
13.436,0.04713007892429114,2018,5,13,0,44,2,2018,5,13,5,29,7
0.995,0.09851485148514852,2018,5,13,1,20,2,2018,5,13,1,30,8
7.473,0.10819980694980695,2018,5,13,1,56,52,2018,5,13,3,5,56
1.188,0.10513274336283185,2018,5,13,2,29,41,2018,5,13,2,40,59
13.299,0.05985148514851485,2018,5,13,2,55,38,2018,5,13,6,37,50
13.525,0.1056640625,2018,5,13,3,52,46,2018,5,13,6,0,46
23.794,0.10709174105468457,2018,5,13,7,2,28,2018,5,13,10,44,39
4.263,0.05572549019607843,2018,5,13,7,20,31,2018,5,13,8,37,1
13.94,0.016478839940105603,2018,5,13,8,45,42,2018,5,13,22,51,38
7.404,0.05877745435300344,2018,5,13,10,30,48,2018,5,13,12,36,46
29.166,0.11519715621091435,2018,5,13,16,14,11,2018,5,13,20,27,22
7.017,0.10581050515204826,2018,5,13,17,16,46,2018,5,13,18,23,5
4.441,0.05533956386292835,2018,5,13,19,25,12,2018,5,13,20,45,27
11.403,0.05856201318154584,2018,5,13,20,23,31,2018,5,13,23,38,14
13.913,0.05257794293632298,2018,5,13,20,24,7,2018,5,14,0,48,44
14.561,0.11863932645301467,2018,5,13,20,25,41,2018,5,13,22,28,25
11.246,0.05898251748251749,2018,5,13,20,34,27,2018,5,13,23,45,7
6.249,0.05124231242312423,2018,5,13,21,6,52,2018,5,13,23,8,49
10.453,0.11225702523715769,2018,5,13,21,15,4,2018,5,13,22,48,11
2.546,0.032412476129853596,2018,5,13,21,20,0,2018,5,13,22,38,33
10.065,0.11328081035453011,2018,5,13,22,4,58,2018,5,13,23,33,49
12.863,0.05594230211655552,2018,5,13,23,27,33,2018,5,14,3,17,29
10.757,0.0589855602266496,2018,5,13,23,33,11,2018,5,14,2,35,33
3.946,0.04869600987248046,2018,5,13,23,52,54,2018,5,14,1,13,56
4.689,0.1147858017135863,2018,5,14,0,3,20,2018,5,14,0,44,11
13.925,0.016504681758919046,2018,5,14,1,41,27,2018,5,14,15,45,9
3.076,0.0538389731621937,2018,5,14,2,5,17,2018,5,14,3,2,25
15.93,0.059248698239523924,2018,5,14,2,21,7,2018,5,14,6,49,59
9.94,0.11252830188679246,2018,5,14,2,48,54,2018,5,14,4,17,14
0.538,0.09196581196581198,2018,5,14,3,6,18,2018,5,14,3,12,9
10.226,0.10394036930374385,2018,5,14,3,37,27,2018,5,14,5,15,50
12.65,0.05930150793030706,2018,5,14,7,15,25,2018,5,14,10,48,44
11.633,0.05274939540507859,2018,5,14,11,45,42,2018,5,14,15,26,14
2.554,0.11088277858176554,2018,5,14,12,36,48,2018,5,14,12,59,50
3.655,0.056564353881867424,2018,5,14,13,33,22,2018,5,14,14,37,59
21.578,0.038159632162225884,2018,5,14,13,39,11,2018,5,14,23,4,39
11.795,0.02854319593450028,2018,5,14,13,50,26,2018,5,14,20,43,40
7.919,0.014504548507234873,2018,5,14,14,10,48,2018,5,14,23,16,46
6.694,0.06038791159224177,2018,5,14,14,14,3,2018,5,14,16,4,54
2.832,0.04617391304347826,2018,5,14,14,51,44,2018,5,14,15,53,4
2.342,0.11003915426781519,2018,5,14,14,54,27,2018,5,14,15,15,44
7.183,0.05657390391178787,2018,5,14,14,57,20,2018,5,14,17,4,18
9.9,0.035277348853783114,2018,5,14,14,58,30,2018,5,14,19,39,8
8.303,0.030786058583611425,2018,5,14,15,6,4,2018,5,14,19,35,46
6.243,0.04388752196836555,2018,5,14,15,6,21,2018,5,14,17,28,36
36.19,0.07565853658536585,2018,5,14,15,6,39,2018,5,14,23,4,59
11.847,0.056155790804234475,2018,5,14,15,10,45,2018,5,14,18,41,43
23.343,0.051727729354409814,2018,5,14,15,13,52,2018,5,14,22,45,8
3.21,0.036101218369259606,2018,5,14,15,17,53,2018,5,14,16,46,48
7.928988948622949,0.04534305536764934,2018,5,14,15,17,54,2018,5,14,18,12,46
9.193,0.07117161290322581,2018,5,14,15,28,42,2018,5,14,17,37,52
6.826757765830092,0.040442877759656944,2018,5,14,15,30,17,2018,5,14,18,19,5
2.955,0.02717241379310345,2018,5,14,15,30,42,2018,5,14,17,19,27
3.3960692950965163,0.00938745774006224,2018,5,14,15,36,43,2018,5,14,21,38,29
9.702,0.02224039122793612,2018,5,14,15,43,29,2018,5,14,22,59,43
2.9518727598569243,0.030249763551053025,2018,5,14,15,49,55,2018,5,14,17,27,30
5.683,0.024353974716091707,2018,5,14,15,57,44,2018,5,14,19,51,5
1.122,0.01523766410140335,2018,5,14,15,58,23,2018,5,14,17,12,1
13.94,0.02593086343202604,2018,5,14,15,59,58,2018,5,15,0,57,33
30.378,0.06331608017507903,2018,5,14,16,2,25,2018,5,15,0,2,12
13.885,0.027017999027079617,2018,5,14,16,2,42,2018,5,15,0,36,37
2.357,0.021047774966512875,2018,5,14,16,2,50,2018,5,14,17,54,49
4.751,0.013623590135729306,2018,5,14,16,10,17,2018,5,14,21,59,1
9.32,0.0357088122605364,2018,5,14,16,12,54,2018,5,14,20,33,54
4.84,0.03165812711217704,2018,5,14,16,22,28,2018,5,14,18,55,21
1.884,0.02226073257187869,2018,5,14,16,24,43,2018,5,14,17,49,21
5.367,0.02538588884509263,2018,5,14,16,41,0,2018,5,14,20,12,25
3.017,0.03255755395683453,2018,5,14,16,44,9,2018,5,14,18,16,49
12.619,0.035138998468464286,2018,5,14,16,45,3,2018,5,14,22,44,10
4.829,0.019991720140757605,2018,5,14,16,52,17,2018,5,14,20,53,50
13.479,0.03066312796208531,2018,5,14,17,4,10,2018,5,15,0,23,45
10.768,0.026062121823315854,2018,5,14,17,6,22,2018,5,14,23,59,32
0.585,0.014564315352697095,2018,5,14,17,13,12,2018,5,14,17,53,22
5.328,0.01959183673469388,2018,5,14,17,56,52,2018,5,14,22,28,49
11.287,0.049020629750271445,2018,5,14,18,26,53,2018,5,14,22,17,8
1.475,0.0151463289406127,2018,5,14,18,47,42,2018,5,14,20,25,5
13.956,0.0818853901818893,2018,5,14,20,56,6,2018,5,14,23,46,32
3.212,0.08036697247706422,2018,5,14,21,52,49,2018,5,14,22,32,47
9.581,0.0572284718765555,2018,5,14,22,23,11,2018,5,15,1,10,36
11.179,0.10273242456731506,2018,5,14,22,37,52,2018,5,15,0,26,41
12.977,0.09940252776713902,2018,5,14,22,54,8,2018,5,15,1,4,41
6.939,0.05092221135029354,2018,5,14,23,23,1,2018,5,15,1,39,17
16.806,0.0545029998378466,2018,5,14,23,55,22,2018,5,15,5,3,43
0.915,0.05268714011516315,2018,5,14,23,58,10,2018,5,15,0,15,32
3.076,0.09503604531410917,2018,5,15,0,6,39,2018,5,15,0,39,1
15.427,0.05719705864178459,2018,5,15,0,13,57,2018,5,15,4,43,40
5.702,0.055801663676398626,2018,5,15,0,20,30,2018,5,15,2,2,41
7.705,0.08182300884955752,2018,5,15,0,21,16,2018,5,15,1,55,26
8.567,0.10844303797468355,2018,5,15,0,39,27,2018,5,15,1,58,27
11.572,0.058287441235728675,2018,5,15,1,4,11,2018,5,15,4,22,43
1.335,0.10322164948453608,2018,5,15,1,15,40,2018,5,15,1,28,36
10.12,0.11027969487831456,2018,5,15,1,21,28,2018,5,15,2,53,14
13.955,0.013713415333213227,2018,5,15,1,33,44,2018,5,15,18,31,21
12.112,0.10946226841391775,2018,5,15,1,45,42,2018,5,15,3,36,21
13.38,0.11089929548280149,2018,5,15,2,43,19,2018,5,15,4,43,58
7.326,0.054603726708074535,2018,5,15,3,21,23,2018,5,15,5,35,33
6.612,0.05363980530016225,2018,5,15,4,54,18,2018,5,15,6,57,34
11.06,0.03447272727272727,2018,5,15,8,21,22,2018,5,15,13,42,12
24.878,0.08974207899957916,2018,5,15,11,32,36,2018,5,15,16,9,49
11.653,0.05072402785838654,2018,5,15,11,52,57,2018,5,15,15,42,41
10.448,0.05671582375825568,2018,5,15,13,30,11,2018,5,15,16,34,24
8.299,0.03260049757758282,2018,5,15,13,56,8,2018,5,15,18,10,42
3.735,0.04959061739322859,2018,5,15,14,17,11,2018,5,15,15,32,30
5.999,0.11112689101574559,2018,5,15,14,37,27,2018,5,15,15,31,26
2.69,0.04055276381909548,2018,5,15,14,43,47,2018,5,15,15,50,7
10.996,0.050688383527965584,2018,5,15,14,59,12,2018,5,15,18,36,8
2.55,0.028889728096676736,2018,5,15,15,2,41,2018,5,15,16,30,57
8.032,0.04286019210245464,2018,5,15,15,4,24,2018,5,15,18,11,48
13.043,0.09302032568643764,2018,5,15,15,18,35,2018,5,15,17,38,48
13.849,0.024868763654864873,2018,5,15,15,20,14,2018,5,16,0,37,7
1.222,0.060197044334975365,2018,5,15,15,22,10,2018,5,15,15,42,28
6.35,0.036936500242365486,2018,5,15,15,22,25,2018,5,15,18,14,20
2.378,0.004907983901482577,2018,5,15,15,29,24,2018,5,15,23,33,55
1.518,0.031406896551724135,2018,5,15,15,33,58,2018,5,15,16,22,18
4.972,0.027932584269662924,2018,5,15,15,34,13,2018,5,15,18,32,13
6.496,0.027338149680858525,2018,5,15,15,43,8,2018,5,15,19,40,45
5.497,0.06136186046511628,2018,5,15,15,47,48,2018,5,15,17,17,23
10.04,0.08492880304525588,2018,5,15,15,50,29,2018,5,15,17,48,42
33.475,0.08647636269697752,2018,5,15,16,2,25,2018,5,15,22,29,31
8.987,0.051733665931113886,2018,5,15,16,3,17,2018,5,15,18,57,0
1.315,0.021669870914583906,2018,5,15,16,9,51,2018,5,15,17,10,32
3.477,0.020876613629540675,2018,5,15,16,10,29,2018,5,15,18,57,2
1.955,0.019677906391545045,2018,5,15,16,16,41,2018,5,15,17,56,2
7.303,0.04463481715391667,2018,5,15,16,19,23,2018,5,15,19,3,0
1.98,0.02052522460262612,2018,5,15,16,21,12,2018,5,15,17,57,40
1.494,0.019512407488027864,2018,5,15,16,23,51,2018,5,15,17,40,25
4.514,0.02332213898217515,2018,5,15,16,24,3,2018,5,15,19,37,36
13.029,0.023077876837692624,2018,5,15,16,31,16,2018,5,16,1,55,50
7.931,0.04001513622603431,2018,5,15,16,47,50,2018,5,15,20,6,2
7.46,0.020110527025205552,2018,5,15,16,51,18,2018,5,15,23,2,15
16.715,0.07698625930759193,2018,5,15,17,19,5,2018,5,15,20,56,12
3.738,0.02027114967462039,2018,5,15,17,27,42,2018,5,15,20,32,6
6.839,0.03169627684226788,2018,5,15,17,31,38,2018,5,15,21,7,24
3.452,0.051689543299226356,2018,5,15,17,48,15,2018,5,15,18,55,2
0.64,0.031244914564686737,2018,5,15,17,51,57,2018,5,15,18,12,26
37.44,0.08591753996787271,2018,5,15,18,38,15,2018,5,16,1,54,1
1.738,0.036058091286307055,2018,5,15,19,22,22,2018,5,15,20,10,34
6.882,0.028730865571945447,2018,5,15,19,25,50,2018,5,15,23,25,22
14.903,0.10139244812337,2018,5,15,19,43,42,2018,5,15,22,10,41
3.258,0.06861354861354861,2018,5,15,19,54,40,2018,5,15,20,42,9
13.592,0.04600959097320169,2018,5,15,19,57,7,2018,5,16,0,52,32
7.562,0.03892921492921493,2018,5,15,20,5,15,2018,5,15,23,19,30
6.174,0.037846342460155294,2018,5,15,20,10,19,2018,5,15,22,53,27
2.527,0.009818040536165253,2018,5,15,20,17,12,2018,5,16,0,34,35
5.421,0.05370871862615588,2018,5,15,21,1,22,2018,5,15,22,42,18
9.01,0.0707499018453082,2018,5,15,22,41,19,2018,5,16,0,48,40
6.906,0.04578057673185283,2018,5,15,23,21,46,2018,5,16,1,52,37
2.729,0.057553602811950794,2018,5,15,23,48,21,2018,5,16,0,35,46
16.054,0.05866617942627444,2018,5,16,0,3,7,2018,5,16,4,36,46
4.541,0.09741151233464426,2018,5,16,0,12,53,2018,5,16,0,59,30
14.503,0.05688566385565798,2018,5,16,0,34,41,2018,5,16,4,49,38
13.915,0.02070222420590642,2018,5,16,1,1,21,2018,5,16,12,13,30
13.91,0.07243534108661691,2018,5,16,1,8,59,2018,5,16,4,21,1
6.646,0.052489140450177704,2018,5,16,1,17,11,2018,5,16,3,23,48
7.513,0.05476612805248451,2018,5,16,1,42,19,2018,5,16,3,59,30
11.02,0.058752443575617555,2018,5,16,2,0,35,2018,5,16,5,8,9
1.886,0.11007782101167315,2018,5,16,2,50,31,2018,5,16,3,7,39
7.611,0.11102844638949672,2018,5,16,3,25,14,2018,5,16,4,33,47
6.703,0.05354546664891493,2018,5,16,3,28,7,2018,5,16,5,33,18
19.775,0.11396599750264141,2018,5,16,4,4,20,2018,5,16,6,57,51
13.223,0.10901071723000826,2018,5,16,4,46,56,2018,5,16,6,48,14
3.057,0.11385474860335194,2018,5,16,5,29,4,2018,5,16,5,55,55
9.856,0.05758691206543967,2018,5,16,8,55,21,2018,5,16,11,46,30
11.589,0.05399860215888794,2018,5,16,11,49,47,2018,5,16,15,24,24
3.385,0.11403705783267826,2018,5,16,12,54,55,2018,5,16,13,24,36
4.168,0.054531181857828175,2018,5,16,13,8,8,2018,5,16,14,24,34
5.799,0.043492499999999996,2018,5,16,13,53,57,2018,5,16,16,7,17
41.651,0.07088526450148915,2018,5,16,14,13,1,2018,5,17,0,0,36
2.701,0.043529411764705886,2018,5,16,14,14,13,2018,5,16,15,16,16
8.717,0.05672668112798265,2018,5,16,14,17,29,2018,5,16,16,51,9
6.111,0.10536206896551724,2018,5,16,14,39,41,2018,5,16,15,37,41
5.518,0.06808143121529919,2018,5,16,14,57,51,2018,5,16,16,18,54
12.634,0.09946726151423697,2018,5,16,15,1,26,2018,5,16,17,8,27
5.479,0.04586216517857143,2018,5,16,15,6,45,2018,5,16,17,6,13
9.767,0.0292046247383634,2018,5,16,15,16,55,2018,5,16,20,51,21
7.272,0.09003714403631861,2018,5,16,15,21,57,2018,5,16,16,42,43
5.152,0.032927141031103536,2018,5,16,15,25,30,2018,5,16,18,1,58
5.187,0.027957240388070428,2018,5,16,15,26,53,2018,5,16,18,32,25
3.166,0.026299321611518756,2018,5,16,15,27,17,2018,5,16,17,27,40
4.442,0.05132293471981514,2018,5,16,15,28,49,2018,5,16,16,55,22
2.874,0.055039897861474625,2018,5,16,15,28,54,2018,5,16,16,21,7
2.892,0.043347489382962776,2018,5,16,15,30,1,2018,5,16,16,36,44
6.601,0.030640569395017792,2018,5,16,15,34,27,2018,5,16,19,9,53
5.995,0.07836601307189543,2018,5,16,15,37,28,2018,5,16,16,53,58
18.022,0.036217845659163986,2018,5,16,15,38,43,2018,5,16,23,56,19
8.37,0.017268413451619558,2018,5,16,15,39,6,2018,5,16,23,43,48
1.966,0.02784702549575071,2018,5,16,15,39,29,2018,5,16,16,50,5
7.249,0.05179707038227939,2018,5,16,15,40,35,2018,5,16,18,0,32
2.275,0.04319620253164557,2018,5,16,15,51,34,2018,5,16,16,44,14
7.337,0.029491525423728814,2018,5,16,15,55,31,2018,5,16,20,4,18
13.734,0.02872821084925394,2018,5,16,16,0,26,2018,5,16,23,58,30
16.36,0.033588831097727895,2018,5,16,16,1,28,2018,5,17,0,8,32
3.813,0.02040128410914928,2018,5,16,16,2,56,2018,5,16,19,9,50
4.051,0.02001317414573899,2018,5,16,16,5,47,2018,5,16,19,28,12
6.676,0.021748289716581607,2018,5,16,16,16,31,2018,5,16,21,23,29
2.667,0.019789760079149142,2018,5,16,16,26,5,2018,5,16,18,40,51
10.286,0.031254937708903065,2018,5,16,16,26,25,2018,5,16,21,55,31
1.99,0.03393973848777715,2018,5,16,16,26,36,2018,5,16,17,25,14
2.772,0.028247282608695648,2018,5,16,16,26,36,2018,5,16,18,4,44
12.815,0.02229600417560749,2018,5,16,16,36,29,2018,5,17,2,11,15
4.677,0.04900803353126091,2018,5,16,17,6,4,2018,5,16,18,41,30
5.183,0.02069612671369626,2018,5,16,17,6,44,2018,5,16,21,17,10
16.0,0.06920914137408983,2018,5,16,17,8,25,2018,5,16,20,59,36
17.098,0.07284010224368077,2018,5,16,17,19,22,2018,5,16,21,14,6
2.654,0.0305232892466935,2018,5,16,17,36,25,2018,5,16,19,3,22
11.865,0.03457335729202079,2018,5,16,17,38,38,2018,5,16,23,21,49
21.309,0.037452106157361297,2018,5,16,17,49,19,2018,5,17,3,18,17
6.178,0.02129732835392129,2018,5,16,18,24,8,2018,5,16,23,14,13
0.561,0.01991715976331361,2018,5,16,19,4,19,2018,5,16,19,32,29
2.116,0.05026128266033254,2018,5,16,19,31,40,2018,5,16,20,13,46
0.985,0.044637462235649544,2018,5,16,20,15,21,2018,5,16,20,37,25
2.541,0.00833843797856049,2018,5,16,20,52,2,2018,5,17,1,56,46
6.351,0.05287359511585958,2018,5,16,21,28,39,2018,5,16,23,28,46
4.869,0.04170449678800856,2018,5,16,21,41,41,2018,5,16,23,38,26
4.394,0.05457255226661147,2018,5,16,21,45,20,2018,5,16,23,5,51
3.649,0.04844877185217969,2018,5,16,22,59,10,2018,5,17,0,14,29
13.08,0.09025876940770558,2018,5,16,23,4,43,2018,5,17,1,29,38
2.773,0.0912171052631579,2018,5,16,23,10,49,2018,5,16,23,41,13
1.471,0.05761096605744125,2018,5,16,23,55,28,2018,5,17,0,21,0
13.616,0.07323054858372176,2018,5,17,0,10,39,2018,5,17,3,16,35
5.236,0.06717126363053239,2018,5,17,0,11,25,2018,5,17,1,29,22
3.86,0.08822857142857142,2018,5,17,0,16,31,2018,5,17,1,0,16
16.103,0.05689100865571454,2018,5,17,0,19,54,2018,5,17,5,2,57
15.536,0.05593183727349094,2018,5,17,0,25,43,2018,5,17,5,3,29
16.758,0.056851747144634174,2018,5,17,0,31,4,2018,5,17,5,25,50
5.963,0.04985785953177258,2018,5,17,0,51,19,2018,5,17,2,50,55
15.947,0.04705749274578272,2018,5,17,1,11,15,2018,5,17,6,50,8
2.461,0.10502133712660028,2018,5,17,1,21,42,2018,5,17,1,45,8
15.232,0.07426621160409556,2018,5,17,1,42,31,2018,5,17,5,7,37
11.634,0.09770996640537515,2018,5,17,2,12,1,2018,5,17,4,11,5
10.419,0.09830791004874981,2018,5,17,2,27,13,2018,5,17,4,13,12
13.103,0.10451741558096252,2018,5,17,2,32,21,2018,5,17,4,37,43
4.516,0.05034559643255295,2018,5,17,3,5,35,2018,5,17,4,35,17
6.534,0.048274842999630585,2018,5,17,4,27,41,2018,5,17,6,43,2
10.173,0.052560061999483335,2018,5,17,4,47,32,2018,5,17,8,1,5
13.941,0.03302250296091591,2018,5,17,8,10,35,2018,5,17,15,12,45
11.603,0.049741354672763645,2018,5,17,11,46,40,2018,5,17,15,39,56
10.051,0.0370475488389237,2018,5,17,13,57,22,2018,5,17,18,28,40
8.191,0.0320023442078531,2018,5,17,13,59,59,2018,5,17,18,15,56
13.97,0.07222748815165878,2018,5,17,14,6,23,2018,5,17,17,19,48
3.524,0.04358688930117502,2018,5,17,14,11,54,2018,5,17,15,32,45
15.174,0.04523925465838509,2018,5,17,14,13,44,2018,5,17,19,49,9
16.302,0.041970392619609526,2018,5,17,14,15,14,2018,5,17,20,43,39
8.578,0.03526171553850369,2018,5,17,14,52,27,2018,5,17,18,55,43
10.349,0.04573806717737183,2018,5,17,14,52,34,2018,5,17,18,38,50
6.842,0.03851393188854489,2018,5,17,15,0,37,2018,5,17,17,58,16
2.639,0.043764510779436154,2018,5,17,15,9,23,2018,5,17,16,9,41
3.439,0.08217443249701314,2018,5,17,15,10,52,2018,5,17,15,52,43
6.487,0.03283725639078714,2018,5,17,15,18,1,2018,5,17,18,35,34
6.964,0.0690873015873016,2018,5,17,15,21,9,2018,5,17,17,1,57
4.741,0.03227365554799183,2018,5,17,15,29,56,2018,5,17,17,56,50
7.136,0.036834136269786655,2018,5,17,15,31,46,2018,5,17,18,45,30
4.693,0.038195876288659794,2018,5,17,15,33,7,2018,5,17,17,35,59
11.443,0.021348880597014924,2018,5,17,15,34,44,2018,5,18,0,30,44
16.938,0.025305776892430274,2018,5,17,15,36,7,2018,5,18,2,45,27
17.085,0.034212195040550016,2018,5,17,15,39,31,2018,5,17,23,58,54
2.552,0.0072171945701357465,2018,5,17,15,41,39,2018,5,17,21,35,15
5.892,0.042060678167757284,2018,5,17,15,51,54,2018,5,17,18,11,59
12.531,0.023513259944958724,2018,5,17,15,51,55,2018,5,18,0,44,51
4.836,0.041960954446854666,2018,5,17,15,52,5,2018,5,17,17,47,20
7.321,0.02983697867137617,2018,5,17,15,56,17,2018,5,17,20,1,39
21.055,0.04355756301072303,2018,5,17,16,1,32,2018,5,18,0,4,55
3.18,0.03422421524663677,2018,5,17,16,3,22,2018,5,17,17,36,17
2.801,0.028231143961028052,2018,5,17,16,6,4,2018,5,17,17,45,17
11.298,0.03412433929020891,2018,5,17,16,11,39,2018,5,17,21,42,44
5.67,0.03608017817371938,2018,5,17,16,22,54,2018,5,17,19,0,3
8.358,0.020769517498446882,2018,5,17,16,23,16,2018,5,17,23,5,41
8.835,0.029799314182922032,2018,5,17,16,28,8,2018,5,17,21,24,37
7.705,0.032108626198083065,2018,5,17,16,34,41,2018,5,17,20,34,39
2.31,0.02809649300628421,2018,5,17,16,49,18,2018,5,17,18,11,31
2.025,0.024645030425963485,2018,5,17,16,50,11,2018,5,17,18,12,21
1.326,0.028093220338983052,2018,5,17,16,59,59,2018,5,17,17,47,11
4.799,0.037038847440185235,2018,5,17,17,2,47,2018,5,17,19,12,21
14.478,0.02902081314936692,2018,5,17,17,18,36,2018,5,18,1,37,29
7.662,0.02696146853556976,2018,5,17,17,20,4,2018,5,17,22,4,15
13.994,0.0261725008572052,2018,5,17,17,25,0,2018,5,18,2,19,41
7.305,0.02726085333996766,2018,5,17,17,25,6,2018,5,17,21,53,4
5.245,0.02689054088695206,2018,5,17,17,45,2,2018,5,17,21,0,5
10.267,0.02991986011948128,2018,5,17,17,50,57,2018,5,17,23,34,6
1.834,0.02178147268408551,2018,5,17,18,49,18,2018,5,17,20,13,30
1.959,0.0628892455858748,2018,5,17,19,26,5,2018,5,17,19,57,14
4.058,0.028982264016188544,2018,5,17,19,36,37,2018,5,17,21,56,38
2.142,0.025843555198069572,2018,5,17,19,51,2,2018,5,17,21,13,55
1.602,0.02629822161422709,2018,5,17,20,1,26,2018,5,17,21,2,21
1.816,0.04055080014886491,2018,5,17,21,0,44,2018,5,17,21,45,31
7.322,0.08440345821325648,2018,5,17,21,9,5,2018,5,17,22,35,50
9.797,0.07638986354775829,2018,5,17,21,49,30,2018,5,17,23,57,45
5.132,0.05803241613267998,2018,5,17,22,43,16,2018,5,18,0,11,42
5.169,0.09291192330736968,2018,5,17,22,44,27,2018,5,17,23,40,5
14.453,0.10161471760018749,2018,5,17,23,4,32,2018,5,18,1,26,46
0.82,0.034190410006949265,2018,5,17,23,41,43,2018,5,18,0,5,42
1.144,0.10352941176470587,2018,5,17,23,58,1,2018,5,18,0,9,4
5.128,0.10922257720979765,2018,5,18,0,12,5,2018,5,18,0,59,2
14.008,0.07604089387496607,2018,5,18,0,14,4,2018,5,18,3,18,17
12.811,0.09998178980228929,2018,5,18,0,42,41,2018,5,18,2,50,49
5.552,0.05374636979670861,2018,5,18,1,5,13,2018,5,18,2,48,31
1.887,0.08921985815602837,2018,5,18,1,37,44,2018,5,18,1,58,53
5.709,0.11103403565640194,2018,5,18,1,39,18,2018,5,18,2,30,43
13.977,0.057408269441401975,2018,5,18,1,45,18,2018,5,18,5,48,46
10.226,0.056393382352941175,2018,5,18,1,50,48,2018,5,18,4,52,8
11.917,0.10662391887861616,2018,5,18,1,52,15,2018,5,18,3,44,1
8.018,0.10938608458390178,2018,5,18,2,7,41,2018,5,18,3,20,59
16.234,0.055963228957196215,2018,5,18,2,34,12,2018,5,18,7,24,17
3.19,0.057288237054774024,2018,5,18,3,14,32,2018,5,18,4,10,13
9.415,0.10951919348584721,2018,5,18,3,15,39,2018,5,18,4,41,37
15.155,0.05575107296137339,2018,5,18,3,39,31,2018,5,18,8,11,21
9.364,0.10443122676579926,2018,5,18,4,6,10,2018,5,18,5,35,50
10.853,0.054505733656985016,2018,5,18,4,11,7,2018,5,18,7,30,14
6.695,0.05113289205702648,2018,5,18,4,48,53,2018,5,18,6,59,49
5.282,0.10783259612112964,2018,5,18,5,15,53,2018,5,18,6,4,52
10.726,0.05434096090517606,2018,5,18,5,39,31,2018,5,18,8,56,54
13.941,0.02467652004602177,2018,5,18,5,57,57,2018,5,18,15,22,54
4.007,0.056225444340505144,2018,5,18,12,40,16,2018,5,18,13,51,32
3.045,0.05246984491671453,2018,5,18,13,44,44,2018,5,18,14,42,46
3.607,0.049889349930843714,2018,5,18,14,13,24,2018,5,18,15,25,42
15.298,0.05330313588850174,2018,5,18,14,13,28,2018,5,18,19,0,28
5.243,0.10236902050113895,2018,5,18,14,19,35,2018,5,18,15,10,48
19.0,0.05233198677928755,2018,5,18,14,39,50,2018,5,18,20,42,54
18.385,0.041994061215166745,2018,5,18,14,51,11,2018,5,18,22,8,59
9.692,0.041990035381616005,2018,5,18,15,0,49,2018,5,18,18,51,38
6.81,0.049877929687499996,2018,5,18,15,4,55,2018,5,18,17,21,27
6.312,0.04623046875,2018,5,18,15,10,16,2018,5,18,17,26,48
13.724,0.04537859583379257,2018,5,18,15,17,42,2018,5,18,20,20,8
0.99,0.049790444258172674,2018,5,18,15,23,28,2018,5,18,15,43,21
5.109,0.03700833031510322,2018,5,18,15,27,30,2018,5,18,17,45,33
12.197,0.04705632716049383,2018,5,18,15,30,45,2018,5,18,19,49,57
2.691,0.03347708894878706,2018,5,18,15,34,9,2018,5,18,16,54,32
3.477,0.03645290931329722,2018,5,18,15,37,57,2018,5,18,17,13,20
4.368,0.05014925373134329,2018,5,18,15,44,5,2018,5,18,17,11,11
10.5,0.040818971102760136,2018,5,18,15,45,46,2018,5,18,20,3,0
6.645,0.03672623434045689,2018,5,18,15,51,3,2018,5,18,18,51,59
7.168,0.012629724253369749,2018,5,18,15,51,10,2018,5,19,1,18,43
11.498,0.04209408749771188,2018,5,18,15,54,18,2018,5,18,20,27,27
1.581,0.03530331224413844,2018,5,18,15,57,46,2018,5,18,16,42,33
6.518,0.035286474781196425,2018,5,18,16,13,33,2018,5,18,19,18,16
9.6,0.034383954154727794,2018,5,18,16,15,48,2018,5,18,20,55,0
11.882,0.028301707026597858,2018,5,18,16,23,7,2018,5,18,23,22,57
1.943,0.031567831031681565,2018,5,18,16,23,49,2018,5,18,17,25,22
20.548,0.04317713805421307,2018,5,18,16,29,3,2018,5,19,0,24,57
6.398,0.031668041577297475,2018,5,18,16,29,27,2018,5,18,19,51,29
16.154,0.025430025712336674,2018,5,18,16,42,30,2018,5,19,3,17,44
16.514,0.03134181059024483,2018,5,18,16,47,49,2018,5,19,1,34,43
2.752,0.008886018727801098,2018,5,18,16,50,7,2018,5,18,21,59,49
4.702,0.029473464270789805,2018,5,18,16,51,27,2018,5,18,19,30,59
8.02,0.029747774480712162,2018,5,18,17,3,39,2018,5,18,21,33,15
7.621,0.0345493010955799,2018,5,18,17,13,3,2018,5,18,20,53,38
1.865,0.028596984410937897,2018,5,18,17,15,6,2018,5,18,18,20,19
13.881,0.02995360546664269,2018,5,18,17,17,4,2018,5,19,1,0,29
12.722,0.03127463432621789,2018,5,18,17,23,28,2018,5,19,0,10,15
10.826,0.027547073791348603,2018,5,18,17,39,5,2018,5,19,0,12,5
2.254,0.005752445767758401,2018,5,18,17,50,10,2018,5,19,0,22,0
7.255,0.02240695938642096,2018,5,18,18,4,19,2018,5,18,23,28,6
1.859,0.025087719298245617,2018,5,18,18,13,20,2018,5,18,19,27,26
4.288,0.03399577167019027,2018,5,18,18,53,44,2018,5,18,20,59,52
1.745,0.025718496683861464,2018,5,18,19,2,56,2018,5,18,20,10,47
2.594,0.009649699299398599,2018,5,18,19,18,30,2018,5,18,23,47,19
0.822,0.02457399103139013,2018,5,18,19,59,34,2018,5,18,20,33,1
7.227,0.037163181350702776,2018,5,18,20,9,43,2018,5,18,23,24,11
6.792,0.03891520244461421,2018,5,18,20,13,7,2018,5,18,23,7,39
3.254,0.022521628792248245,2018,5,18,20,18,51,2018,5,18,22,43,20
3.449,0.04935368471261626,2018,5,18,20,22,11,2018,5,18,21,32,4
1.517,0.030009891196834816,2018,5,18,20,31,12,2018,5,18,21,21,45
1.42,0.021536905965621838,2018,5,18,20,45,30,2018,5,18,21,51,26
16.798,0.049661492978566146,2018,5,18,21,40,23,2018,5,19,3,18,38
2.337,0.06458774758175957,2018,5,18,22,0,51,2018,5,18,22,37,2
11.19,0.07922123893805309,2018,5,18,22,52,36,2018,5,19,1,13,51
1.839,0.049927601809954744,2018,5,18,23,17,4,2018,5,18,23,53,54
7.398,0.07242290748898678,2018,5,18,23,25,3,2018,5,19,1,7,12
0.952,0.059191709844559584,2018,5,18,23,39,37,2018,5,18,23,55,42
4.34,0.08248337028824833,2018,5,19,0,21,13,2018,5,19,1,13,50
2.418,0.07936542669584246,2018,5,19,1,1,5,2018,5,19,1,31,33
7.424,0.08097436829667333,2018,5,19,1,24,2,2018,5,19,2,55,43
12.014,0.037173946676293125,2018,5,19,1,30,18,2018,5,19,6,53,29
8.941,0.04688106265839378,2018,5,19,2,34,16,2018,5,19,5,44,59
39.936,0.04527634487840826,2018,5,19,3,14,19,2018,5,19,17,56,22
1.416,0.07837638376383764,2018,5,19,3,37,55,2018,5,19,3,55,59
25.573,0.08437613417651911,2018,5,19,3,39,33,2018,5,19,8,42,38
5.104,0.047281148679944415,2018,5,19,3,54,42,2018,5,19,5,42,39
18.68,0.07433839623267229,2018,5,19,4,2,29,2018,5,19,8,13,46
16.107,0.0479375,2018,5,19,5,14,54,2018,5,19,10,50,54
12.589,0.05725308875919048,2018,5,19,5,32,56,2018,5,19,9,12,49
3.703,0.04262037214655668,2018,5,19,11,32,22,2018,5,19,12,59,15
13.9,0.029110963733463648,2018,5,19,12,10,20,2018,5,19,20,7,49
6.084,0.052523741007194244,2018,5,19,13,41,23,2018,5,19,15,37,13
2.412,0.032102928127772844,2018,5,19,14,27,25,2018,5,19,15,42,33
10.534,0.09262016412661196,2018,5,19,14,47,41,2018,5,19,16,41,25
0.52,0.001505791505791506,2018,5,19,14,53,10,2018,5,19,20,38,30
14.687,0.07313029045643153,2018,5,19,15,9,39,2018,5,19,18,30,29
6.084,0.05339183852566915,2018,5,19,15,20,58,2018,5,19,17,14,55
13.886,0.08637362637362636,2018,5,19,15,21,2,2018,5,19,18,1,48
3.759,0.047977026164645824,2018,5,19,17,24,45,2018,5,19,18,43,6
6.947,0.09933746425166826,2018,5,19,17,50,46,2018,5,19,19,0,42
2.665,0.031846245767775345,2018,5,19,18,41,8,2018,5,19,20,4,49
7.65,0.028260066494274108,2018,5,19,18,55,3,2018,5,19,23,25,45
13.939,0.07267466110531803,2018,5,19,19,53,3,2018,5,19,23,4,51
42.008,0.047119702379839604,2018,5,19,20,14,50,2018,5,20,11,6,21
8.12,0.0929593589009731,2018,5,19,20,20,46,2018,5,19,21,48,7
42.05,0.04792477918130877,2018,5,19,20,38,49,2018,5,20,11,16,14
12.669,0.07279639915724957,2018,5,19,20,39,0,2018,5,19,23,33,2
2.447,0.040070960698689956,2018,5,19,21,0,39,2018,5,19,22,1,43
14.077,0.008985605923593307,2018,5,19,21,12,14,2018,5,20,23,18,51
12.133,0.05282873730043541,2018,5,19,21,22,31,2018,5,20,1,12,11
7.995,0.06264855687606112,2018,5,19,21,42,33,2018,5,19,23,50,10
13.934,0.011456683202236412,2018,5,19,22,17,53,2018,5,20,18,34,7
8.687,0.09104279475982531,2018,5,19,22,22,29,2018,5,19,23,57,54
4.456,0.048025866714567995,2018,5,19,22,32,13,2018,5,20,0,5,0
3.481,0.053843774168600145,2018,5,19,22,51,35,2018,5,19,23,56,14
1.101,0.03613785557986871,2018,5,19,23,19,38,2018,5,19,23,50,6
1.193,0.09778688524590165,2018,5,19,23,23,50,2018,5,19,23,36,2
2.472,0.045082066869300906,2018,5,19,23,25,32,2018,5,20,0,20,22
29.632,0.09290969899665552,2018,5,19,23,29,3,2018,5,20,4,47,59
30.993,0.0931513299604268,2018,5,19,23,45,5,2018,5,20,5,17,48
13.894,0.08641442935627656,2018,5,20,0,13,16,2018,5,20,2,54,3
7.46,0.06653783261483574,2018,5,20,0,20,39,2018,5,20,2,12,46
15.651,0.05114984476278664,2018,5,20,0,59,12,2018,5,20,6,5,11
8.119,0.0676301541024573,2018,5,20,1,24,22,2018,5,20,3,24,25
2.116,0.05815849748053138,2018,5,20,1,33,33,2018,5,20,2,9,56
2.851,0.0982538770821367,2018,5,20,1,39,7,2018,5,20,2,8,8
12.934,0.05140699523052464,2018,5,20,4,12,54,2018,5,20,8,24,30
13.759,0.027717566478646254,2018,5,20,4,16,16,2018,5,20,12,32,40
1.781,0.0878060805258833,2018,5,20,4,54,59,2018,5,20,5,15,16
8.67,0.09745222929936305,2018,5,20,5,0,19,2018,5,20,6,29,17
6.71,0.04928991185112635,2018,5,20,6,39,1,2018,5,20,8,55,9
11.668,0.0870421484520701,2018,5,20,6,46,42,2018,5,20,9,0,45
2.525,0.08220293000542593,2018,5,20,12,23,18,2018,5,20,12,54,1
7.292,0.06535026138909635,2018,5,20,16,48,1,2018,5,20,18,39,36
5.552,0.04544611186903137,2018,5,20,17,4,54,2018,5,20,19,7,4
14.164,0.030161839863713798,2018,5,20,17,8,2,2018,5,21,0,57,38
10.768,0.04396597482136782,2018,5,20,17,43,14,2018,5,20,21,48,9
11.349,0.05603522053982884,2018,5,20,17,51,11,2018,5,20,21,13,43
8.763,0.06004796710826862,2018,5,20,18,1,31,2018,5,20,20,27,27
1.605,0.046142788691902255,2018,5,20,18,7,48,2018,5,20,18,42,35
14.103,0.049285339856718506,2018,5,20,18,10,52,2018,5,20,22,57,1
3.294,0.07013484740951029,2018,5,20,18,15,49,2018,5,20,19,2,47
32.928,0.048785835987850946,2018,5,20,18,33,36,2018,5,21,5,48,33
21.694,0.058727666486193826,2018,5,20,18,41,26,2018,5,21,0,50,50
4.125,0.07450331125827815,2018,5,20,18,45,25,2018,5,20,19,40,47
11.35,0.048335580949677055,2018,5,20,18,59,58,2018,5,20,22,54,47
0.69,0.058064516129032254,2018,5,20,19,1,39,2018,5,20,19,13,32
1.506,0.042865275142314994,2018,5,20,19,26,8,2018,5,20,20,1,16
16.003,0.04530005661445556,2018,5,20,20,28,6,2018,5,21,2,21,22
8.19,0.05007642922653622,2018,5,20,20,46,53,2018,5,20,23,30,26
8.229,0.04434923201293451,2018,5,20,20,50,52,2018,5,20,23,56,25
10.521,0.04755254237288136,2018,5,20,21,36,10,2018,5,21,1,17,25
10.749,0.07226218487394959,2018,5,20,22,9,26,2018,5,21,0,38,11
1.508,0.04123974475843208,2018,5,20,22,22,49,2018,5,20,22,59,23
2.431,0.02939540507859734,2018,5,20,23,14,44,2018,5,21,0,37,26
7.252,0.07129608389316729,2018,5,20,23,18,39,2018,5,21,1,0,22
5.077,0.07051388888888889,2018,5,20,23,22,47,2018,5,21,0,34,47
13.892,0.05931682322801025,2018,5,20,23,29,39,2018,5,21,3,23,51
2.111,0.035095594347464676,2018,5,21,0,43,27,2018,5,21,1,43,36
0.98,0.0687719298245614,2018,5,21,1,21,42,2018,5,21,1,35,57
2.897,0.03822740268308775,2018,5,21,1,49,47,2018,5,21,3,5,34
1.863,0.009597321198591911,2018,5,21,1,57,12,2018,5,21,5,11,19
8.168,0.011997943545425611,2018,5,21,2,4,53,2018,5,21,13,25,40
13.909,0.07083177728738754,2018,5,21,3,39,52,2018,5,21,6,56,14
1.739,0.0772316802368616,2018,5,21,4,15,10,2018,5,21,4,37,41
6.598,0.053123993558776166,2018,5,21,5,51,19,2018,5,21,7,55,31
11.759,0.044228936810431295,2018,5,21,11,47,13,2018,5,21,16,13,5
3.031,0.04675064267352186,2018,5,21,13,14,56,2018,5,21,14,19,46
3.201,0.04974358974358975,2018,5,21,13,24,46,2018,5,21,14,29,7
16.307,0.03699829835507657,2018,5,21,13,49,23,2018,5,21,21,10,8
13.963,0.023559617547806524,2018,5,21,13,52,26,2018,5,21,23,45,6
4.131,0.04341565948502365,2018,5,21,14,12,24,2018,5,21,15,47,33
17.091,0.03709252694784056,2018,5,21,14,13,54,2018,5,21,21,54,40
16.164,0.03555653321601408,2018,5,21,14,15,55,2018,5,21,21,50,31
10.786,0.04620921099607283,2018,5,21,14,30,58,2018,5,21,18,24,23
28.998,0.04663307424283034,2018,5,21,14,39,35,2018,5,22,1,1,25
27.442,0.04931324687771422,2018,5,21,15,6,44,2018,5,22,0,23,13
6.506,0.0324353967594516,2018,5,21,15,15,49,2018,5,21,18,36,24
20.353,0.03197057360525696,2018,5,21,15,16,24,2018,5,22,1,53,1
12.502,0.008335592843649296,2018,5,21,15,22,24,2018,5,22,16,22,14
16.913,0.0452400695466096,2018,5,21,15,28,48,2018,5,21,21,42,39
4.748,0.03979326721609164,2018,5,21,15,32,32,2018,5,21,17,31,51
4.698,0.030566037735849063,2018,5,21,15,37,28,2018,5,21,18,11,10
6.03,0.03028375324349209,2018,5,21,15,41,44,2018,5,21,19,0,51
7.317,0.024879292757565452,2018,5,21,15,45,35,2018,5,21,20,39,41
5.15,0.040445026178010476,2018,5,21,15,46,19,2018,5,21,17,53,39
5.152,0.041778618732261116,2018,5,21,15,49,30,2018,5,21,17,52,49
2.94,0.03066226316704328,2018,5,21,15,51,20,2018,5,21,17,27,13
9.375,0.0230759763702002,2018,5,21,15,57,42,2018,5,21,22,43,58
18.646,0.04088437362958632,2018,5,21,15,58,35,2018,5,21,23,34,39
7.462,0.02911621252519997,2018,5,21,16,1,8,2018,5,21,20,17,25
10.492,0.03618554923262632,2018,5,21,16,7,19,2018,5,21,20,57,16
6.055,0.03534734384121424,2018,5,21,16,9,21,2018,5,21,19,0,39
1.67,0.03042818098997874,2018,5,21,16,11,50,2018,5,21,17,6,43
8.102,0.030633310227487554,2018,5,21,16,26,2,2018,5,21,20,50,31
8.557,0.030919602529358627,2018,5,21,16,31,5,2018,5,21,21,7,50
9.269,0.03329581512303179,2018,5,21,16,37,53,2018,5,21,21,16,16
16.274,0.03503677921705121,2018,5,21,16,54,24,2018,5,22,0,38,53
4.179,0.036993213337267634,2018,5,21,17,6,26,2018,5,21,18,59,24
7.649,0.03159003303964758,2018,5,21,17,15,6,2018,5,21,21,17,14
6.746,0.029230880335090637,2018,5,21,17,21,2,2018,5,21,21,11,49
17.701,0.04437823834196891,2018,5,21,17,26,25,2018,5,22,0,5,17
3.235,0.033534899792674495,2018,5,21,17,27,26,2018,5,21,19,3,54
4.775,0.028115799803729146,2018,5,21,17,28,21,2018,5,21,20,18,11
18.58,0.049327433628318575,2018,5,21,18,7,12,2018,5,22,0,23,52
6.628,0.029968349660889227,2018,5,21,19,56,45,2018,5,21,23,37,55
3.715,0.029578025477707007,2018,5,21,20,0,47,2018,5,21,22,6,23
0.651,0.029434815373021853,2018,5,21,20,11,55,2018,5,21,20,34,2
2.504,0.02898148148148148,2018,5,21,20,53,35,2018,5,21,22,19,59
6.068,0.039907925024662935,2018,5,21,20,59,54,2018,5,21,23,31,57
2.399,0.028474777448071215,2018,5,21,21,7,45,2018,5,21,22,32,0
0.623,0.059427662957074724,2018,5,21,22,9,25,2018,5,21,22,19,54
1.539,0.07759663865546218,2018,5,21,22,19,8,2018,5,21,22,38,58
0.687,0.07034129692832765,2018,5,21,22,20,21,2018,5,21,22,30,7
11.687,0.07411690096184335,2018,5,21,22,35,4,2018,5,22,1,12,45
13.907,0.047057297541168504,2018,5,21,22,59,20,2018,5,22,3,54,52
16.008,0.049745183343691726,2018,5,21,23,42,59,2018,5,22,5,4,47
8.502,0.06191528098070155,2018,5,22,0,9,46,2018,5,22,2,27,5
9.21,0.07297939778129953,2018,5,22,0,49,27,2018,5,22,2,55,39
5.787,0.04456108829568788,2018,5,22,0,54,12,2018,5,22,3,4,4
3.921,0.04928975487115022,2018,5,22,0,56,42,2018,5,22,2,16,15
9.419,0.08394830659536542,2018,5,22,1,4,48,2018,5,22,2,57,0
1.755,0.02933964892727779,2018,5,22,1,19,17,2018,5,22,2,19,6
13.928,0.09142106990482443,2018,5,22,1,46,28,2018,5,22,4,18,49
6.63,0.08323917137476458,2018,5,22,1,50,35,2018,5,22,3,10,14
3.625,0.0887030995106036,2018,5,22,2,43,25,2018,5,22,3,24,17
6.65,0.0834902699309479,2018,5,22,2,59,24,2018,5,22,4,19,3
6.612,0.04923306031273268,2018,5,22,3,1,4,2018,5,22,5,15,22
3.167,0.08404245908889872,2018,5,22,3,31,24,2018,5,22,4,9,5
2.293,0.005476692806815016,2018,5,22,3,42,43,2018,5,22,10,41,24
4.245,0.05276569297700435,2018,5,22,4,13,10,2018,5,22,5,33,37
13.999,0.024008575103615835,2018,5,22,4,57,10,2018,5,22,14,40,15
15.649,0.020604344963791967,2018,5,22,5,46,30,2018,5,22,18,26,0
11.586,0.0497324366862212,2018,5,22,11,52,27,2018,5,22,15,45,25
7.526,0.09276088742810187,2018,5,22,13,15,57,2018,5,22,14,37,5
20.31,0.03539458015045455,2018,5,22,13,49,6,2018,5,22,23,22,55
7.456,0.013325390206124152,2018,5,22,13,50,2,2018,5,22,23,9,34
10.444,0.048841777084957134,2018,5,22,13,54,38,2018,5,22,17,28,28
14.337,0.03955216331785369,2018,5,22,14,4,36,2018,5,22,20,7,5
17.431,0.03003618609994256,2018,5,22,14,36,22,2018,5,23,0,16,42
2.377,0.030370528109028957,2018,5,22,14,37,27,2018,5,22,15,55,43
18.135,0.03583283935981032,2018,5,22,14,39,26,2018,5,22,23,5,32
8.183,0.04656487101669196,2018,5,22,14,44,30,2018,5,22,17,40,14
5.843,0.09746455379482902,2018,5,22,14,49,17,2018,5,22,15,49,14
14.381,0.029972905377240518,2018,5,22,14,53,49,2018,5,22,22,53,37
2.926,0.03901333333333334,2018,5,22,14,59,50,2018,5,22,16,14,50
2.891,0.04657894736842105,2018,5,22,15,0,37,2018,5,22,16,2,41
8.199,0.035619433784664395,2018,5,22,15,5,14,2018,5,22,18,55,25
8.394,0.027156260109996763,2018,5,22,15,8,0,2018,5,22,20,17,6
17.22265382317348,0.015391111548859231,2018,5,22,15,16,38,2018,5,23,9,55,38
8.257,0.036913791818791446,2018,5,22,15,21,38,2018,5,22,19,5,19
5.956,0.03791618037135278,2018,5,22,15,22,23,2018,5,22,17,59,28
22.074,0.04164250903945921,2018,5,22,15,23,9,2018,5,23,0,13,14
15.523,0.029109263657957244,2018,5,22,15,31,35,2018,5,23,0,24,51
6.064,0.036526453167352674,2018,5,22,15,36,48,2018,5,22,18,22,49
5.156,0.028475699558173785,2018,5,22,15,45,52,2018,5,22,18,46,56
10.694,0.0315612395474668,2018,5,22,15,53,23,2018,5,22,21,32,13
5.331,0.036664374140302616,2018,5,22,15,59,52,2018,5,22,18,25,16
11.224,0.029020081013530985,2018,5,22,16,0,25,2018,5,22,22,27,11
17.592,0.033422627529210595,2018,5,22,16,3,21,2018,5,23,0,49,42
6.513,0.03286074672048436,2018,5,22,16,4,35,2018,5,22,19,22,47
13.647,0.031439870987559515,2018,5,22,16,5,10,2018,5,22,23,19,14
2.025,0.030994897959183674,2018,5,22,16,9,43,2018,5,22,17,15,3
2.442,0.028985163204747776,2018,5,22,16,10,44,2018,5,22,17,34,59
13.99,0.028599659284497442,2018,5,22,16,19,45,2018,5,23,0,28,55
3.843,0.027499105545617172,2018,5,22,16,29,50,2018,5,22,18,49,35
14.005,0.027140596233971772,2018,5,22,16,36,2,2018,5,23,1,12,3
7.336,0.029240682920348104,2018,5,22,16,40,10,2018,5,22,20,51,3
12.212,0.030064007877892665,2018,5,22,16,42,50,2018,5,22,23,29,2
6.471,0.030636786869723032,2018,5,22,16,52,44,2018,5,22,20,23,57
10.119,0.02596945977158989,2018,5,22,16,55,40,2018,5,22,23,25,19
2.368,0.027234042553191486,2018,5,22,16,58,53,2018,5,22,18,25,50
3.422,0.026235624840276004,2018,5,22,17,0,47,2018,5,22,19,11,13
8.731,0.026292913069664726,2018,5,22,17,7,12,2018,5,22,22,39,16
12.668,0.030227878305826208,2018,5,22,17,9,43,2018,5,23,0,8,48
13.302,0.02912102747473273,2018,5,22,17,12,17,2018,5,23,0,49,4
5.913,0.027617935544138255,2018,5,22,17,17,45,2018,5,22,20,51,51
3.675,0.0264451906932118,2018,5,22,18,7,21,2018,5,22,20,26,19
1.562,0.024702161307327358,2018,5,22,18,48,16,2018,5,22,19,51,30
7.112,0.03153414129470884,2018,5,22,19,25,50,2018,5,22,23,11,22
6.764,0.03070823244552058,2018,5,22,19,26,13,2018,5,22,23,6,29
13.911,0.033250736993068276,2018,5,22,19,28,10,2018,5,23,2,26,32
9.745,0.044068435333132344,2018,5,22,19,34,30,2018,5,22,23,15,38
4.001,0.02976196379866105,2018,5,22,20,7,49,2018,5,22,22,22,15
2.62,0.02972206466250709,2018,5,22,20,38,49,2018,5,22,22,6,58
3.156,0.041218981279930345,2018,5,22,21,17,0,2018,5,22,22,33,34
10.375,0.0684969190140845,2018,5,22,21,47,32,2018,5,23,0,19,0
6.512,0.045527848986250286,2018,5,22,21,54,24,2018,5,23,0,17,26
10.179,0.10863393810032017,2018,5,22,23,0,23,2018,5,23,0,34,5
11.135,0.057107445080776136,2018,5,22,23,12,53,2018,5,23,2,27,52
6.661,0.037163846010786684,2018,5,22,23,37,58,2018,5,23,2,37,12
14.955,0.055484788523373726,2018,5,22,23,59,26,2018,5,23,4,28,58
1.946,0.030358814352574103,2018,5,23,0,21,35,2018,5,23,1,25,41
13.931,0.06850749938529628,2018,5,23,0,43,36,2018,5,23,4,6,57
4.964,0.049442231075697216,2018,5,23,0,45,32,2018,5,23,2,25,56
2.451,0.09549350649350649,2018,5,23,1,13,45,2018,5,23,1,39,25
8.251,0.05424720578566732,2018,5,23,1,35,27,2018,5,23,4,7,33
2.011,0.032365879828326186,2018,5,23,1,38,57,2018,5,23,2,41,5
5.488,0.09486603284356093,2018,5,23,1,51,11,2018,5,23,2,49,2
12.907,0.05711061946902655,2018,5,23,1,54,50,2018,5,23,5,40,50
13.064,0.10503014873375317,2018,5,23,2,14,45,2018,5,23,4,19,8
16.622,0.0994436135207897,2018,5,23,2,32,7,2018,5,23,5,19,16
10.303,0.09498770743700062,2018,5,23,2,32,24,2018,5,23,4,20,52
5.706,0.026216402481047556,2018,5,23,2,43,52,2018,5,23,6,21,31
5.047,0.09777849531804972,2018,5,23,3,4,38,2018,5,23,3,56,15
8.921,0.1092813393221723,2018,5,23,3,13,27,2018,5,23,4,35,5
8.151,0.08362859097127223,2018,5,23,3,36,27,2018,5,23,5,13,55
14.048,0.027198451113262342,2018,5,23,4,10,9,2018,5,23,12,46,39
6.878,0.050866510538641684,2018,5,23,4,22,7,2018,5,23,6,37,20
6.554,0.09910282258064515,2018,5,23,5,47,3,2018,5,23,6,53,11
5.41,0.10684660961158657,2018,5,23,6,10,38,2018,5,23,7,1,16
8.208,0.05665899677864703,2018,5,23,6,54,11,2018,5,23,9,19,3
11.579,0.05059646056368801,2018,5,23,11,51,28,2018,5,23,15,40,19
11.044,0.10052184466019419,2018,5,23,12,55,34,2018,5,23,14,45,26
3.593,0.056169880145909325,2018,5,23,13,7,57,2018,5,23,14,11,55
12.95,0.0672261636961412,2018,5,23,14,3,50,2018,5,23,17,16,28
4.591,0.05544685990338165,2018,5,23,14,32,43,2018,5,23,15,55,31
8.352,0.01551839464882943,2018,5,23,14,36,51,2018,5,23,23,35,3
7.395,0.012754764710955243,2018,5,23,14,37,56,2018,5,24,0,17,43
6.068,0.0454248284466625,2018,5,23,14,57,56,2018,5,23,17,11,31
5.977,0.050030691964285716,2018,5,23,14,58,50,2018,5,23,16,58,18
9.307,0.047036725067385446,2018,5,23,15,1,29,2018,5,23,18,19,21
10.615,0.023272554536485548,2018,5,23,15,13,19,2018,5,23,22,49,26
18.597,0.03968629961587708,2018,5,23,15,16,52,2018,5,23,23,5,28
6.493,0.043214642262895175,2018,5,23,15,18,15,2018,5,23,17,48,30
2.454,0.03171908660060319,2018,5,23,15,18,44,2018,5,23,16,36,6
15.023,0.023064404697935057,2018,5,23,15,19,45,2018,5,24,2,11,6
7.353,0.04231536543257241,2018,5,23,15,26,48,2018,5,23,18,20,34
9.107,0.033166616084977237,2018,5,23,15,26,49,2018,5,23,20,1,24
6.024,0.036428139488006446,2018,5,23,15,28,53,2018,5,23,18,14,15
4.918,0.04410762331838565,2018,5,23,15,29,16,2018,5,23,17,20,46
3.199,0.04405324764746385,2018,5,23,15,33,8,2018,5,23,16,45,45
5.177,0.030310304449648707,2018,5,23,15,34,11,2018,5,23,18,24,59
6.493,0.034617025057757246,2018,5,23,15,35,49,2018,5,23,18,43,23
2.797,0.0079558168199488,2018,5,23,15,38,22,2018,5,23,21,29,56
15.558,0.037602416918429006,2018,5,23,15,40,6,2018,5,23,22,33,51
2.264,0.031598046057222606,2018,5,23,15,40,8,2018,5,23,16,51,47
4.419,0.03408845461558241,2018,5,23,15,45,56,2018,5,23,17,55,34
4.666,0.03960390437119819,2018,5,23,15,57,10,2018,5,23,17,54,59
13.879,0.032536531999687424,2018,5,23,16,2,1,2018,5,23,23,8,35
4.774,0.02926739552467559,2018,5,23,16,3,12,2018,5,23,18,46,19
8.943,0.0338557637705849,2018,5,23,16,11,12,2018,5,23,20,35,21
19.336,0.040297325460229245,2018,5,23,16,23,29,2018,5,24,0,23,19
19.1,0.036108135358245634,2018,5,23,16,26,33,2018,5,24,1,15,31
19.601,0.04089505528896307,2018,5,23,16,30,40,2018,5,24,0,29,58
10.324,0.03176941224740999,2018,5,23,16,30,48,2018,5,23,21,55,46
10.542,0.03203606158833063,2018,5,23,16,33,13,2018,5,23,22,2,17
8.27,0.017434996486296556,2018,5,23,16,45,50,2018,5,24,0,40,10
12.377,0.033108337048595636,2018,5,23,16,53,37,2018,5,23,23,7,27
4.515,0.020314960629921257,2018,5,23,16,53,52,2018,5,23,20,36,7
2.84,0.031134661063402153,2018,5,23,17,0,36,2018,5,23,18,31,49
13.959,0.02035086866723363,2018,5,23,17,11,23,2018,5,24,4,37,18
5.722,0.029346097957090353,2018,5,23,17,18,31,2018,5,23,20,33,30
24.395,0.052464246030323666,2018,5,23,17,42,32,2018,5,24,1,27,31
8.879,0.02883104232059747,2018,5,23,18,34,27,2018,5,23,23,42,25
2.077,0.030299051787016775,2018,5,23,18,54,41,2018,5,23,20,3,14
4.067,0.02830530100916367,2018,5,23,19,5,18,2018,5,23,21,28,59
8.551,0.03074424736337488,2018,5,23,19,17,53,2018,5,23,23,56,1
6.827,0.03555111959729214,2018,5,23,19,32,27,2018,5,23,22,44,29
1.813,0.025280037183360443,2018,5,23,19,42,3,2018,5,23,20,53,46
8.861,0.034649374348279464,2018,5,23,19,57,10,2018,5,24,0,12,54
4.965,0.028306727480045608,2018,5,23,20,4,39,2018,5,23,23,0,3
1.682,0.02835627985389154,2018,5,23,20,31,34,2018,5,23,21,30,53
12.263,0.047840052015604685,2018,5,23,20,32,36,2018,5,24,0,48,56
8.717,0.06904554455445545,2018,5,23,22,14,18,2018,5,24,0,20,33
1.196,0.03687564234326825,2018,5,23,22,49,18,2018,5,23,23,21,44
3.652,0.054507462686567164,2018,5,23,23,13,21,2018,5,24,0,20,21
15.284,0.05632231912541457,2018,5,23,23,42,20,2018,5,24,4,13,42
13.896,0.057017027969636876,2018,5,24,0,0,28,2018,5,24,4,4,11
5.139,0.05589920232052212,2018,5,24,0,9,39,2018,5,24,1,41,35
3.541,0.04138293728087261,2018,5,24,0,20,59,2018,5,24,1,46,33
1.0,0.07398273736128236,2018,5,24,0,23,6,2018,5,24,0,36,37
13.903,0.09967499103835585,2018,5,24,0,58,40,2018,5,24,3,18,9
13.564,0.10532418791251456,2018,5,24,1,25,20,2018,5,24,3,34,7
1.172,0.026131549609810477,2018,5,24,1,26,6,2018,5,24,2,10,57
4.703,0.09825208913649025,2018,5,24,1,45,13,2018,5,24,2,33,5
5.395,0.09694519317160825,2018,5,24,1,49,27,2018,5,24,2,45,6
6.564,0.10446684350132626,2018,5,24,2,30,32,2018,5,24,3,33,22
10.746,0.11403608065086665,2018,5,24,2,34,11,2018,5,24,4,8,25
15.55,0.10762487022724652,2018,5,24,2,41,9,2018,5,24,5,5,38
10.572,0.09687232742822234,2018,5,24,2,42,58,2018,5,24,4,32,6
5.187,0.0984873417721519,2018,5,24,2,58,33,2018,5,24,3,51,13
6.543,0.05282292787944026,2018,5,24,3,43,8,2018,5,24,5,47,0
4.205,0.1034440344403444,2018,5,24,3,48,41,2018,5,24,4,29,20
0.515,0.09142011834319526,2018,5,24,4,33,15,2018,5,24,4,38,53
11.882,0.10045371283640975,2018,5,24,11,43,18,2018,5,24,13,41,35
11.63,0.05316166387322871,2018,5,24,11,45,30,2018,5,24,15,24,16
7.929,0.07975523889354569,2018,5,24,13,47,27,2018,5,24,15,26,52
13.389,0.0716883812243441,2018,5,24,13,56,30,2018,5,24,17,3,16
4.005,0.05212581344902386,2018,5,24,14,13,2,2018,5,24,15,29,52
9.094,0.06025176678445229,2018,5,24,14,14,3,2018,5,24,16,44,59
8.248,0.04394246137453383,2018,5,24,14,37,1,2018,5,24,17,44,43
7.395,0.01308502167566133,2018,5,24,14,43,38,2018,5,25,0,8,47
8.504,0.05285270354257302,2018,5,24,14,59,2,2018,5,24,17,39,56
7.017,0.04623544915440369,2018,5,24,15,1,24,2018,5,24,17,33,10
8.358,0.038563518917256234,2018,5,24,15,5,25,2018,5,24,18,42,9
4.787,0.029135727328058428,2018,5,24,15,10,50,2018,5,24,17,55,8
6.177,0.0395370172818434,2018,5,24,15,18,24,2018,5,24,17,54,38
7.784,0.03967717271259876,2018,5,24,15,21,21,2018,5,24,18,37,32
5.957,0.037666772051849505,2018,5,24,15,22,29,2018,5,24,18,0,38
13.869,0.0386682156133829,2018,5,24,15,23,9,2018,5,24,21,21,49
1.571,0.032115843270868825,2018,5,24,15,33,43,2018,5,24,16,22,38
3.586,0.03364503518373729,2018,5,24,15,37,46,2018,5,24,17,24,21
5.96,0.02313215602561615,2018,5,24,15,37,51,2018,5,24,19,55,30
10.298,0.034712359550561796,2018,5,24,15,39,59,2018,5,24,20,36,39
2.636,0.03168904027249048,2018,5,24,15,40,14,2018,5,24,17,3,25
13.952,0.029611602405376723,2018,5,24,15,43,52,2018,5,24,23,35,2
5.595,0.03635871331094986,2018,5,24,15,45,7,2018,5,24,18,19,0
3.884,0.029122719320169955,2018,5,24,15,55,19,2018,5,24,18,8,41
2.64,0.02826048171275647,2018,5,24,15,59,35,2018,5,24,17,33,0
13.892,0.02487970867410901,2018,5,24,16,1,28,2018,5,25,1,19,50
6.713,0.03580266666666667,2018,5,24,16,2,36,2018,5,24,19,10,6
13.885,0.028825992180201376,2018,5,24,16,3,44,2018,5,25,0,5,25
3.643,0.030544997205142536,2018,5,24,16,4,42,2018,5,24,18,3,58
7.875,0.020443925233644862,2018,5,24,16,7,18,2018,5,24,22,32,30
19.654,0.029497961327763465,2018,5,24,16,11,27,2018,5,25,3,17,44
7.625,0.03175539668216839,2018,5,24,16,13,51,2018,5,24,20,13,58
1.862,0.03584215591915303,2018,5,24,16,18,48,2018,5,24,17,10,45
8.697,0.02556061719324026,2018,5,24,16,19,17,2018,5,24,21,59,32
7.286,0.033376087952359135,2018,5,24,16,20,43,2018,5,24,19,59,1
2.557,0.03041633624107851,2018,5,24,16,25,48,2018,5,24,17,49,52
4.382,0.028210300429184546,2018,5,24,16,35,18,2018,5,24,19,10,38
7.789,0.03021529708411456,2018,5,24,16,40,39,2018,5,24,20,58,26
1.76,0.02903491888919439,2018,5,24,16,49,36,2018,5,24,17,50,13
0.758,0.026183074265975822,2018,5,24,16,55,8,2018,5,24,17,24,5
10.439,0.03555921426138299,2018,5,24,17,16,32,2018,5,24,22,10,6
13.874,0.03659881292591779,2018,5,24,17,23,11,2018,5,24,23,42,16
6.585,0.02853119584055459,2018,5,24,17,26,44,2018,5,24,21,17,32
3.51,0.027953278470931774,2018,5,24,17,50,23,2018,5,24,19,55,57
14.428,0.051066540821142044,2018,5,24,17,53,37,2018,5,24,22,36,9
2.043,0.027029768467475197,2018,5,24,17,59,47,2018,5,24,19,15,22
13.881,0.03416160787530763,2018,5,24,18,3,59,2018,5,25,0,50,19
2.389,0.048971643320806287,2018,5,24,18,52,39,2018,5,24,19,41,26
6.149,0.032736468500443656,2018,5,24,19,43,1,2018,5,24,22,50,51
6.802,0.042344884830877776,2018,5,24,19,46,31,2018,5,24,22,27,9
3.802,0.07561153463705668,2018,5,24,20,2,12,2018,5,24,20,52,29
6.25,0.04501800720288115,2018,5,24,20,14,5,2018,5,24,22,32,55
1.093,0.005143126029331032,2018,5,24,20,17,16,2018,5,24,23,49,47
13.87,0.06345406023637057,2018,5,24,20,29,6,2018,5,25,0,7,41
0.778,0.035579268292682924,2018,5,24,20,30,39,2018,5,24,20,52,31
7.052,0.05167562286272594,2018,5,24,20,41,11,2018,5,24,22,57,39
3.706,0.04746211312700107,2018,5,24,20,57,37,2018,5,24,22,15,42
8.096,0.08898333028027111,2018,5,24,21,0,31,2018,5,24,22,31,30
4.781,0.0633664678595096,2018,5,24,21,49,19,2018,5,24,23,4,46
2.687,0.09389633080955154,2018,5,24,21,55,11,2018,5,24,22,23,48
8.833,0.0903323674791205,2018,5,24,22,9,12,2018,5,24,23,46,59
14.34,0.09927310488058153,2018,5,25,0,9,35,2018,5,25,2,34,2
7.209,0.09473061760840999,2018,5,25,0,21,14,2018,5,25,1,37,20
14.023,0.1037587865334813,2018,5,25,0,24,20,2018,5,25,2,39,29
2.18,0.03536090835360909,2018,5,25,0,51,55,2018,5,25,1,53,34
13.881,0.0864770013498079,2018,5,25,0,55,38,2018,5,25,3,36,9
4.926,0.051770888071466105,2018,5,25,1,5,50,2018,5,25,2,40,59
6.948,0.10506048387096774,2018,5,25,1,46,18,2018,5,25,2,52,26
13.937,0.01855421686746988,2018,5,25,1,47,54,2018,5,25,14,19,3
5.306,0.0907008547008547,2018,5,25,1,49,9,2018,5,25,2,47,39
2.638,0.11225531914893616,2018,5,25,2,52,18,2018,5,25,3,15,48
8.872,0.11073850634491368,2018,5,25,3,13,58,2018,5,25,4,34,5
1.143,0.053245341614906835,2018,5,25,4,2,25,2018,5,25,4,23,53
7.2,0.09993060374739765,2018,5,25,5,15,1,2018,5,25,6,27,4
4.608,0.11148387096774193,2018,5,25,5,20,40,2018,5,25,6,2,0
3.687,0.08417808219178083,2018,5,25,5,25,12,2018,5,25,6,9,0
13.881,0.05582545747033983,2018,5,25,8,7,13,2018,5,25,12,15,52
33.922,0.10616660581086015,2018,5,25,9,38,17,2018,5,25,14,57,48
11.644,0.05175111111111111,2018,5,25,11,46,51,2018,5,25,15,31,51
13.886,0.02297105045492142,2018,5,25,12,39,40,2018,5,25,22,44,10
5.593,0.06722355769230769,2018,5,25,13,25,3,2018,5,25,14,48,15
3.773,0.051910112359550564,2018,5,25,13,40,21,2018,5,25,14,53,2
14.738,0.07386234547276979,2018,5,25,13,51,38,2018,5,25,17,11,10
13.949,0.02758991264216252,2018,5,25,14,13,47,2018,5,25,22,39,22
3.127,0.006500814247600568,2018,5,25,14,15,5,2018,5,25,22,16,6
10.268,0.0683318544809228,2018,5,25,14,15,45,2018,5,25,16,46,1
12.187,0.06850477796514895,2018,5,25,14,16,8,2018,5,25,17,14,2
14.967,0.05666098807495742,2018,5,25,14,39,57,2018,5,25,19,4,6
10.401,0.045234850681356915,2018,5,25,14,44,18,2018,5,25,18,34,14
2.969,0.045536809815950915,2018,5,25,14,50,4,2018,5,25,15,55,16
10.927,0.04711944803794739,2018,5,25,15,2,12,2018,5,25,18,54,6
13.721,0.04604877503076407,2018,5,25,15,14,2,2018,5,25,20,12,0
5.386,0.042831013916500994,2018,5,25,15,21,37,2018,5,25,17,27,22
7.089,0.032062415196743556,2018,5,25,15,32,9,2018,5,25,19,13,15
5.469,0.06539258668792347,2018,5,25,15,32,26,2018,5,25,16,56,4
2.078,0.032758801891749866,2018,5,25,15,39,9,2018,5,25,16,42,35
13.879,0.04376852727846105,2018,5,25,15,39,14,2018,5,25,20,56,20
7.748,0.03232373800584064,2018,5,25,15,39,19,2018,5,25,19,39,1
4.534,0.041871633061412956,2018,5,25,15,41,1,2018,5,25,17,29,18
6.322,0.04405574912891986,2018,5,25,15,43,6,2018,5,25,18,6,36
14.972,0.04376284893067667,2018,5,25,15,47,32,2018,5,25,21,29,39
2.58,0.033098139833226424,2018,5,25,15,52,53,2018,5,25,17,10,50
10.363,0.04194131534569983,2018,5,25,15,55,6,2018,5,25,20,2,11
0.537,0.05213592233009709,2018,5,25,15,56,34,2018,5,25,16,6,52
10.586,0.04024584970219237,2018,5,25,15,57,1,2018,5,25,20,20,3
7.597,0.04343624928530589,2018,5,25,15,57,6,2018,5,25,18,52,0
5.448,0.02988207331565957,2018,5,25,16,1,11,2018,5,25,19,3,30
9.893,0.0191867343310599,2018,5,25,16,10,5,2018,5,26,0,45,42
2.871,0.042861408310525005,2018,5,25,16,11,46,2018,5,25,17,18,45
4.354,0.0360281340504758,2018,5,25,16,22,59,2018,5,25,18,23,50
7.469,0.020476103445124738,2018,5,25,16,24,27,2018,5,25,22,29,13
13.925,0.028504656954726898,2018,5,25,16,25,23,2018,5,26,0,33,54
10.722,0.02444132061851753,2018,5,25,16,31,3,2018,5,25,23,49,44
13.238,0.019910759049433468,2018,5,25,16,35,20,2018,5,26,3,40,12
8.738,0.03397576307433089,2018,5,25,16,42,45,2018,5,25,20,59,56
13.917,0.02806978620411456,2018,5,25,16,43,27,2018,5,26,0,59,15
4.416,0.03206583565291057,2018,5,25,16,44,53,2018,5,25,19,2,36
10.362,0.036285747636278745,2018,5,25,16,45,49,2018,5,25,21,31,23
6.348,0.0344937511320413,2018,5,25,16,51,58,2018,5,25,19,56,0
13.22,0.03749113768492698,2018,5,25,17,15,55,2018,5,25,23,8,32
20.022,0.04396413540713632,2018,5,25,17,32,8,2018,5,26,1,7,33
2.212,0.03334673366834171,2018,5,25,18,1,31,2018,5,25,19,7,51
1.303,0.02720250521920668,2018,5,25,18,1,37,2018,5,25,18,49,31
6.749,0.027834753918064337,2018,5,25,18,41,10,2018,5,25,22,43,38
16.528,0.047245354930919484,2018,5,25,19,18,12,2018,5,26,1,8,2
1.774,0.041176015473887814,2018,5,25,20,1,52,2018,5,25,20,44,57
6.982,0.03542663847780127,2018,5,25,20,20,48,2018,5,25,23,37,53
3.827,0.0432918552036199,2018,5,25,20,23,23,2018,5,25,21,51,47
10.806,0.06617268830373545,2018,5,25,20,29,32,2018,5,25,23,12,50
8.536,0.049666408068269975,2018,5,25,20,30,15,2018,5,25,23,22,7
4.449,0.02767364710760937,2018,5,25,20,35,43,2018,5,25,23,16,29
7.015,0.04866458550121401,2018,5,25,20,43,23,2018,5,25,23,7,32
6.047,0.04926272912423625,2018,5,25,21,21,59,2018,5,25,23,24,44
2.451,0.0470592,2018,5,25,21,42,57,2018,5,25,22,35,2
7.302,0.09367543296985247,2018,5,25,22,27,39,2018,5,25,23,45,36
6.058,0.10150237363864842,2018,5,25,22,34,19,2018,5,25,23,34,0
17.815,0.10826496505621391,2018,5,25,22,43,46,2018,5,26,1,28,19
13.987,0.013774414863933297,2018,5,25,23,39,6,2018,5,26,16,34,32
10.337,0.11004613200851666,2018,5,25,23,50,34,2018,5,26,1,24,30
13.315,0.07489453454579544,2018,5,26,0,24,43,2018,5,26,3,22,30
11.31,0.058238928939237905,2018,5,26,0,51,15,2018,5,26,4,5,27
2.215,0.08030211480362538,2018,5,26,0,58,20,2018,5,26,1,25,55
6.121,0.04517898880551114,2018,5,26,1,5,42,2018,5,26,3,21,11
11.917,0.055402138540213856,2018,5,26,1,26,56,2018,5,26,5,2,2
39.834,0.04724052734568023,2018,5,26,2,20,13,2018,5,26,16,23,26
12.376,0.05474894934748949,2018,5,26,2,38,46,2018,5,26,6,24,49
6.477,0.05322103533278554,2018,5,26,3,2,27,2018,5,26,5,4,9
8.95,0.10548025928108426,2018,5,26,3,13,20,2018,5,26,4,38,11
39.921,0.05667510588457989,2018,5,26,3,26,33,2018,5,26,15,10,56
4.068,0.041049445005045405,2018,5,26,3,48,32,2018,5,26,5,27,38
6.505,0.04514748409485251,2018,5,26,3,55,20,2018,5,26,6,19,25
28.122,0.09861601402688486,2018,5,26,4,52,28,2018,5,26,9,37,38
1.88,0.041746854182087345,2018,5,26,4,54,14,2018,5,26,5,39,16
13.961,0.018854750489567154,2018,5,26,5,3,31,2018,5,26,17,23,58
4.839,0.05511389521640092,2018,5,26,11,32,40,2018,5,26,13,0,28
16.987,0.05499190676594367,2018,5,26,15,0,50,2018,5,26,20,9,44
13.897,0.024791722415484795,2018,5,26,15,37,59,2018,5,27,0,58,32
2.72,0.035485975212002606,2018,5,26,15,41,54,2018,5,26,16,58,33
9.926,0.10830332787779595,2018,5,26,16,0,51,2018,5,26,17,32,30
9.06,0.09282786885245903,2018,5,26,16,2,54,2018,5,26,17,40,30
13.911,0.03937632683870359,2018,5,26,16,3,33,2018,5,26,21,56,50
7.285,0.11297492892220212,2018,5,26,16,10,34,2018,5,26,17,15,3
6.343,0.0791062149241322,2018,5,26,16,22,39,2018,5,26,17,42,50
33.763,0.10444318416168281,2018,5,26,16,37,27,2018,5,26,22,0,43
12.263,0.10094388805048703,2018,5,26,16,41,19,2018,5,26,18,42,48
10.31,0.054889086069210294,2018,5,26,16,51,31,2018,5,26,19,59,21
6.703,0.1083459051724138,2018,5,26,17,22,44,2018,5,26,18,24,36
13.917,0.05831145251396648,2018,5,26,18,14,15,2018,5,26,22,12,55
5.188,0.05399479618386817,2018,5,26,18,19,27,2018,5,26,19,55,32
11.862,0.09320586694604505,2018,5,26,19,54,44,2018,5,26,22,2,0
13.954,0.01827316775066568,2018,5,26,20,50,3,2018,5,27,9,33,41
15.439,0.10159464794911165,2018,5,26,22,0,29,2018,5,27,0,32,27
7.078,0.09906228131560532,2018,5,26,22,12,4,2018,5,26,23,23,31
5.952,0.05015730337078651,2018,5,26,22,21,38,2018,5,27,0,20,18
13.884,0.10658137154554759,2018,5,26,23,9,15,2018,5,27,1,19,31
6.158,0.10718885987815492,2018,5,26,23,14,41,2018,5,27,0,12,8
2.25,0.10546875,2018,5,26,23,24,21,2018,5,26,23,45,41
9.166,0.07484485574305934,2018,5,26,23,25,1,2018,5,27,1,27,29
9.872,0.10632202477113625,2018,5,26,23,46,41,2018,5,27,1,19,32
6.487,0.10646061269146609,2018,5,26,23,50,45,2018,5,27,0,51,41
12.886,0.08035335689045936,2018,5,27,0,30,6,2018,5,27,3,10,28
1.108,0.08077764277035238,2018,5,27,1,31,4,2018,5,27,1,44,47
13.89,0.06895581664736058,2018,5,27,2,13,6,2018,5,27,5,34,32
8.284,0.05513477537437605,2018,5,27,2,26,47,2018,5,27,4,57,2
3.399,0.09619811320754716,2018,5,27,3,51,23,2018,5,27,4,26,43
13.872,0.031548783261314536,2018,5,27,6,26,25,2018,5,27,13,46,7
7.986,0.04979320378260418,2018,5,27,17,31,6,2018,5,27,20,11,29
5.351,0.05259829619921363,2018,5,27,18,15,13,2018,5,27,19,56,57
6.618,0.09445290199809706,2018,5,27,18,49,12,2018,5,27,19,59,16
13.901,0.05797317022311809,2018,5,27,18,56,36,2018,5,27,22,56,23
4.469,0.08658056183403294,2018,5,27,18,57,4,2018,5,27,19,48,41
13.901,0.04993474226186913,2018,5,27,19,10,40,2018,5,27,23,49,3
8.462,0.05713706954760297,2018,5,27,19,37,31,2018,5,27,22,5,37
41.995,0.023020209033766992,2018,5,27,19,43,33,2018,5,29,2,7,49
12.318,0.05340559288965965,2018,5,27,20,2,44,2018,5,27,23,53,23
7.088,0.055461658841940535,2018,5,27,20,25,28,2018,5,27,22,33,16
11.107,0.055194633095908566,2018,5,27,21,7,0,2018,5,28,0,28,14
6.674,0.05337065173930428,2018,5,27,21,8,2,2018,5,27,23,13,5
4.409,0.04728150134048257,2018,5,27,22,8,36,2018,5,27,23,41,51
13.927,0.05773647481517308,2018,5,27,22,47,59,2018,5,28,2,49,12
13.745,0.10003639010189228,2018,5,28,0,1,10,2018,5,28,2,18,34
13.9,0.07351256059938299,2018,5,28,1,44,56,2018,5,28,4,54,1
12.1,0.10258584145824501,2018,5,28,1,54,48,2018,5,28,3,52,45
0.545,0.07551963048498846,2018,5,28,1,58,9,2018,5,28,2,5,22
11.723,0.08180739706908584,2018,5,28,2,4,27,2018,5,28,4,27,45
10.684,0.016324327077338358,2018,5,28,3,56,32,2018,5,28,14,51,1
7.29,0.09780858676207514,2018,5,28,5,43,41,2018,5,28,6,58,13
10.797,0.058589129058514974,2018,5,28,15,58,32,2018,5,28,19,2,49
6.571,0.04985584218512898,2018,5,28,16,48,43,2018,5,28,19,0,31
14.033,0.008614663692729542,2018,5,28,17,46,29,2018,5,29,20,55,27
4.433,0.054705882352941174,2018,5,28,18,34,12,2018,5,28,19,55,14
2.198,0.1077450980392157,2018,5,28,18,40,13,2018,5,28,19,0,37
2.054,0.042104543901605736,2018,5,28,18,55,45,2018,5,28,19,44,32
6.074,0.10075753386784628,2018,5,28,19,6,58,2018,5,28,20,7,15
9.838,0.008666059840855037,2018,5,28,19,17,49,2018,5,29,14,13,3
9.004,0.10710547184773989,2018,5,28,19,29,51,2018,5,28,20,53,55
10.322,0.10959476198902848,2018,5,28,19,57,10,2018,5,28,21,31,21
1.79,0.04706397896581946,2018,5,28,21,12,34,2018,5,28,21,50,36
13.735,0.10514161775963256,2018,5,28,22,8,9,2018,5,29,0,18,47
3.802,0.10229596412556055,2018,5,28,22,18,24,2018,5,28,22,55,34
5.1,0.1125413755057006,2018,5,28,22,25,21,2018,5,28,23,10,40
8.068,0.057430300154229445,2018,5,29,0,44,39,2018,5,29,3,5,8
16.318,0.1109690581434886,2018,5,29,2,6,8,2018,5,29,4,33,11
10.418,0.10046287367405977,2018,5,29,2,28,17,2018,5,29,4,11,59
16.534,0.05835872698394023,2018,5,29,4,26,13,2018,5,29,9,9,32
0.948,0.0920388349514563,2018,5,29,5,33,39,2018,5,29,5,43,57
4.478,0.10302147239263802,2018,5,29,5,49,38,2018,5,29,6,33,6
1.703,0.10342105263157896,2018,5,29,7,2,46,2018,5,29,7,19,14
9.708,0.10764738495656995,2018,5,29,8,57,10,2018,5,29,10,27,21
11.497,0.020154853035703853,2018,5,29,11,54,43,2018,5,29,21,25,9
11.281,0.06538446676970634,2018,5,29,13,53,26,2018,5,29,16,45,58
9.269,0.05389998061639853,2018,5,29,14,0,9,2018,5,29,16,52,7
11.619,0.07131137479541734,2018,5,29,14,8,53,2018,5,29,16,51,49
24.996,0.0464811256430918,2018,5,29,14,16,34,2018,5,29,23,14,20
5.46,0.009430323267797,2018,5,29,14,30,27,2018,5,30,0,9,26
2.813,0.043332477535301665,2018,5,29,14,55,52,2018,5,29,16,0,47
4.322,0.053468041237113406,2018,5,29,14,56,12,2018,5,29,16,17,2
12.488,0.04249787306448868,2018,5,29,14,56,36,2018,5,29,19,50,27
13.909,0.033483389504092444,2018,5,29,14,59,18,2018,5,29,21,54,42
6.378,0.03396467560131357,2018,5,29,15,1,0,2018,5,29,18,8,47
23.17,0.0445548362284469,2018,5,29,15,9,59,2018,5,29,23,50,1
6.172,0.030731950207468876,2018,5,29,15,12,24,2018,5,29,18,33,14
14.722,0.029231583824210736,2018,5,29,15,16,45,2018,5,29,23,40,23
9.007,0.044673886087459695,2018,5,29,15,19,42,2018,5,29,18,41,19
21.671,0.03648009426815925,2018,5,29,15,21,6,2018,5,30,1,15,9
4.932,0.03058604651162791,2018,5,29,15,26,38,2018,5,29,18,7,53
3.427,0.04805328347744801,2018,5,29,15,30,32,2018,5,29,16,41,51
1.659,0.03506164142303628,2018,5,29,15,33,56,2018,5,29,16,21,15
14.468,0.04911621591037683,2018,5,29,15,38,12,2018,5,29,20,32,46
3.658,0.02881827731092437,2018,5,29,15,44,6,2018,5,29,17,51,2
22.343,0.045644535240040855,2018,5,29,15,46,33,2018,5,29,23,56,3
13.986,0.017965702541266136,2018,5,29,15,47,20,2018,5,30,4,45,49
2.754,0.028279993154201606,2018,5,29,15,50,54,2018,5,29,17,28,17
13.84,0.03726440495422725,2018,5,29,15,53,3,2018,5,29,22,4,27
13.478,0.02610329244673983,2018,5,29,15,53,33,2018,5,30,0,29,53
4.489,0.037664662284995105,2018,5,29,15,58,37,2018,5,29,17,57,48
18.187,0.03959146651186416,2018,5,29,15,58,40,2018,5,29,23,38,2
5.498,0.03229684746426474,2018,5,29,16,10,51,2018,5,29,19,1,5
2.865,0.037063389391979305,2018,5,29,16,17,55,2018,5,29,17,35,13
1.28,0.018902288949052423,2018,5,29,16,18,16,2018,5,29,17,25,59
11.261,0.03168839696088547,2018,5,29,16,35,31,2018,5,29,22,30,53
0.625,0.020525451559934318,2018,5,29,16,38,15,2018,5,29,17,8,42
16.085,0.038177934253728396,2018,5,29,16,41,20,2018,5,29,23,42,39
8.128,0.03436786469344609,2018,5,29,16,41,46,2018,5,29,20,38,16
6.978,0.029980665950590762,2018,5,29,16,53,24,2018,5,29,20,46,9
12.877,0.03284669670946348,2018,5,29,16,53,53,2018,5,29,23,25,55
12.031,0.03412404273423466,2018,5,29,16,57,8,2018,5,29,22,49,42
5.996,0.027624971204791522,2018,5,29,17,4,53,2018,5,29,20,41,56
7.978,0.028496249553518278,2018,5,29,17,9,40,2018,5,29,21,49,38
13.94,0.02589634033067063,2018,5,29,17,13,7,2018,5,30,2,11,25
6.973,0.03109013896113547,2018,5,29,17,33,2,2018,5,29,21,17,19
3.104,0.02760747109398162,2018,5,29,17,36,20,2018,5,29,19,28,46
11.728,0.03774094931617055,2018,5,29,18,6,39,2018,5,29,23,17,24
8.275,0.031539829754796085,2018,5,29,18,14,38,2018,5,29,22,37,0
10.287,0.033114437469821345,2018,5,29,18,30,0,2018,5,29,23,40,39
1.515,0.029134615384615384,2018,5,29,18,35,47,2018,5,29,19,27,47
0.669,0.028569395017793594,2018,5,29,19,6,41,2018,5,29,19,30,6
7.611,0.03432501503307276,2018,5,29,19,29,50,2018,5,29,23,11,34
15.336,0.0780722891566265,2018,5,29,20,53,43,2018,5,30,0,10,9
4.17,0.04973166368515206,2018,5,29,22,8,18,2018,5,29,23,32,9
7.271,0.09196037099494098,2018,5,29,22,51,52,2018,5,30,0,10,56
2.006,0.10539404553415059,2018,5,29,23,41,57,2018,5,30,0,0,59
15.804,0.05542022209234366,2018,5,30,0,4,19,2018,5,30,4,49,29
11.5,0.05266371546328805,2018,5,30,1,8,34,2018,5,30,4,46,56
6.781,0.10033538840937115,2018,5,30,1,16,0,2018,5,30,2,23,35
10.474,0.1032938856015779,2018,5,30,1,16,40,2018,5,30,2,58,4
6.066,0.049606106037890146,2018,5,30,1,43,15,2018,5,30,3,45,32
20.046,0.09237078565394362,2018,5,30,2,8,43,2018,5,30,5,45,44
12.848,0.026904928102750244,2018,5,30,2,30,31,2018,5,30,10,28,3
12.509,0.09331592689295039,2018,5,30,2,48,48,2018,5,30,5,2,51
8.537,0.09027493831512162,2018,5,30,2,53,54,2018,5,30,4,28,28
25.564,0.10700711594809544,2018,5,30,2,54,16,2018,5,30,6,53,10
6.087,0.09828310010764263,2018,5,30,3,24,31,2018,5,30,4,26,27
6.5,0.05244755244755245,2018,5,30,3,37,24,2018,5,30,5,41,20
10.532,0.10495266567015446,2018,5,30,4,32,0,2018,5,30,6,12,21
4.581,0.10336968785257616,2018,5,30,5,55,57,2018,5,30,6,40,16
11.614,0.048237574415062996,2018,5,30,11,52,22,2018,5,30,15,53,8
13.874,0.08736775818639798,2018,5,30,12,55,37,2018,5,30,15,34,25
9.86,0.0547119208360307,2018,5,30,13,33,59,2018,5,30,16,34,12
4.994,0.06522420548541576,2018,5,30,14,4,24,2018,5,30,15,20,58
13.638,0.06744251215692738,2018,5,30,14,14,40,2018,5,30,17,36,53
5.045,0.008886735952087369,2018,5,30,14,15,36,2018,5,30,23,43,18
2.63,0.04159198734844491,2018,5,30,14,18,14,2018,5,30,15,21,28
15.769,0.05455772113943028,2018,5,30,14,19,40,2018,5,30,19,8,42
12.134,0.044725396240324365,2018,5,30,14,49,18,2018,5,30,19,20,36
10.51,0.06712795401319992,2018,5,30,15,3,50,2018,5,30,17,40,24
14.167,0.046802114304592,2018,5,30,15,4,33,2018,5,30,20,7,15
8.709,0.01761707292404167,2018,5,30,15,11,32,2018,5,30,23,25,53
6.51,0.05485955056179775,2018,5,30,15,22,38,2018,5,30,17,21,18
6.288,0.04297038724373576,2018,5,30,15,24,24,2018,5,30,17,50,44
8.022,0.03310088714668868,2018,5,30,15,34,53,2018,5,30,19,37,14
2.09,0.03264774798229628,2018,5,30,15,36,16,2018,5,30,16,40,17
13.94,0.04633538308126973,2018,5,30,15,42,28,2018,5,30,20,43,19
11.064,0.025031674208144797,2018,5,30,15,42,49,2018,5,30,23,4,49
6.441,0.030379687131514815,2018,5,30,15,46,11,2018,5,30,19,18,12
15.085,0.03216760848704553,2018,5,30,15,48,27,2018,5,30,23,37,24
16.727,0.03950482188545562,2018,5,30,15,53,15,2018,5,30,22,56,40
14.798,0.03906375115491223,2018,5,30,15,55,46,2018,5,30,22,14,35
5.025,0.028104026845637585,2018,5,30,16,0,54,2018,5,30,18,59,42
11.291,0.021050898017525323,2018,5,30,16,6,1,2018,5,31,1,2,23
6.716,0.03944400939702428,2018,5,30,16,7,11,2018,5,30,18,57,27
3.309,0.028798955613577024,2018,5,30,16,7,41,2018,5,30,18,2,35
12.726,0.040117690327326226,2018,5,30,16,7,55,2018,5,30,21,25,8
1.79,0.03572854291417166,2018,5,30,16,17,34,2018,5,30,17,7,40
13.961,0.02948987854251012,2018,5,30,16,18,8,2018,5,31,0,11,33
15.51,0.031119582664526486,2018,5,30,16,20,38,2018,5,31,0,39,2
6.992,0.020461395893283912,2018,5,30,16,34,58,2018,5,30,22,16,41
9.827,0.0292296252230815,2018,5,30,16,38,6,2018,5,30,22,14,18
12.686,0.04109713298418012,2018,5,30,16,38,47,2018,5,30,21,47,28
5.804,0.03055809055809056,2018,5,30,16,41,12,2018,5,30,19,51,8
6.014,0.032741130568913895,2018,5,30,16,43,53,2018,5,30,19,47,34
12.199,0.031744806349481715,2018,5,30,17,4,9,2018,5,30,23,28,26
3.583,0.03304334460498002,2018,5,30,17,5,45,2018,5,30,18,54,11
3.615,0.02538920753833548,2018,5,30,17,14,36,2018,5,30,19,36,59
5.46,0.038760056791292,2018,5,30,17,28,12,2018,5,30,19,49,4
11.767,0.030918327129406613,2018,5,30,17,45,2,2018,5,31,0,5,37
12.518,0.03763114384488201,2018,5,30,18,50,20,2018,5,31,0,22,59
11.874,0.04835675015271839,2018,5,30,19,30,29,2018,5,30,23,36,2
7.223,0.03227435210008937,2018,5,30,19,40,3,2018,5,30,23,23,51
11.656,0.04863759649488838,2018,5,30,19,46,44,2018,5,30,23,46,23
5.203,0.03156202608431908,2018,5,30,20,11,48,2018,5,30,22,56,39
2.74,0.030148542086924628,2018,5,30,20,36,16,2018,5,30,22,7,9
1.739,0.03369066838876332,2018,5,30,20,46,26,2018,5,30,21,38,3
8.901,0.05846945478432232,2018,5,30,20,59,0,2018,5,30,23,31,14
13.85,0.057504670957027194,2018,5,30,21,10,2,2018,5,31,1,10,53
13.112,0.06988097352993428,2018,5,30,21,15,2,2018,5,31,0,22,40
4.231,0.033961204013377926,2018,5,30,21,28,52,2018,5,30,23,33,27
6.899,0.04599333333333333,2018,5,30,21,29,15,2018,5,30,23,59,15
6.994,0.04898330804248862,2018,5,30,22,39,45,2018,5,31,1,2,32
0.641,0.029493865030674846,2018,5,30,23,36,31,2018,5,30,23,58,15
15.994,0.056270669637621666,2018,5,31,0,37,26,2018,5,31,5,21,40
1.816,0.10135813953488372,2018,5,31,1,12,7,2018,5,31,1,30,2
5.114,0.10327835745540222,2018,5,31,1,27,30,2018,5,31,2,17,1
3.364,0.04681976339596382,2018,5,31,1,30,50,2018,5,31,2,42,41
24.085,0.10650795990566038,2018,5,31,1,43,26,2018,5,31,5,29,34
10.826,0.05668557465747448,2018,5,31,1,45,17,2018,5,31,4,56,16
18.4,0.10043668122270742,2018,5,31,1,48,10,2018,5,31,4,51,22
11.675,0.0914490861618799,2018,5,31,1,55,44,2018,5,31,4,3,24
16.247,0.05425311665182547,2018,5,31,2,23,8,2018,5,31,7,22,36
18.158,0.09766741371582251,2018,5,31,2,33,12,2018,5,31,5,39,7
9.848,0.0949662487945998,2018,5,31,3,13,41,2018,5,31,4,57,23
11.629,0.1056541490006057,2018,5,31,3,22,36,2018,5,31,5,12,40
5.784,0.10064965197215776,2018,5,31,3,28,44,2018,5,31,4,26,12
5.131,0.05665439823334561,2018,5,31,3,29,45,2018,5,31,5,0,19
6.514,0.05131153997636865,2018,5,31,3,54,37,2018,5,31,6,1,34
13.531,0.09064984368021438,2018,5,31,4,31,57,2018,5,31,7,1,13
16.791,0.10860931435963778,2018,5,31,4,41,5,2018,5,31,7,15,41
14.392,0.05754498200719712,2018,5,31,4,51,23,2018,5,31,9,1,29
8.708,0.062288984263233184,2018,5,31,5,54,23,2018,5,31,8,14,11
3.879,0.11019886363636362,2018,5,31,7,29,5,2018,5,31,8,4,17
11.66,0.051741735078766365,2018,5,31,11,47,53,2018,5,31,15,33,14
4.143,0.05588579136690647,2018,5,31,13,4,23,2018,5,31,14,18,31
11.161,0.016959428658258623,2018,5,31,13,47,3,2018,6,1,0,45,9
13.402,0.07573177622904502,2018,5,31,13,57,6,2018,5,31,16,54,4
6.313,0.05499927399448236,2018,5,31,14,16,53,2018,5,31,16,11,40
2.376,0.0456192,2018,5,31,14,33,45,2018,5,31,15,25,50
22.406,0.038461934597888596,2018,5,31,14,37,12,2018,6,1,0,19,45
13.674,0.03660880817455714,2018,5,31,15,1,14,2018,5,31,21,14,45
3.807,0.0070304709141274235,2018,5,31,15,2,17,2018,6,1,0,3,47
3.063,0.06105647840531562,2018,5,31,15,6,33,2018,5,31,15,56,43
16.32,0.04623229461756374,2018,5,31,15,14,18,2018,5,31,21,7,18
10.798,0.051455801763164166,2018,5,31,15,20,35,2018,5,31,18,50,26
2.042,0.03255912835503587,2018,5,31,15,22,42,2018,5,31,16,25,25
2.388,0.031755319148936166,2018,5,31,15,30,53,2018,5,31,16,46,5
4.764,0.031029092488059056,2018,5,31,15,32,32,2018,5,31,18,6,4
3.104,0.10099783080260304,2018,5,31,15,34,53,2018,5,31,16,5,37
6.486,0.030137071168589793,2018,5,31,15,36,58,2018,5,31,19,12,11
3.782,0.05343065693430657,2018,5,31,15,40,12,2018,5,31,16,50,59
8.64,0.030703624733475484,2018,5,31,15,44,53,2018,5,31,20,26,17
6.218,0.02460949868073879,2018,5,31,15,48,4,2018,5,31,20,0,44
4.202,0.04701976874300634,2018,5,31,15,52,17,2018,5,31,17,21,39
6.459,0.03904291759016724,2018,5,31,15,53,30,2018,5,31,18,38,56
5.167,0.04797585886722377,2018,5,31,15,56,18,2018,5,31,17,44,0
5.069,0.031585834458406896,2018,5,31,15,59,5,2018,5,31,18,39,34
13.918,0.03625580688577259,2018,5,31,16,0,20,2018,5,31,22,24,13
13.91,0.027627528220066866,2018,5,31,16,0,31,2018,6,1,0,24,0
6.934,0.038102390328784694,2018,5,31,16,5,56,2018,5,31,19,7,55
4.47,0.03687104756667583,2018,5,31,16,7,16,2018,5,31,18,8,30
4.397,0.04439919219118142,2018,5,31,16,20,29,2018,5,31,17,59,31
8.766,0.03412665455489229,2018,5,31,16,20,38,2018,5,31,20,37,30
2.601,0.031337349397590364,2018,5,31,16,22,47,2018,5,31,17,45,47
11.958,0.034152703731911656,2018,5,31,16,28,44,2018,5,31,22,18,52
1.065,0.030155733836715427,2018,5,31,16,32,28,2018,5,31,17,7,47
22.145,0.04925489323843416,2018,5,31,16,34,24,2018,6,1,0,4,0
5.217,0.03356063042779028,2018,5,31,16,43,49,2018,5,31,19,19,16
20.978,0.04452982381659945,2018,5,31,16,46,31,2018,6,1,0,37,37
4.961,0.03258813225312022,2018,5,31,16,48,50,2018,5,31,19,21,4
11.759,0.03729266874570538,2018,5,31,17,1,35,2018,5,31,22,16,54
2.412,0.027285067873303166,2018,5,31,17,8,22,2018,5,31,18,36,46
13.901,0.03715189309576837,2018,5,31,17,12,47,2018,5,31,23,26,57
7.388,0.030181793422754816,2018,5,31,17,18,10,2018,5,31,21,22,57
8.694,0.031009392462251817,2018,5,31,17,28,10,2018,5,31,22,8,32
12.269,0.042848661233993016,2018,5,31,17,29,1,2018,5,31,22,15,21
13.953,0.03559287445261681,2018,5,31,17,33,59,2018,6,1,0,6,0
7.892,0.030003801799518438,2018,5,31,17,37,20,2018,5,31,22,0,22
2.251,0.029195849546044098,2018,5,31,18,50,30,2018,5,31,20,7,36
6.879,0.045798934753661785,2018,5,31,19,10,3,2018,5,31,21,40,15
1.85,0.027482050012379303,2018,5,31,19,29,7,2018,5,31,20,36,26
6.004,0.04151665322115938,2018,5,31,19,44,51,2018,5,31,22,9,28
3.825,0.035444015444015445,2018,5,31,20,6,22,2018,5,31,21,54,17
5.147,0.0519723998653652,2018,5,31,20,8,52,2018,5,31,21,47,54
9.475,0.05691260386425068,2018,5,31,20,49,48,2018,5,31,23,36,17
1.986,0.052562858403176003,2018,5,31,21,14,30,2018,5,31,21,52,17
2.19,0.011182027061526678,2018,5,31,21,23,5,2018,6,1,0,38,56
6.043,0.05539801375095493,2018,5,31,21,59,34,2018,5,31,23,48,39
5.835,0.05306957708049113,2018,5,31,23,21,55,2018,6,1,1,11,52
13.9,0.07962573992743938,2018,5,31,23,56,51,2018,6,1,2,51,25
14.004,0.0983887587822014,2018,6,1,0,0,40,2018,6,1,2,23,0
10.571,0.10548145684350574,2018,6,1,0,24,1,2018,6,1,2,4,14
11.507,0.05426123860421251,2018,6,1,0,27,53,2018,6,1,3,59,57
14.742,0.055865597170466755,2018,6,1,0,31,53,2018,6,1,4,55,46
3.706,0.09284342379958246,2018,6,1,0,44,13,2018,6,1,1,24,8
13.961,0.09077373211963588,2018,6,1,0,45,14,2018,6,1,3,19,2
6.143,0.05086668506762351,2018,6,1,0,54,59,2018,6,1,2,55,45
12.698,0.09925482021886399,2018,6,1,1,7,50,2018,6,1,3,15,46
6.521,0.043028703398218404,2018,6,1,1,51,59,2018,6,1,4,23,32
7.12,0.05322038121340476,2018,6,1,2,15,57,2018,6,1,4,29,44
2.791,0.09607573149741824,2018,6,1,2,55,12,2018,6,1,3,24,15
2.634,0.1036327868852459,2018,6,1,2,56,51,2018,6,1,3,22,16
7.809,0.09868155012636899,2018,6,1,3,12,38,2018,6,1,4,31,46
6.538,0.05189575340653526,2018,6,1,3,27,4,2018,6,1,5,33,3
7.981,0.015474551623848764,2018,6,1,3,35,45,2018,6,1,12,11,30
14.722,0.056370134014039563,2018,6,1,3,59,36,2018,6,1,8,20,46
3.349,0.07611363636363637,2018,6,1,4,34,26,2018,6,1,5,18,26
1.87,0.09689119170984456,2018,6,1,5,4,53,2018,6,1,5,24,11
13.936,0.04393211790048863,2018,6,1,5,37,55,2018,6,1,10,55,8
11.074,0.023923954920246283,2018,6,1,6,23,41,2018,6,1,14,6,34
3.713,0.05660060975609757,2018,6,1,8,27,35,2018,6,1,9,33,11
11.507,0.05239186522992867,2018,6,1,11,47,49,2018,6,1,15,27,27
12.56,0.11093773001619314,2018,6,1,13,11,18,2018,6,1,15,4,31
10.336,0.05537637289043665,2018,6,1,13,44,30,2018,6,1,16,51,9
0.723,0.04514047866805411,2018,6,1,14,18,51,2018,6,1,14,34,52
4.678,0.05237544317969771,2018,6,1,14,24,11,2018,6,1,15,53,30
11.936,0.06277699859747546,2018,6,1,14,28,45,2018,6,1,17,38,53
16.381,0.05147211311861744,2018,6,1,14,31,45,2018,6,1,19,50,0
8.599,0.04355761924862812,2018,6,1,14,45,14,2018,6,1,18,2,39
26.659,0.047992439017072216,2018,6,1,14,49,39,2018,6,2,0,5,8
8.645,0.0436652916912198,2018,6,1,15,2,59,2018,6,1,18,20,58
6.404,0.05399662731871838,2018,6,1,15,3,24,2018,6,1,17,2,0
6.361,0.04498585572842998,2018,6,1,15,7,26,2018,6,1,17,28,50
4.949,0.05075029909417193,2018,6,1,15,18,19,2018,6,1,16,55,50
16.746,0.03454920569424386,2018,6,1,15,20,41,2018,6,1,23,25,23
7.447,0.04932332487029474,2018,6,1,15,28,27,2018,6,1,17,59,26
12.54,0.05290767175304127,2018,6,1,15,29,54,2018,6,1,19,26,55
6.614,0.03865575686732905,2018,6,1,15,32,56,2018,6,1,18,24,2
21.853,0.04566343943720833,2018,6,1,15,43,2,2018,6,1,23,41,36
6.461,0.04467673158925896,2018,6,1,15,48,51,2018,6,1,18,13,28
2.127,0.033364705882352935,2018,6,1,15,50,42,2018,6,1,16,54,27
5.795,0.024048969428689997,2018,6,1,15,53,8,2018,6,1,19,54,6
14.439,0.052419676892357964,2018,6,1,15,53,38,2018,6,1,20,29,5
1.865,0.03063235696687654,2018,6,1,16,0,39,2018,6,1,17,1,32
5.067,0.03248076923076923,2018,6,1,16,3,55,2018,6,1,18,39,55
2.568,0.03246523388116309,2018,6,1,16,6,9,2018,6,1,17,25,15
13.945,0.026948595722751868,2018,6,1,16,22,22,2018,6,2,0,59,50
8.663,0.022314858541192636,2018,6,1,16,23,23,2018,6,1,22,51,36
1.581,0.04549640287769784,2018,6,1,16,24,55,2018,6,1,16,59,40
19.478,0.043975015051173995,2018,6,1,16,27,23,2018,6,1,23,50,19
11.982,0.03594959495949595,2018,6,1,16,51,2,2018,6,1,22,24,20
6.162,0.028585124478119686,2018,6,1,16,51,4,2018,6,1,20,26,38
4.373,0.031157819736373354,2018,6,1,16,56,55,2018,6,1,19,17,16
7.079,0.02627203562813138,2018,6,1,17,1,5,2018,6,1,21,30,32
8.375,0.035990545767082084,2018,6,1,17,3,31,2018,6,1,20,56,13
2.726,0.027396984924623117,2018,6,1,17,6,1,2018,6,1,18,45,31
1.303,0.031703163017031626,2018,6,1,17,10,18,2018,6,1,17,51,24
15.189,0.03799941625317934,2018,6,1,17,12,25,2018,6,1,23,52,8
8.711,0.030766423357664236,2018,6,1,17,16,44,2018,6,1,21,59,52
12.266,0.03288618794405469,2018,6,1,17,24,45,2018,6,1,23,37,44
4.578,0.02652375434530707,2018,6,1,17,29,43,2018,6,1,20,22,19
2.93,0.02650384441429218,2018,6,1,17,35,43,2018,6,1,19,26,16
13.761,0.036470692168381995,2018,6,1,17,49,10,2018,6,2,0,6,29
5.16,0.016511119406964963,2018,6,1,18,27,34,2018,6,1,23,40,5
2.08,0.02685603615235636,2018,6,1,19,29,44,2018,6,1,20,47,11
0.809,0.024627092846270928,2018,6,1,19,31,5,2018,6,1,20,3,56
6.917,0.0373488120950324,2018,6,1,19,37,11,2018,6,1,22,42,23
7.939,0.04862596978358513,2018,6,1,20,48,58,2018,6,1,23,32,14
19.589,0.08203098827470685,2018,6,1,21,14,8,2018,6,2,1,12,56
8.592,0.04765831561431081,2018,6,1,21,50,30,2018,6,2,0,50,47
2.134,0.09788990825688072,2018,6,1,22,0,1,2018,6,1,22,21,49
1.42,0.04174424301812837,2018,6,1,22,5,43,2018,6,1,22,39,44
5.087,0.08607445008460236,2018,6,1,22,33,49,2018,6,1,23,32,55
6.61,0.053199195171026156,2018,6,1,23,22,15,2018,6,2,1,26,30
7.772,0.059464422341239484,2018,6,1,23,43,1,2018,6,2,1,53,43
5.576,0.05148661126500462,2018,6,2,0,7,45,2018,6,2,1,56,3
30.904683393070016,0.12050958624710477,2018,6,2,0,56,30,2018,6,2,5,12,57
13.9,0.014434559867077434,2018,6,2,0,58,11,2018,6,2,17,1,9
12.349,0.10388951205832866,2018,6,2,1,22,32,2018,6,2,3,21,24
7.339,0.10499284692417739,2018,6,2,2,21,45,2018,6,2,3,31,39
3.21,0.10646766169154229,2018,6,2,5,0,36,2018,6,2,5,30,45
0.83,0.09803149606299212,2018,6,2,6,40,7,2018,6,2,6,48,35
9.825,0.05697303566251087,2018,6,2,6,41,33,2018,6,2,9,34,0
3.905,0.04901673640167364,2018,6,2,7,42,23,2018,6,2,9,2,3
6.029,0.05412838545563369,2018,6,2,11,32,51,2018,6,2,13,24,14
2.281,0.03365134005409393,2018,6,2,14,1,29,2018,6,2,15,9,16
3.038,0.10837098692033292,2018,6,2,16,33,31,2018,6,2,17,1,33
5.14,0.04030318870883429,2018,6,2,16,53,53,2018,6,2,19,1,25
9.91,0.047858982614294915,2018,6,2,17,3,48,2018,6,2,20,30,52
3.829,0.04283796382621667,2018,6,2,17,22,19,2018,6,2,18,51,42
3.297,0.0808418471597875,2018,6,2,17,31,55,2018,6,2,18,12,42
10.301,0.10366655484736666,2018,6,2,18,13,40,2018,6,2,19,53,2
19.368,0.10786967418546364,2018,6,2,19,3,7,2018,6,2,22,2,40
5.932,0.056245259165613154,2018,6,2,19,13,52,2018,6,2,20,59,20
13.888,0.08009997116216476,2018,6,2,19,32,57,2018,6,2,22,26,20
19.688,0.09740105540897097,2018,6,2,19,40,47,2018,6,2,23,2,55
7.121,0.050390376223611276,2018,6,2,19,42,53,2018,6,2,22,4,12
12.956,0.09475377864456364,2018,6,2,19,52,17,2018,6,2,22,9,1
12.124,0.09565285996055227,2018,6,2,20,6,22,2018,6,2,22,13,7
22.197,0.0959386255582769,2018,6,2,20,13,21,2018,6,3,0,4,43
41.904,0.1100420168067227,2018,6,2,20,15,38,2018,6,3,2,36,26
14.006214444444442,0.01011461595554753,2018,6,2,20,40,0,2018,6,3,19,44,45
8.768,0.11421623968736432,2018,6,2,20,47,3,2018,6,2,22,3,49
4.135,0.05962509012256669,2018,6,2,21,1,12,2018,6,2,22,10,33
0.99,0.10330434782608695,2018,6,2,21,46,42,2018,6,2,21,56,17
3.802,0.10284941388638412,2018,6,2,22,1,48,2018,6,2,22,38,46
10.038,0.05423502926609635,2018,6,2,22,51,48,2018,6,3,1,56,53
9.621,0.10069073783359499,2018,6,2,23,1,43,2018,6,3,0,37,16
6.031,0.10513073794305636,2018,6,2,23,8,33,2018,6,3,0,5,55
5.946,0.05262723115503761,2018,6,2,23,16,32,2018,6,3,1,9,31
3.407,0.11091698317959849,2018,6,2,23,25,28,2018,6,2,23,56,11
39.406,0.10013383025580212,2018,6,2,23,46,32,2018,6,3,6,20,4
13.966,0.07123692935475644,2018,6,3,0,28,16,2018,6,3,3,44,19
7.454,0.09217642209398187,2018,6,3,0,34,51,2018,6,3,1,55,43
38.235,0.10559723820483315,2018,6,3,0,55,5,2018,6,3,6,57,10
6.832,0.10960427807486631,2018,6,3,1,52,19,2018,6,3,2,54,39
13.885,0.10581735043820653,2018,6,3,2,47,2,2018,6,3,4,58,15
4.035,0.04979432332373509,2018,6,3,3,39,23,2018,6,3,5,0,25
13.991,0.01978878385705193,2018,6,3,4,1,3,2018,6,3,15,48,4
3.314,0.11195945945945945,2018,6,3,5,55,7,2018,6,3,6,24,43
13.648,0.023286128646988567,2018,6,3,6,59,30,2018,6,3,16,45,36
4.103,0.1107920792079208,2018,6,3,7,3,21,2018,6,3,7,40,23
7.634,0.03215218306893163,2018,6,3,7,37,26,2018,6,3,11,34,52
13.516,0.014931781775330966,2018,6,3,8,18,26,2018,6,3,23,23,37
0.681,0.015524316109422493,2018,6,3,14,30,10,2018,6,3,15,14,2
2.524,0.05840339375241033,2018,6,3,15,5,56,2018,6,3,15,49,9
5.416,0.0526251012145749,2018,6,3,15,40,10,2018,6,3,17,23,5
10.867,0.10394069823051173,2018,6,3,15,52,55,2018,6,3,17,37,28
13.352,0.050991025396219206,2018,6,3,15,59,18,2018,6,3,20,21,9
14.007,0.03163279132791328,2018,6,3,16,54,49,2018,6,4,0,17,37
13.97,0.04141508967834379,2018,6,3,17,19,36,2018,6,3,22,56,55
16.663,0.11204527625238149,2018,6,3,17,26,8,2018,6,3,19,54,51
8.99,0.09992589848091886,2018,6,3,17,43,53,2018,6,3,19,13,51
28.818,0.1072829931128622,2018,6,3,17,49,55,2018,6,3,22,18,32
12.059,0.049851178172798674,2018,6,3,17,55,41,2018,6,3,21,57,35
5.608,0.10538051988725336,2018,6,3,18,24,49,2018,6,3,19,18,2
13.92,0.061862084290052584,2018,6,3,18,52,26,2018,6,3,22,37,27
19.453,0.08207439701849377,2018,6,3,19,34,36,2018,6,3,23,31,37
6.558,0.1098799218095504,2018,6,3,19,48,35,2018,6,3,20,48,16
12.105,0.05634600465477114,2018,6,3,19,54,58,2018,6,3,23,29,48
4.986,0.10358725761772852,2018,6,3,20,1,14,2018,6,3,20,49,22
9.473,0.05340411538100161,2018,6,3,20,16,31,2018,6,3,23,13,54
2.281,0.05278056305437717,2018,6,3,20,16,48,2018,6,3,21,0,1
23.817,0.09510315453214428,2018,6,3,20,26,40,2018,6,4,0,37,6
8.472,0.0557857769973661,2018,6,3,20,40,7,2018,6,3,23,11,59
7.695,0.10742205677059097,2018,6,3,21,29,3,2018,6,3,22,40,41
0.846,0.09279707495429615,2018,6,3,21,39,58,2018,6,3,21,49,5
4.762,0.1077781969068276,2018,6,3,21,59,45,2018,6,3,22,43,56
9.722,0.10687431293514107,2018,6,3,22,0,36,2018,6,3,23,31,34
22.929,0.11588106469002694,2018,6,3,23,13,38,2018,6,4,2,31,30
2.099,0.05291596638655463,2018,6,3,23,24,50,2018,6,4,0,4,30
13.6,0.10028265945680226,2018,6,4,0,30,28,2018,6,4,2,46,5
2.708,0.10415384615384617,2018,6,4,1,4,25,2018,6,4,1,30,25
8.664,0.06553706505295008,2018,6,4,1,22,35,2018,6,4,3,34,47
13.892,0.1007396664249456,2018,6,4,1,41,11,2018,6,4,3,59,5
13.986,0.017185688832456122,2018,6,4,1,57,12,2018,6,4,15,31,1
10.506,0.019873888643672365,2018,6,4,2,23,15,2018,6,4,11,11,53
13.937,0.02009854347930587,2018,6,4,3,13,34,2018,6,4,14,47,0
11.234,0.061043289259192175,2018,6,4,4,47,17,2018,6,4,7,51,19
3.923,0.05509831460674157,2018,6,4,11,23,26,2018,6,4,12,34,38
11.497,0.052116953762466,2018,6,4,11,48,8,2018,6,4,15,28,44
5.087,0.05345359019264448,2018,6,4,13,9,24,2018,6,4,14,44,34
10.582,0.055350013076453666,2018,6,4,13,20,16,2018,6,4,16,31,27
9.035,0.0648289882803157,2018,6,4,13,46,25,2018,6,4,16,5,47
1.895,0.030696544276457884,2018,6,4,14,13,24,2018,6,4,15,15,8
12.071,0.05212753706635958,2018,6,4,14,47,4,2018,6,4,18,38,38
4.461,0.046883867577509196,2018,6,4,14,47,13,2018,6,4,16,22,22
5.543,0.043904950495049506,2018,6,4,14,51,5,2018,6,4,16,57,20
19.4,0.03100114523131009,2018,6,4,15,8,28,2018,6,5,1,34,15
8.017,0.05230183755572469,2018,6,4,15,10,9,2018,6,4,17,43,26
19.972,0.03776615190671289,2018,6,4,15,13,5,2018,6,5,0,1,55
1.719,0.031541284403669725,2018,6,4,15,13,56,2018,6,4,16,8,26
6.15,0.05122154358689617,2018,6,4,15,14,13,2018,6,4,17,14,17
19.8,0.027186598929012772,2018,6,4,15,17,31,2018,6,5,3,25,49
8.279,0.02729640619848335,2018,6,4,15,20,54,2018,6,4,20,24,12
4.472,0.051749276759884284,2018,6,4,15,21,22,2018,6,4,16,47,47
4.477,0.05172732524552282,2018,6,4,15,43,38,2018,6,4,17,10,11
24.77,0.053931850346554414,2018,6,4,15,46,10,2018,6,4,23,25,27
6.197,0.0491760349160164,2018,6,4,15,47,28,2018,6,4,17,53,29
2.474,0.00538157560816445,2018,6,4,15,51,7,2018,6,4,23,30,50
28.304,0.055456356333474836,2018,6,4,15,51,54,2018,6,5,0,22,17
17.796,0.03763826712256336,2018,6,4,15,58,37,2018,6,4,23,51,26
11.028,0.046732113849848156,2018,6,4,15,58,44,2018,6,4,19,54,43
3.76,0.0527225987380229,2018,6,4,15,59,55,2018,6,4,17,11,14
8.532,0.05019807805452049,2018,6,4,16,1,22,2018,6,4,18,51,20
5.766,0.045353959098059775,2018,6,4,16,12,38,2018,6,4,18,19,46
6.029,0.034152190332326283,2018,6,4,16,19,43,2018,6,4,19,16,15
15.102,0.04779618103175441,2018,6,4,16,21,8,2018,6,4,21,37,6
4.823,0.038733770579574354,2018,6,4,16,35,35,2018,6,4,18,40,6
14.931,0.051203703703703696,2018,6,4,17,11,25,2018,6,4,22,3,1
14.941,0.02842475743547467,2018,6,4,17,22,38,2018,6,5,2,8,16
18.165,0.043841512469831055,2018,6,4,17,24,6,2018,6,5,0,18,26
4.427,0.027329972219364132,2018,6,4,17,25,5,2018,6,4,20,7,4
15.742,0.049903312727849106,2018,6,4,17,32,58,2018,6,4,22,48,25
20.65,0.049845114052379604,2018,6,4,17,40,50,2018,6,5,0,35,7
4.863,0.021787634408602152,2018,6,4,17,51,49,2018,6,4,21,35,1
2.252,0.04529668119342943,2018,6,4,18,30,7,2018,6,4,19,19,50
10.596,0.04389092164307905,2018,6,4,18,58,45,2018,6,4,23,0,10
3.742,0.030617755352516023,2018,6,4,19,57,24,2018,6,4,21,59,37
6.448,0.030561655738999924,2018,6,4,20,4,2,2018,6,4,23,35,1
7.131,0.03627776835679159,2018,6,4,20,13,12,2018,6,4,23,29,46
8.087,0.03949051843411736,2018,6,4,20,23,22,2018,6,4,23,48,9
2.058,0.030161211529066926,2018,6,4,20,37,44,2018,6,4,21,45,58
9.673,0.08150259794972615,2018,6,4,21,49,48,2018,6,4,23,48,29
0.828,0.0394912559618442,2018,6,4,22,46,9,2018,6,4,23,7,7
3.286,0.010566482662522107,2018,6,4,22,52,10,2018,6,5,4,3,9
16.221,0.05490888575458392,2018,6,4,23,10,16,2018,6,5,4,5,41
1.26,0.0769857433808554,2018,6,4,23,24,41,2018,6,4,23,41,3
3.606,0.05652037617554859,2018,6,4,23,34,21,2018,6,5,0,38,9
10.425,0.1087258821484443,2018,6,4,23,34,51,2018,6,5,1,10,44
12.406,0.07466746915437858,2018,6,5,0,8,2,2018,6,5,2,54,11
13.111,0.055053537686332144,2018,6,5,0,11,53,2018,6,5,4,10,2
14.043,0.019138671209540034,2018,6,5,0,14,42,2018,6,5,12,28,27
13.88,0.09588946459412781,2018,6,5,0,23,32,2018,6,5,2,48,17
13.916,0.09925820256776036,2018,6,5,1,57,17,2018,6,5,4,17,29
8.04,0.08820625342841469,2018,6,5,2,14,42,2018,6,5,3,45,51
7.504,0.05581948921398462,2018,6,5,2,23,44,2018,6,5,4,38,10
11.988,0.10497373029772329,2018,6,5,2,59,58,2018,6,5,4,54,10
6.653,0.052899549430161674,2018,6,5,3,14,21,2018,6,5,5,20,7
5.947,0.10241676234213547,2018,6,5,3,21,0,2018,6,5,4,19,4
6.904,0.09557914167051222,2018,6,5,4,12,5,2018,6,5,5,24,19
14.017,0.0246221857891501,2018,6,5,5,35,3,2018,6,5,15,4,20
1.195,0.05853061224489796,2018,6,5,5,43,55,2018,6,5,6,4,20
15.935,0.025980272275209913,2018,6,5,7,11,7,2018,6,5,17,24,28
9.853,0.058010008831321756,2018,6,5,10,45,41,2018,6,5,13,35,32
11.59,0.05264592323415852,2018,6,5,11,48,59,2018,6,5,15,29,8
7.453,0.0812316076294278,2018,6,5,13,50,17,2018,6,5,15,22,2
8.275,0.09991950090561483,2018,6,5,13,58,10,2018,6,5,15,20,59
1.2180839307000282,0.003954817956818273,2018,6,5,14,3,19,2018,6,5,19,11,19
10.231,0.046009593764053364,2018,6,5,14,3,34,2018,6,5,17,45,56
27.014,0.04549981753361592,2018,6,5,14,32,14,2018,6,6,0,25,57
11.942,0.04673058109958912,2018,6,5,14,44,33,2018,6,5,19,0,6
10.227,0.03870686936226582,2018,6,5,14,59,9,2018,6,5,19,23,22
16.235,0.03917554795897848,2018,6,5,15,7,51,2018,6,5,22,2,16
17.954,0.03257847940482671,2018,6,5,15,8,56,2018,6,6,0,20,2
15.522,0.028830758753056993,2018,6,5,15,13,3,2018,6,6,0,11,26
4.374,0.03934042872133113,2018,6,5,15,13,33,2018,6,5,17,4,44
9.28,0.036704021094264995,2018,6,5,15,14,23,2018,6,5,19,27,13
11.347,0.03926750490252624,2018,6,5,15,20,50,2018,6,5,20,9,48
11.386,0.019595559762498924,2018,6,5,15,21,37,2018,6,6,1,2,40
2.521,0.004871654481625817,2018,6,5,15,21,57,2018,6,5,23,59,26
17.929,0.035540504823576055,2018,6,5,15,23,22,2018,6,5,23,47,50
14.991,0.03612724424629474,2018,6,5,15,24,42,2018,6,5,22,19,39
2.851,0.014505214958025947,2018,6,5,15,29,54,2018,6,5,18,46,27
9.157,0.030606651440031194,2018,6,5,15,33,17,2018,6,5,20,32,28
6.005,0.031924508240297716,2018,6,5,15,33,34,2018,6,5,18,41,40
6.171,0.030038942073665423,2018,6,5,15,34,53,2018,6,5,19,0,19
5.21,0.03581576535288726,2018,6,5,15,37,49,2018,6,5,18,3,17
2.234,0.03065873741994511,2018,6,5,15,42,40,2018,6,5,16,55,32
5.358,0.03247928874520105,2018,6,5,15,43,37,2018,6,5,18,28,35
9.275,0.020809183711625476,2018,6,5,15,49,12,2018,6,5,23,14,55
4.234,0.028384357541899444,2018,6,5,15,56,23,2018,6,5,18,25,33
9.997,0.02687004434887784,2018,6,5,15,58,22,2018,6,5,22,10,25
8.096,0.03198525054322776,2018,6,5,15,59,28,2018,6,5,20,12,35
4.504,0.03322759129472519,2018,6,5,16,1,17,2018,6,5,18,16,50
4.646,0.0286054386865059,2018,6,5,16,1,47,2018,6,5,18,44,12
12.412,0.027365326670096276,2018,6,5,16,7,8,2018,6,5,23,40,42
12.384,0.03129116482776047,2018,6,5,16,7,54,2018,6,5,22,43,40
10.75,0.025678796082490643,2018,6,5,16,11,49,2018,6,5,23,10,27
8.015,0.028485961378983533,2018,6,5,16,27,37,2018,6,5,21,8,59
13.183,0.02813173524913753,2018,6,5,16,33,47,2018,6,6,0,22,24
4.691,0.029799894123875067,2018,6,5,16,43,26,2018,6,5,19,20,51
18.913,0.037287812571879214,2018,6,5,16,47,1,2018,6,6,1,14,14
10.867,0.027613925122818905,2018,6,5,16,48,38,2018,6,5,23,22,10
1.805,0.026840148698884757,2018,6,5,16,56,34,2018,6,5,18,3,49
12.362,0.02997211783246454,2018,6,5,16,56,45,2018,6,5,23,49,12
2.544,0.02533023564553601,2018,6,5,17,1,28,2018,6,5,18,41,54
6.13,0.0274600567418247,2018,6,5,17,9,6,2018,6,5,20,52,20
12.763,0.019727954246850605,2018,6,5,17,33,27,2018,6,6,4,20,24
5.479,0.028186572922918634,2018,6,5,17,39,16,2018,6,5,20,53,39
1.753,0.026387355745107876,2018,6,5,18,50,18,2018,6,5,19,56,44
2.113,0.032964118564742594,2018,6,5,19,14,28,2018,6,5,20,18,34
1.622,0.031132437619961612,2018,6,5,19,25,50,2018,6,5,20,17,56
7.523,0.018097185470291075,2018,6,5,19,45,29,2018,6,6,2,41,11
8.071,0.03298099843356262,2018,6,5,19,45,43,2018,6,5,23,50,26
4.644,0.030051768766177742,2018,6,5,19,54,58,2018,6,5,22,29,30
6.138,0.03013994598575988,2018,6,5,20,14,4,2018,6,5,23,37,43
1.758,0.010051457975986278,2018,6,5,20,17,0,2018,6,5,23,11,54
4.419,0.030655567117585845,2018,6,5,20,17,3,2018,6,5,22,41,12
13.946,0.04068657006710104,2018,6,5,21,56,8,2018,6,6,3,38,54
4.21,0.04463686163633151,2018,6,5,22,8,15,2018,6,5,23,42,34
14.579,0.09781281449178128,2018,6,5,22,42,15,2018,6,6,1,11,18
2.462,0.03201560468140442,2018,6,5,23,0,10,2018,6,6,0,17,4
16.683,0.05726102625707911,2018,6,6,0,13,30,2018,6,6,5,4,51
6.105,0.050496277915632756,2018,6,6,0,30,18,2018,6,6,2,31,12
1.803,0.10732142857142857,2018,6,6,1,4,14,2018,6,6,1,21,2
1.742,0.09176470588235294,2018,6,6,1,13,19,2018,6,6,1,32,18
13.886,0.09360296595888103,2018,6,6,1,17,54,2018,6,6,3,46,15
11.6,0.05819397993311037,2018,6,6,1,31,42,2018,6,6,4,51,2
22.756,0.11181393825239537,2018,6,6,1,51,18,2018,6,6,5,14,49
11.961,0.05503949689393359,2018,6,6,1,57,4,2018,6,6,5,34,23
3.537,0.1104162330905307,2018,6,6,2,3,56,2018,6,6,2,35,58
13.238,0.1028460442833096,2018,6,6,2,22,16,2018,6,6,4,30,59
13.641,0.058063280363223606,2018,6,6,2,41,15,2018,6,6,6,36,11
5.289,0.05852821836960531,2018,6,6,2,43,44,2018,6,6,4,14,6
9.055,0.1069698759598346,2018,6,6,3,14,50,2018,6,6,4,39,29
8.303,0.11139982110912344,2018,6,6,3,17,32,2018,6,6,4,32,4
6.619,0.053754737412019485,2018,6,6,3,19,24,2018,6,6,5,22,32
10.651,0.10885028104241186,2018,6,6,4,4,9,2018,6,6,5,42,0
10.853,0.05615557088651259,2018,6,6,11,0,37,2018,6,6,14,13,53
11.707,0.051474424739850505,2018,6,6,11,48,39,2018,6,6,15,36,5
3.886,0.05245444319460068,2018,6,6,12,58,1,2018,6,6,14,12,6
10.449,0.05214071856287425,2018,6,6,13,41,26,2018,6,6,17,1,50
5.536,0.07760747663551402,2018,6,6,13,51,48,2018,6,6,15,3,8
15.522,0.061481383681013996,2018,6,6,13,58,34,2018,6,6,18,11,2
2.399,0.045493046776232615,2018,6,6,14,24,1,2018,6,6,15,16,45
9.899,0.016957601713062098,2018,6,6,14,34,12,2018,6,7,0,17,57
5.882,0.0675444976076555,2018,6,6,14,57,40,2018,6,6,16,24,45
4.779,0.049032147742818055,2018,6,6,15,3,57,2018,6,6,16,41,25
6.658,0.07205627705627705,2018,6,6,15,8,16,2018,6,6,16,40,40
19.93,0.04048755713560183,2018,6,6,15,8,22,2018,6,6,23,20,37
19.946,0.036436596133353635,2018,6,6,15,15,0,2018,6,7,0,22,25
8.261,0.04903640680648991,2018,6,6,15,15,28,2018,6,6,18,3,56
1.804,0.03283980582524272,2018,6,6,15,21,40,2018,6,6,16,16,36
4.77,0.03649113859492541,2018,6,6,15,23,39,2018,6,6,17,34,22
5.374,0.040492276780108,2018,6,6,15,25,59,2018,6,6,17,38,42
9.18,0.03736263736263736,2018,6,6,15,26,37,2018,6,6,19,32,19
5.981,0.03783447548761201,2018,6,6,15,28,55,2018,6,6,18,7,0
2.606,0.039484848484848484,2018,6,6,15,29,8,2018,6,6,16,35,8
16.623,0.03508565800119605,2018,6,6,15,30,9,2018,6,6,23,23,56
15.33,0.03263322216703328,2018,6,6,15,31,35,2018,6,6,23,21,21
4.127,0.041644803229061556,2018,6,6,15,34,48,2018,6,6,17,13,54
19.624,0.03390755939524838,2018,6,6,15,48,48,2018,6,7,1,27,33
10.348,0.019981977342945417,2018,6,6,15,50,5,2018,6,7,0,27,57
18.066,0.0367207561231749,2018,6,6,15,57,12,2018,6,7,0,9,11
10.296,0.036247139588100684,2018,6,6,15,59,34,2018,6,6,20,43,37
18.219,0.03619549021555578,2018,6,6,16,1,2,2018,6,7,0,24,23
2.013,0.003990880253766852,2018,6,6,16,1,25,2018,6,7,0,25,49
4.119,0.0328337983260263,2018,6,6,16,2,39,2018,6,6,18,8,6
7.938,0.03177318212141427,2018,6,6,16,4,14,2018,6,6,20,14,4
1.542,0.03106783075889859,2018,6,6,16,13,24,2018,6,6,17,3,2
7.243,0.030900170648464165,2018,6,6,16,13,42,2018,6,6,20,8,6
10.227,0.02782226252550442,2018,6,6,16,24,4,2018,6,6,22,31,39
9.696,0.01883266970962416,2018,6,6,16,25,58,2018,6,7,1,0,49
7.396,0.03255998239049086,2018,6,6,16,34,20,2018,6,6,20,21,29
1.967,0.02688382687927107,2018,6,6,16,48,13,2018,6,6,18,1,23
15.101,0.0333527203121549,2018,6,6,17,0,32,2018,6,7,0,33,18
11.98,0.03552787663107948,2018,6,6,17,18,13,2018,6,6,22,55,25
8.243,0.027766674152256907,2018,6,6,17,18,21,2018,6,6,22,15,13
1.847,0.027248586181460536,2018,6,6,17,39,28,2018,6,6,18,47,15
13.197,0.03293075483468497,2018,6,6,17,50,57,2018,6,7,0,31,42
7.409,0.02817288801571709,2018,6,6,17,51,59,2018,6,6,22,14,58
14.615,0.010717297515307806,2018,6,6,17,53,20,2018,6,7,16,37,1
2.733,0.029012738853503185,2018,6,6,18,54,30,2018,6,6,20,28,42
8.675,0.030511753326689726,2018,6,6,19,26,42,2018,6,7,0,11,1
9.591,0.035052689285496735,2018,6,6,19,43,42,2018,6,7,0,17,19
1.989,0.030159211523881728,2018,6,6,19,54,47,2018,6,6,21,0,44
6.762,0.02938722294654498,2018,6,6,19,57,21,2018,6,6,23,47,27
12.482,0.04007705891796436,2018,6,6,20,10,8,2018,6,7,1,21,35
1.482,0.042102272727272724,2018,6,6,20,31,39,2018,6,6,21,6,51
0.783,0.027733175914994097,2018,6,6,21,4,32,2018,6,6,21,32,46
2.512,0.029692671394799055,2018,6,6,21,6,9,2018,6,6,22,30,45
1.906,0.03390453602134598,2018,6,6,21,31,39,2018,6,6,22,27,52
1.92,0.04778100373289092,2018,6,6,22,50,8,2018,6,6,23,30,19
2.6124022222222223,0.04346759105195045,2018,6,6,22,53,7,2018,6,6,23,53,13
14.683,0.05362673484295106,2018,6,6,23,0,26,2018,6,7,3,34,14
6.013,0.05293133802816902,2018,6,6,23,19,16,2018,6,7,1,12,52
9.239,0.10149029659465399,2018,6,6,23,42,21,2018,6,7,1,13,23
13.921,0.0859940286214352,2018,6,7,0,8,33,2018,6,7,2,50,26
16.16,0.054850936244837924,2018,6,7,0,14,41,2018,6,7,5,9,18
15.485,0.05352883562827677,2018,6,7,0,18,14,2018,6,7,5,7,31
5.482,0.0971985815602837,2018,6,7,1,12,36,2018,6,7,2,9,0
24.447,0.1063992456114899,2018,6,7,1,30,30,2018,6,7,5,20,16
16.883,0.05562767710049423,2018,6,7,1,42,42,2018,6,7,6,46,12
6.513,0.09928353658536586,2018,6,7,1,47,0,2018,6,7,2,52,36
14.078,0.021704095791150624,2018,6,7,1,51,32,2018,6,7,12,40,10
10.7,0.09284164859002168,2018,6,7,1,52,0,2018,6,7,3,47,15
19.034,0.09397185880029621,2018,6,7,2,8,32,2018,6,7,5,31,5
7.927,0.05635308056872038,2018,6,7,2,9,41,2018,6,7,4,30,21
2.576,0.03269035532994924,2018,6,7,2,29,23,2018,6,7,3,48,11
12.411,0.10083412322274882,2018,6,7,2,30,1,2018,6,7,4,33,6
12.273,0.10129023383768913,2018,6,7,2,31,28,2018,6,7,4,32,38
6.57,0.05164417660159833,2018,6,7,3,26,39,2018,6,7,5,33,52
9.46,0.1032,2018,6,7,3,35,58,2018,6,7,5,7,38
0.615,0.0994609164420485,2018,6,7,4,37,40,2018,6,7,4,43,51
4.786,0.0990206896551724,2018,6,7,4,38,6,2018,6,7,5,26,26
9.015,0.10320549513451632,2018,6,7,6,12,6,2018,6,7,7,39,27
15.344,0.08079333040807372,2018,6,7,11,34,39,2018,6,7,14,44,34
11.606,0.04845591816853385,2018,6,7,11,46,57,2018,6,7,15,46,28
4.438,0.07831764705882353,2018,6,7,13,57,54,2018,6,7,14,54,34
15.763,0.056089431858617006,2018,6,7,13,59,46,2018,6,7,18,40,48
7.271,0.06872400756143668,2018,6,7,14,33,56,2018,6,7,16,19,44
2.691,0.04808219178082191,2018,6,7,14,40,59,2018,6,7,15,36,57
9.525,0.05776228016979988,2018,6,7,14,41,3,2018,6,7,17,25,57
6.637,0.032497143789782926,2018,6,7,14,45,35,2018,6,7,18,9,49
1.299,0.028208469055374594,2018,6,7,14,46,34,2018,6,7,15,32,37
9.318,0.048653729005308496,2018,6,7,14,49,44,2018,6,7,18,1,15
8.721,0.045272538501470845,2018,6,7,14,52,6,2018,6,7,18,4,44
4.748,0.04558809409505521,2018,6,7,14,58,47,2018,6,7,16,42,56
14.631,0.030018465326220767,2018,6,7,15,2,32,2018,6,7,23,9,56
6.632,0.03807846889952153,2018,6,7,15,12,47,2018,6,7,18,6,57
6.012,0.047233206756579806,2018,6,7,15,12,50,2018,6,7,17,20,7
27.117,0.052245199409158054,2018,6,7,15,14,51,2018,6,7,23,53,53
6.419,0.024461098761511587,2018,6,7,15,15,15,2018,6,7,19,37,40
10.157,0.021239326665040255,2018,6,7,15,19,39,2018,6,7,23,17,52
4.622,0.028699161751009002,2018,6,7,15,20,6,2018,6,7,18,1,9
1.043,0.0018613920285544317,2018,6,7,15,20,22,2018,6,8,0,40,42
1.02,0.058396946564885505,2018,6,7,15,23,28,2018,6,7,15,40,56
9.686,0.03826441927837767,2018,6,7,15,26,36,2018,6,7,19,39,44
10.441,0.04280560300649129,2018,6,7,15,32,22,2018,6,7,19,36,17
5.742,0.009934256055363322,2018,6,7,15,34,30,2018,6,8,1,12,30
17.159,0.027073921161280143,2018,6,7,15,35,53,2018,6,8,2,9,40
4.328,0.040354312354312354,2018,6,7,15,41,19,2018,6,7,17,28,34
14.021,0.020746239210850802,2018,6,7,15,41,30,2018,6,8,2,57,20
0.501,0.027327272727272728,2018,6,7,15,52,34,2018,6,7,16,10,54
3.545,0.034445344129554654,2018,6,7,15,55,43,2018,6,7,17,38,38
3.6,0.0380952380952381,2018,6,7,15,56,30,2018,6,7,17,31,0
5.06,0.035608726249120336,2018,6,7,15,57,11,2018,6,7,18,19,17
12.064,0.034360581031045286,2018,6,7,15,59,58,2018,6,7,21,51,4
1.093,0.03368258859784283,2018,6,7,16,2,3,2018,6,7,16,34,30
7.793,0.020773024123683863,2018,6,7,16,12,15,2018,6,7,22,27,24
3.84,0.03123644251626898,2018,6,7,16,13,31,2018,6,7,18,16,27
2.74,0.02833017404790626,2018,6,7,16,19,9,2018,6,7,17,55,52
9.094,0.03350979549223116,2018,6,7,16,28,21,2018,6,7,20,59,44
13.567,0.04371046555334801,2018,6,7,16,51,7,2018,6,7,22,1,30
15.067,0.026490652288577624,2018,6,7,16,57,52,2018,6,8,2,26,38
8.193,0.029311311191938465,2018,6,7,16,59,42,2018,6,7,21,39,13
14.621,0.02687930875999632,2018,6,7,17,13,24,2018,6,8,2,17,21
15.143,0.05166202308523341,2018,6,7,17,17,9,2018,6,7,22,10,16
14.519,0.03640063513287648,2018,6,7,17,36,3,2018,6,8,0,14,55
2.265,0.030099667774086382,2018,6,7,18,53,12,2018,6,7,20,8,27
6.81,0.03075880758807588,2018,6,7,18,55,16,2018,6,7,22,36,40
1.12,0.02599613152804642,2018,6,7,18,55,56,2018,6,7,19,39,1
3.204,0.04879187817258883,2018,6,7,20,18,49,2018,6,7,21,24,29
4.719,0.05172451589331385,2018,6,7,20,39,51,2018,6,7,22,11,5
0.559,0.023871886120996444,2018,6,7,20,51,44,2018,6,7,21,15,9
0.749,0.0007754827354144018,2018,6,7,21,41,16,2018,6,8,13,47,7
0.924,0.03388753056234719,2018,6,7,21,43,56,2018,6,7,22,11,12
8.554,0.10502148557397176,2018,6,7,23,5,31,2018,6,8,0,26,58
1.553,0.0306714944042133,2018,6,7,23,26,6,2018,6,8,0,16,44
8.015,0.06791413642140941,2018,6,7,23,28,34,2018,6,8,1,26,35
13.934,0.08793016407236011,2018,6,8,0,13,31,2018,6,8,2,51,59
7.384,0.07235668789808918,2018,6,8,0,21,22,2018,6,8,2,3,25
16.159,0.05324217462932454,2018,6,8,0,47,21,2018,6,8,5,50,51
8.703,0.09398488120950324,2018,6,8,1,46,16,2018,6,8,3,18,52
1.852,0.03058629232039637,2018,6,8,1,52,59,2018,6,8,2,53,32
12.84,0.05473534635879218,2018,6,8,1,53,28,2018,6,8,5,48,3
12.009,0.08645788336933045,2018,6,8,2,10,20,2018,6,8,4,29,14
8.143,0.05633344863369077,2018,6,8,2,16,33,2018,6,8,4,41,6
2.719,0.10484575835475578,2018,6,8,2,28,36,2018,6,8,2,54,32
13.999,0.020230256027360966,2018,6,8,3,5,4,2018,6,8,14,37,3
8.194,0.10711111111111112,2018,6,8,3,5,58,2018,6,8,4,22,28
13.088,0.10122196442382056,2018,6,8,3,6,25,2018,6,8,5,15,43
9.157,0.10749755429465857,2018,6,8,3,8,23,2018,6,8,4,33,34
14.336,0.019183728087782684,2018,6,8,4,11,18,2018,6,8,16,38,36
6.564,0.05027316824100077,2018,6,8,4,15,26,2018,6,8,6,26,0
13.156,0.09753614234523664,2018,6,8,4,20,14,2018,6,8,6,35,7
13.396,0.02730163043478261,2018,6,8,5,18,43,2018,6,8,13,29,23
14.075,0.025413017965153016,2018,6,8,5,43,40,2018,6,8,14,57,31
4.564,0.10086187845303868,2018,6,8,6,9,54,2018,6,8,6,55,9
2.305,0.10422004521477016,2018,6,8,6,17,40,2018,6,8,6,39,47
11.634,0.04978177150192555,2018,6,8,11,51,44,2018,6,8,15,45,26
14.768,0.08955730745906611,2018,6,8,13,13,38,2018,6,8,15,58,32
4.013,0.048998778998779,2018,6,8,13,54,0,2018,6,8,15,15,54
14.74,0.06399421128798842,2018,6,8,13,55,2,2018,6,8,17,45,22
3.28,0.047047573511833606,2018,6,8,14,12,30,2018,6,8,15,22,13
2.471,0.04488646684831971,2018,6,8,14,12,46,2018,6,8,15,7,49
13.54,0.02354782608695652,2018,6,8,14,33,59,2018,6,9,0,8,59
7.266,0.051696905016008536,2018,6,8,14,39,25,2018,6,8,16,59,58
5.985,0.013456494041819683,2018,6,8,14,46,30,2018,6,8,22,11,16
2.06,0.03416252072968491,2018,6,8,14,51,6,2018,6,8,15,51,24
16.5,0.03572072884719466,2018,6,8,14,57,7,2018,6,8,22,39,2
10.28,0.034940236786948395,2018,6,8,15,0,59,2018,6,8,19,55,12
15.159,0.030334178228388475,2018,6,8,15,1,31,2018,6,8,23,21,15
6.525,0.03555212495459499,2018,6,8,15,8,17,2018,6,8,18,11,49
17.397,0.026675014694232193,2018,6,8,15,12,19,2018,6,9,2,4,30
19.725,0.04114661196676286,2018,6,8,15,15,18,2018,6,8,23,14,41
6.145,0.03393465255407271,2018,6,8,15,20,23,2018,6,8,18,21,28
5.133,0.03775652813534388,2018,6,8,15,23,32,2018,6,8,17,39,29
11.618,0.03485051494850515,2018,6,8,15,23,36,2018,6,8,20,56,58
8.828,0.04395684647302904,2018,6,8,15,24,34,2018,6,8,18,45,24
12.242,0.03665452367882629,2018,6,8,15,26,6,2018,6,8,21,0,5
1.87,0.05322580645161291,2018,6,8,15,29,16,2018,6,8,16,4,24
4.888,0.04282710280373832,2018,6,8,15,35,22,2018,6,8,17,29,30
3.127,0.029192469270266065,2018,6,8,15,37,51,2018,6,8,17,24,58
6.102,0.03408303854030907,2018,6,8,15,47,3,2018,6,8,18,46,5
18.05,0.037600249973961046,2018,6,8,15,47,5,2018,6,8,23,47,8
7.215,0.03064561800934447,2018,6,8,15,52,55,2018,6,8,19,48,21
4.121,0.023622814560045863,2018,6,8,15,53,4,2018,6,8,18,47,31
7.31,0.020471411901983663,2018,6,8,16,12,32,2018,6,8,22,9,37
15.973,0.027557868706328897,2018,6,8,16,12,33,2018,6,9,1,52,10
3.014,0.03180443193809356,2018,6,8,16,18,36,2018,6,8,17,53,22
6.129,0.02841885625965997,2018,6,8,16,22,49,2018,6,8,19,58,29
2.704,0.02723061430010071,2018,6,8,16,27,32,2018,6,8,18,6,50
8.16,0.031062047963456418,2018,6,8,16,34,34,2018,6,8,20,57,16
7.865,0.02730902777777778,2018,6,8,16,38,40,2018,6,8,21,26,40
12.577,0.02983277327535086,2018,6,8,16,50,42,2018,6,8,23,52,17
1.951,0.0275046992481203,2018,6,8,16,56,35,2018,6,8,18,7,31
18.657,0.0380535064758473,2018,6,8,17,2,48,2018,6,9,1,13,5
12.231,0.02256017707276584,2018,6,8,17,3,26,2018,6,9,2,5,35
12.725,0.034902857142857145,2018,6,8,17,21,0,2018,6,8,23,25,35
18.156,0.03972431900229734,2018,6,8,17,32,40,2018,6,9,1,9,43
4.677,0.026720624642925156,2018,6,8,17,34,41,2018,6,8,20,29,43
10.184,0.02663876536751242,2018,6,8,17,42,11,2018,6,9,0,4,29
1.44,0.025516834022445364,2018,6,8,18,6,44,2018,6,8,19,3,10
4.233,0.03081159771927696,2018,6,8,18,8,33,2018,6,8,20,25,56
13.983,0.028966302996823644,2018,6,8,18,15,12,2018,6,9,2,17,56
13.909,0.045098081599567685,2018,6,8,18,51,4,2018,6,8,23,59,29
1.283,0.025405940594059404,2018,6,8,18,55,30,2018,6,8,19,46,0
0.901,0.036502363268062124,2018,6,8,19,13,43,2018,6,8,19,38,24
13.336,0.04051237912004455,2018,6,8,19,18,34,2018,6,9,0,47,45
5.966,0.03747879803161973,2018,6,8,19,49,47,2018,6,8,22,28,58
12.169,0.043668660287081336,2018,6,8,19,56,7,2018,6,9,0,34,47
2.092,0.02739415102575295,2018,6,8,20,2,9,2018,6,8,21,18,31
6.785,0.032194543297746146,2018,6,8,20,4,47,2018,6,8,23,35,32
2.616,0.019845745353394867,2018,6,8,20,12,21,2018,6,8,22,24,10
1.635,0.04121848739495799,2018,6,8,20,52,47,2018,6,8,21,32,27
8.932,0.07419631731967327,2018,6,8,21,15,35,2018,6,8,23,15,58
1.564,0.02801194029850746,2018,6,8,21,30,23,2018,6,8,22,26,13
1.528,0.030297422339722407,2018,6,8,22,4,35,2018,6,8,22,55,1
6.045,0.04271078662270372,2018,6,8,22,44,18,2018,6,9,1,5,50
6.124,0.09767145135566187,2018,6,8,23,0,44,2018,6,9,0,3,26
16.124,0.04868357487922705,2018,6,8,23,57,6,2018,6,9,5,28,18
3.723,0.09758846657929227,2018,6,9,0,0,52,2018,6,9,0,39,1
6.109,0.04812130760141788,2018,6,9,0,9,56,2018,6,9,2,16,53
13.899,0.08844416162901686,2018,6,9,0,36,7,2018,6,9,3,13,16
12.853,0.09218025340664594,2018,6,9,0,49,6,2018,6,9,3,8,32
11.84,0.08110514898961069,2018,6,9,0,54,15,2018,6,9,3,20,14
13.798,0.09333483652762119,2018,6,9,1,0,17,2018,6,9,3,28,7
16.824,0.02321405574464171,2018,6,9,1,11,40,2018,6,9,13,16,24
14.102,0.05706231454005935,2018,6,9,1,20,21,2018,6,9,5,27,29
10.149,0.08982740817229679,2018,6,9,1,29,29,2018,6,9,3,22,28
6.049,0.04779928881864876,2018,6,9,1,43,4,2018,6,9,3,49,37
41.911,0.04397258118103765,2018,6,9,1,56,47,2018,6,9,17,49,54
11.016,0.05528732747804266,2018,6,9,2,26,44,2018,6,9,5,45,59
13.166,0.10094045489394327,2018,6,9,2,42,39,2018,6,9,4,53,5
6.675,0.04943834094556227,2018,6,9,3,0,59,2018,6,9,5,16,0
6.699,0.05059667673716012,2018,6,9,3,20,27,2018,6,9,5,32,51
4.799,0.09946113989637306,2018,6,9,3,37,52,2018,6,9,4,26,7
3.357,0.10436269430051814,2018,6,9,4,25,19,2018,6,9,4,57,29
3.614,0.09620230700976042,2018,6,9,4,46,10,2018,6,9,5,23,44
23.303,0.10448214018831266,2018,6,9,5,3,40,2018,6,9,8,46,42
1.61,0.09689067201604815,2018,6,9,5,22,53,2018,6,9,5,39,30
30.957,0.10247269116186693,2018,6,9,6,8,41,2018,6,9,11,10,47
6.652,0.050953657602451165,2018,6,9,11,27,14,2018,6,9,13,37,47
3.159,0.08654794520547944,2018,6,9,14,50,16,2018,6,9,15,26,46
27.201,0.10089391691394659,2018,6,9,14,54,58,2018,6,9,19,24,34
0.814,0.024359102244389027,2018,6,9,15,7,16,2018,6,9,15,40,41
0.59,0.0029747899159663863,2018,6,9,15,19,56,2018,6,9,18,38,16
3.395,0.10532574974146845,2018,6,9,15,40,39,2018,6,9,16,12,53
14.105,0.06597801512434709,2018,6,9,15,44,28,2018,6,9,19,18,15
6.919,0.05154457412465856,2018,6,9,16,35,59,2018,6,9,18,50,13
12.881,0.10194697269489514,2018,6,9,16,45,15,2018,6,9,18,51,36
13.066,0.10131300077539417,2018,6,9,16,55,51,2018,6,9,19,4,49
7.999,0.10684327693677649,2018,6,9,17,10,24,2018,6,9,18,25,16
3.426,0.053281493001555214,2018,6,9,17,37,8,2018,6,9,18,41,26
7.676,0.051133562784500944,2018,6,9,17,37,26,2018,6,9,20,7,33
4.616,0.048881044828803386,2018,6,9,17,42,16,2018,6,9,19,16,42
28.703,0.1001209232021394,2018,6,9,18,0,53,2018,6,9,22,47,34
5.744,0.053201605433775855,2018,6,9,18,31,47,2018,6,9,20,19,45
14.1,0.03745351514078272,2018,6,9,18,37,38,2018,6,10,0,54,6
4.093,0.05486595174262735,2018,6,9,18,51,50,2018,6,9,20,6,26
4.459,0.0983964692901802,2018,6,9,18,57,9,2018,6,9,19,42,28
14.01,0.06058378378378378,2018,6,9,19,17,32,2018,6,9,23,8,47
1.27,0.030298210735586483,2018,6,9,19,44,56,2018,6,9,20,26,51
4.024,0.1012751677852349,2018,6,9,19,53,10,2018,6,9,20,32,54
2.42,0.10529369108049311,2018,6,9,20,40,30,2018,6,9,21,3,29
5.638,0.10783551163532037,2018,6,9,21,15,21,2018,6,9,22,7,38
15.512,0.08487324457413824,2018,6,9,22,3,9,2018,6,10,1,5,55
13.898,0.048126046055289425,2018,6,9,22,31,39,2018,6,10,3,20,26
13.894,0.10031768953068593,2018,6,9,23,11,3,2018,6,10,1,29,33
8.054,0.10500651890482399,2018,6,9,23,49,39,2018,6,10,1,6,21
13.606,0.1032844129554656,2018,6,10,0,20,55,2018,6,10,2,32,39
37.32,0.0996041101374494,2018,6,10,2,17,10,2018,6,10,8,31,51
16.53,0.02984562607204117,2018,6,10,3,41,50,2018,6,10,12,55,41
32.912,0.06855238491980836,2018,6,10,4,25,54,2018,6,10,12,26,0
13.955,0.05946732954545455,2018,6,10,14,41,59,2018,6,10,18,36,39
28.612,0.10284687275341481,2018,6,10,14,51,55,2018,6,10,19,30,7
7.587,0.05739031770045386,2018,6,10,17,28,21,2018,6,10,19,40,33
1.62,0.0072106824925816035,2018,6,10,18,32,40,2018,6,10,22,17,20
12.119,0.10218381112984823,2018,6,10,18,38,57,2018,6,10,20,37,33
4.476,0.05483054307880767,2018,6,10,18,39,34,2018,6,10,20,1,12
3.221,0.10097178683385581,2018,6,10,18,43,41,2018,6,10,19,15,35
3.001,0.09685852608929531,2018,6,10,18,45,28,2018,6,10,19,16,27
9.08,0.09848156182212581,2018,6,10,19,33,21,2018,6,10,21,5,33
5.395,0.10672601384767556,2018,6,10,20,36,39,2018,6,10,21,27,12
13.924,0.06999329758713137,2018,6,10,20,47,0,2018,6,11,0,5,56
13.97,0.06899333278459133,2018,6,10,21,5,55,2018,6,11,0,28,24
11.84,0.05334935416040853,2018,6,10,22,1,14,2018,6,11,1,43,10
13.933,0.04671845311277523,2018,6,10,22,13,29,2018,6,11,3,11,43
3.979,0.09618855761482675,2018,6,10,22,59,20,2018,6,10,23,40,42
4.954,0.09832616606020508,2018,6,10,23,40,35,2018,6,11,0,30,58
6.449,0.05127749801219189,2018,6,10,23,42,0,2018,6,11,1,47,46
12.763,0.1026102103711644,2018,6,11,0,27,29,2018,6,11,2,31,52
0.972,0.08756756756756756,2018,6,11,0,37,17,2018,6,11,0,48,23
13.338,0.09464049195837275,2018,6,11,0,41,10,2018,6,11,3,2,6
10.882,0.06694555521378037,2018,6,11,0,41,19,2018,6,11,3,23,52
14.073,0.020372032426172554,2018,6,11,1,50,13,2018,6,11,13,21,1
25.509,0.09454781319495922,2018,6,11,1,51,23,2018,6,11,6,21,11
6.143,0.04639144115796098,2018,6,11,2,10,13,2018,6,11,4,22,38
16.447,0.05393637953651071,2018,6,11,4,1,26,2018,6,11,9,6,22
3.561,0.0973394077448747,2018,6,11,4,18,0,2018,6,11,4,54,35
13.779,0.09664952069207389,2018,6,11,4,55,48,2018,6,11,7,18,22
18.518,0.10091553133514987,2018,6,11,5,39,22,2018,6,11,8,42,52
3.749,0.10650568181818182,2018,6,11,7,5,12,2018,6,11,7,40,24
6.571,0.1080460400109619,2018,6,11,7,39,45,2018,6,11,8,40,34
11.629,0.04858913649025069,2018,6,11,11,53,10,2018,6,11,15,52,30
16.639,0.041316889459090345,2018,6,11,13,54,18,2018,6,11,20,37,1
17.176,0.06412943372744244,2018,6,11,13,57,18,2018,6,11,18,25,8
1.014,0.025616842105263157,2018,6,11,14,27,29,2018,6,11,15,7,4
2.828,0.005106075652252414,2018,6,11,14,36,59,2018,6,11,23,50,50
17.383,0.030457306389440483,2018,6,11,14,37,3,2018,6,12,0,7,47
15.408,0.04042149446897818,2018,6,11,14,42,56,2018,6,11,21,4,7
6.174,0.04572204393976796,2018,6,11,15,1,45,2018,6,11,17,16,47
6.187,0.03214304268767859,2018,6,11,15,3,36,2018,6,11,18,16,5
20.517,0.039614481094127116,2018,6,11,15,7,20,2018,6,11,23,45,15
4.892,0.030262913702443554,2018,6,11,15,9,29,2018,6,11,17,51,8
4.461,0.04962180200222469,2018,6,11,15,15,21,2018,6,11,16,45,15
21.026,0.04093448846490801,2018,6,11,15,16,44,2018,6,11,23,50,23
10.325,0.04676177536231883,2018,6,11,15,19,57,2018,6,11,19,0,45
2.351,0.00471709470304976,2018,6,11,15,20,55,2018,6,11,23,39,19
20.465,0.039136254980079686,2018,6,11,15,22,37,2018,6,12,0,5,32
4.583,0.014291356998077024,2018,6,11,15,28,19,2018,6,11,20,49,0
8.656,0.04162539071892282,2018,6,11,15,39,29,2018,6,11,19,7,26
4.134,0.032142024102630555,2018,6,11,15,41,12,2018,6,11,17,49,49
14.014,0.02533871745419479,2018,6,11,15,43,24,2018,6,12,0,56,28
8.799,0.035163181031037695,2018,6,11,15,45,16,2018,6,11,19,55,30
12.712,0.026374355959749643,2018,6,11,15,47,47,2018,6,11,23,49,46
19.645,0.039429316919783235,2018,6,11,15,49,5,2018,6,12,0,7,19
7.681,0.03680696429997604,2018,6,11,15,53,51,2018,6,11,19,22,32
0.821,0.02442240951908775,2018,6,11,16,4,1,2018,6,11,16,37,38
8.644,0.03317809621289662,2018,6,11,16,5,9,2018,6,11,20,25,41
9.285,0.033886861313868616,2018,6,11,16,23,42,2018,6,11,20,57,42
9.336,0.021841151011814247,2018,6,11,16,23,52,2018,6,11,23,31,19
13.879,0.0312977787800203,2018,6,11,16,26,26,2018,6,11,23,49,53
10.715,0.03212251424003198,2018,6,11,16,29,11,2018,6,11,22,2,45
13.962,0.027486957377694656,2018,6,11,16,31,35,2018,6,12,0,59,32
6.291,0.029212909217552825,2018,6,11,16,47,55,2018,6,11,20,23,16
8.855,0.02059941066997519,2018,6,11,16,47,56,2018,6,11,23,57,48
13.909,0.03098808065055141,2018,6,11,16,56,34,2018,6,12,0,25,25
1.636,0.028021695689409078,2018,6,11,16,56,35,2018,6,11,17,54,58
7.507,0.02891756548536209,2018,6,11,17,1,20,2018,6,11,21,20,56
13.977,0.025869759693987724,2018,6,11,17,14,19,2018,6,12,2,14,36
14.78,0.03500986971969996,2018,6,11,17,17,46,2018,6,12,0,19,56
13.958,0.02722626788036411,2018,6,11,17,20,20,2018,6,12,1,53,0
5.002,0.030162814070351755,2018,6,11,17,23,10,2018,6,11,20,9,0
4.546,0.030904146838885115,2018,6,11,17,44,36,2018,6,11,20,11,42
5.932,0.028894301022893327,2018,6,11,18,12,26,2018,6,11,21,37,44
7.512,0.029016931693813173,2018,6,11,19,1,0,2018,6,11,23,19,53
6.161,0.038338518979464845,2018,6,11,19,29,44,2018,6,11,22,10,26
2.921,0.029836567926455563,2018,6,11,19,35,19,2018,6,11,21,13,13
7.77,0.03297496109775074,2018,6,11,20,24,3,2018,6,12,0,19,41
0.691,0.028455730954015095,2018,6,11,20,35,59,2018,6,11,21,0,16
8.991,0.04100174811887208,2018,6,11,20,36,14,2018,6,12,0,15,31
9.738,0.04207994238386748,2018,6,11,20,40,48,2018,6,12,0,32,13
2.07,0.030719762552559975,2018,6,11,20,51,27,2018,6,11,21,58,50
10.225,0.049131096340193796,2018,6,11,21,22,55,2018,6,12,0,51,2
4.302,0.0416927798417057,2018,6,11,21,29,6,2018,6,11,23,12,17
9.495,0.0697136563876652,2018,6,11,21,51,53,2018,6,12,0,8,5
9.11,0.07481522036682178,2018,6,11,21,56,0,2018,6,11,23,57,46
14.445,0.05324364172502764,2018,6,11,22,56,49,2018,6,12,3,28,7
12.149,0.051730892058760906,2018,6,11,23,13,22,2018,6,12,3,8,13
1.905,0.05453244274809161,2018,6,11,23,48,34,2018,6,12,0,23,30
4.682,0.0671414913957935,2018,6,11,23,52,0,2018,6,12,1,1,44
13.894,0.09254440497335702,2018,6,12,0,13,29,2018,6,12,2,43,37
16.313,0.052501206887303545,2018,6,12,0,22,18,2018,6,12,5,33,1
16.955,0.0530645245422774,2018,6,12,0,41,47,2018,6,12,6,1,18
7.062,0.05105675382576214,2018,6,12,0,50,53,2018,6,12,3,9,12
0.714,0.0309985528219971,2018,6,12,1,11,14,2018,6,12,1,34,16
12.326,0.09838499401356925,2018,6,12,1,22,7,2018,6,12,3,27,24
4.221,0.04775787290213087,2018,6,12,1,45,24,2018,6,12,3,13,47
11.253,0.09837971732478508,2018,6,12,1,48,54,2018,6,12,3,43,17
5.132,0.05445092838196286,2018,6,12,2,1,40,2018,6,12,3,35,55
14.065,0.021436736352782787,2018,6,12,2,6,46,2018,6,12,13,2,53
11.164,0.09999104343931929,2018,6,12,2,11,12,2018,6,12,4,2,51
2.68,0.09537366548042704,2018,6,12,2,48,45,2018,6,12,3,16,51
4.64,0.08595245446125346,2018,6,12,2,56,47,2018,6,12,3,50,46
4.467,0.10336290011569609,2018,6,12,3,26,31,2018,6,12,4,9,44
13.568,0.09871225900327392,2018,6,12,3,44,39,2018,6,12,6,2,6
6.598,0.0497086891009543,2018,6,12,4,5,20,2018,6,12,6,18,4
3.79,0.09482902418682235,2018,6,12,4,9,44,2018,6,12,4,49,42
43.605,0.05229044249910061,2018,6,12,6,54,49,2018,6,12,20,48,43
11.685,0.0485694492552823,2018,6,12,11,53,2,2018,6,12,15,53,37
3.064,0.0978392762107504,2018,6,12,13,24,23,2018,6,12,13,55,42
13.98,0.02574111581660836,2018,6,12,13,52,12,2018,6,12,22,55,18
14.957,0.053073511147909404,2018,6,12,14,1,35,2018,6,12,18,43,24
6.559,0.082090112640801,2018,6,12,14,3,55,2018,6,12,15,23,49
3.013,0.04411420204978038,2018,6,12,14,20,19,2018,6,12,15,28,37
3.973,0.0814139344262295,2018,6,12,14,36,42,2018,6,12,15,25,30
5.036,0.08657879656160458,2018,6,12,14,41,46,2018,6,12,15,39,56
7.059,0.040472049689441,2018,6,12,14,50,2,2018,6,12,17,44,27
9.161,0.035885617287980676,2018,6,12,14,58,8,2018,6,12,19,13,25
14.017,0.03875489608773789,2018,6,12,14,58,12,2018,6,12,20,59,53
4.029,0.035903757611762954,2018,6,12,14,59,30,2018,6,12,16,51,43
19.146,0.04061949718892543,2018,6,12,15,1,24,2018,6,12,22,52,45
2.171,0.0035455510492936656,2018,6,12,15,4,50,2018,6,13,1,17,9
2.135,0.04301544660846205,2018,6,12,15,6,46,2018,6,12,15,56,24
4.774,0.035154639175257726,2018,6,12,15,7,12,2018,6,12,17,23,0
16.246,0.03611559836976658,2018,6,12,15,10,26,2018,6,12,22,40,16
6.429,0.032651091924834945,2018,6,12,15,12,48,2018,6,12,18,29,42
11.97,0.03922660986400132,2018,6,12,15,16,6,2018,6,12,20,21,15
7.752,0.0330999146029035,2018,6,12,15,16,31,2018,6,12,19,10,43
4.981,0.04204558244231851,2018,6,12,15,18,19,2018,6,12,17,16,47
3.463,0.04025184037194886,2018,6,12,15,20,40,2018,6,12,16,46,42
4.9,0.04619736015084853,2018,6,12,15,22,4,2018,6,12,17,8,8
6.861,0.03280943651868973,2018,6,12,15,26,53,2018,6,12,18,56,0
12.135,0.03131612903225806,2018,6,12,15,29,41,2018,6,12,21,57,11
7.386,0.0333428635919043,2018,6,12,15,31,14,2018,6,12,19,12,45
13.885,0.03535928016637664,2018,6,12,15,42,12,2018,6,12,22,14,53
8.303,0.035167301990681916,2018,6,12,15,47,7,2018,6,12,19,43,13
12.196,0.029519544959457824,2018,6,12,16,1,14,2018,6,12,22,54,23
14.014,0.02715014530190507,2018,6,12,16,2,6,2018,6,13,0,38,16
13.81,0.02414265318609598,2018,6,12,16,3,29,2018,6,13,1,35,30
12.31,0.0230682740958211,2018,6,12,16,4,43,2018,6,13,0,58,21
7.127,0.027731517509727625,2018,6,12,16,15,22,2018,6,12,20,32,22
6.052,0.03150442477876106,2018,6,12,16,19,46,2018,6,12,19,31,52
8.897,0.020337549527583057,2018,6,12,16,28,59,2018,6,12,23,46,27
1.777,0.02778009379885357,2018,6,12,16,34,14,2018,6,12,17,38,12
3.793,0.027229002153625267,2018,6,12,16,49,2,2018,6,12,19,8,20
10.179,0.03334461672854335,2018,6,12,16,50,21,2018,6,12,21,55,37
7.863,0.027050054469353824,2018,6,12,17,15,28,2018,6,12,22,6,9
11.176,0.03633880669809787,2018,6,12,17,17,21,2018,6,12,22,24,54
13.945,0.03231874541310981,2018,6,12,17,26,41,2018,6,13,0,38,10
2.875,0.03151836287228211,2018,6,12,17,33,39,2018,6,12,19,4,52
2.004,0.029092668763609966,2018,6,12,17,36,10,2018,6,12,18,45,3
10.766,0.03181755492069747,2018,6,12,17,36,20,2018,6,12,23,14,42
3.472,0.03626109660574413,2018,6,12,18,52,58,2018,6,12,20,28,43
1.218,0.03272727272727272,2018,6,12,19,13,55,2018,6,12,19,51,8
14.709,0.052497769317708644,2018,6,12,19,17,33,2018,6,12,23,57,44
4.88,0.02672020441686439,2018,6,12,19,25,17,2018,6,12,22,27,55
8.461,0.03374052904426426,2018,6,12,19,31,24,2018,6,12,23,42,10
6.922,0.031156789197299323,2018,6,12,19,31,42,2018,6,12,23,13,52
1.446,0.035689016865487456,2018,6,12,20,15,28,2018,6,12,20,55,59
9.763,0.08744290192566054,2018,6,12,20,59,40,2018,6,12,22,51,19
7.032,0.053549942886153064,2018,6,12,21,24,13,2018,6,12,23,35,32
5.346,0.050625,2018,6,12,22,45,59,2018,6,13,0,31,35
7.55,0.08851113716295428,2018,6,12,23,4,28,2018,6,13,0,29,46
9.436,0.1038063806380638,2018,6,12,23,33,4,2018,6,13,1,3,58
16.54,0.05481964315306855,2018,6,13,0,37,15,2018,6,13,5,38,58
16.51,0.10779107725788903,2018,6,13,0,51,50,2018,6,13,3,25,0
0.756,0.07188589540412044,2018,6,13,1,3,11,2018,6,13,1,13,42
11.429,0.053611132827769525,2018,6,13,1,13,32,2018,6,13,4,46,43
0.829,0.09547024952015354,2018,6,13,1,41,55,2018,6,13,1,50,36
9.472,0.05486243845931074,2018,6,13,1,46,8,2018,6,13,4,38,47
11.758,0.09767132770317041,2018,6,13,1,47,44,2018,6,13,3,48,7
12.471,0.09682453416149067,2018,6,13,1,51,18,2018,6,13,4,0,6
11.242,0.10386818601786264,2018,6,13,2,7,47,2018,6,13,3,56,1
18.649,0.10055176132278937,2018,6,13,2,12,34,2018,6,13,5,18,2
4.525,0.07125984251968505,2018,6,13,2,36,27,2018,6,13,3,39,57
5.757,0.04582382594852746,2018,6,13,3,10,10,2018,6,13,5,15,48
4.715,0.09809292649098474,2018,6,13,3,27,26,2018,6,13,4,15,30
4.654,0.04820300362506474,2018,6,13,3,28,54,2018,6,13,5,5,27
3.409,0.09042440318302386,2018,6,13,3,45,52,2018,6,13,4,23,34
12.682,0.09862864549578743,2018,6,13,3,49,39,2018,6,13,5,58,14
6.607,0.05111798839458414,2018,6,13,3,52,29,2018,6,13,6,1,44
12.817,0.1052586914864495,2018,6,13,4,2,21,2018,6,13,6,4,7
12.66,0.09920334334595796,2018,6,13,5,30,57,2018,6,13,7,38,34
10.994,0.10090867370353372,2018,6,13,6,21,29,2018,6,13,8,10,26
6.209,0.04955307262569832,2018,6,13,7,40,40,2018,6,13,9,45,58
11.738,0.050671271314483055,2018,6,13,11,42,23,2018,6,13,15,34,2
2.07,0.10543293718166383,2018,6,13,12,48,40,2018,6,13,13,8,18
5.732,0.09655249859629422,2018,6,13,13,46,35,2018,6,13,14,45,57
5.622,0.0785195530726257,2018,6,13,13,51,52,2018,6,13,15,3,28
14.004,0.056661946186526396,2018,6,13,14,11,3,2018,6,13,18,18,12
2.478,0.044877754301237555,2018,6,13,14,16,32,2018,6,13,15,11,45
4.909,0.07902870941776227,2018,6,13,14,37,22,2018,6,13,15,39,29
9.134,0.03835666293393057,2018,6,13,14,51,21,2018,6,13,18,49,29
9.119,0.040424085703731065,2018,6,13,14,52,33,2018,6,13,18,38,8
5.568,0.04632921924837054,2018,6,13,14,53,47,2018,6,13,16,53,58
6.712,0.0350618143827268,2018,6,13,14,54,33,2018,6,13,18,5,59
16.509,0.03256748314976163,2018,6,13,14,55,7,2018,6,13,23,22,2
7.451,0.05324044301536263,2018,6,13,15,5,20,2018,6,13,17,25,17
0.941,0.025239159588734912,2018,6,13,15,6,35,2018,6,13,15,43,52
7.861,0.04086466816842835,2018,6,13,15,16,45,2018,6,13,18,29,7
4.307,0.04008375988832015,2018,6,13,15,23,26,2018,6,13,17,10,53
12.314,0.030235717793419548,2018,6,13,15,24,32,2018,6,13,22,11,48
16.574,0.04136261542300974,2018,6,13,15,25,17,2018,6,13,22,5,59
13.471,0.028121216338459397,2018,6,13,15,26,42,2018,6,13,23,25,44
21.186,0.04770547174059896,2018,6,13,15,27,34,2018,6,13,22,51,40
2.321,0.04645096731154103,2018,6,13,15,27,42,2018,6,13,16,17,40
4.861,0.030626903286779375,2018,6,13,15,30,27,2018,6,13,18,9,10
4.732,0.042231146809460066,2018,6,13,15,38,52,2018,6,13,17,30,55
21.601,0.04578099611444719,2018,6,13,15,40,49,2018,6,13,23,32,39
15.978,0.0395707268749742,2018,6,13,15,41,51,2018,6,13,22,25,38
4.969,0.04095892292897376,2018,6,13,15,43,11,2018,6,13,17,44,30
9.414,0.039629551673331924,2018,6,13,15,45,34,2018,6,13,19,43,7
14.054,0.02721972949417347,2018,6,13,15,46,18,2018,6,14,0,22,37
8.983,0.028919890540323016,2018,6,13,16,3,46,2018,6,13,21,14,23
9.532,0.020372600007124285,2018,6,13,16,6,40,2018,6,13,23,54,33
9.474,0.022061631607544825,2018,6,13,16,10,41,2018,6,13,23,20,7
4.45,0.034345253408798564,2018,6,13,16,18,11,2018,6,13,18,27,45
14.903,0.031013457269700333,2018,6,13,16,21,56,2018,6,14,0,22,28
8.057,0.029855484189723322,2018,6,13,16,33,35,2018,6,13,21,3,27
6.13,0.0331440929981076,2018,6,13,16,38,14,2018,6,13,19,43,11
19.114,0.03285509654500659,2018,6,13,16,40,1,2018,6,14,2,21,47
18.237,0.037751250646886315,2018,6,13,16,49,31,2018,6,14,0,52,36
5.584,0.03246511627906976,2018,6,13,17,7,35,2018,6,13,19,59,35
10.992,0.041956867485208986,2018,6,13,17,10,8,2018,6,13,21,32,7
7.408,0.033252038602528615,2018,6,13,17,13,36,2018,6,13,20,56,23
7.152,0.027036290322580644,2018,6,13,17,19,5,2018,6,13,21,43,37
3.177,0.02613739201974496,2018,6,13,17,29,8,2018,6,13,19,30,41
10.343,0.02695244299674267,2018,6,13,17,42,46,2018,6,14,0,6,31
2.084,0.026919268030139935,2018,6,13,19,15,20,2018,6,13,20,32,45
6.926,0.04522363695723147,2018,6,13,19,24,34,2018,6,13,21,57,43
5.048,0.05027888446215139,2018,6,13,19,32,6,2018,6,13,21,12,30
1.671,0.025960642154324188,2018,6,13,19,32,13,2018,6,13,20,36,35
2.034,0.02864788732394366,2018,6,13,19,59,19,2018,6,13,21,10,19
8.347,0.04643671766342142,2018,6,13,20,6,54,2018,6,13,23,6,39
2.394,0.0341187648456057,2018,6,13,21,14,35,2018,6,13,22,24,45
3.411,0.030882752376641013,2018,6,13,21,38,40,2018,6,13,23,29,7
5.666,0.05019341503026724,2018,6,13,22,30,15,2018,6,14,0,23,8
10.714,0.09186053158045156,2018,6,13,22,35,58,2018,6,14,0,32,36
16.069,0.0522144597887896,2018,6,13,22,56,58,2018,6,14,4,4,43
2.457,0.051599579978998944,2018,6,13,23,18,52,2018,6,14,0,6,29
16.05,0.05382594600637192,2018,6,13,23,48,56,2018,6,14,4,47,7
12.293,0.07991981796510998,2018,6,14,0,26,34,2018,6,14,3,0,23
15.605,0.05399653979238755,2018,6,14,0,34,37,2018,6,14,5,23,37
3.973,0.09694184627897519,2018,6,14,0,48,28,2018,6,14,1,29,27
14.035,0.05963881019830028,2018,6,14,1,19,35,2018,6,14,5,14,55
1.337,0.07826341463414635,2018,6,14,1,25,47,2018,6,14,1,42,52
6.109,0.06340425531914894,2018,6,14,1,43,58,2018,6,14,3,20,19
4.157,0.048915473622278875,2018,6,14,1,49,51,2018,6,14,3,14,50
4.923,0.04653119092627599,2018,6,14,1,55,1,2018,6,14,3,40,49
23.242,0.09517608517608518,2018,6,14,2,0,22,2018,6,14,6,4,34
8.721,0.06834639498432603,2018,6,14,2,2,33,2018,6,14,4,10,9
5.782,0.05575699132111861,2018,6,14,2,6,20,2018,6,14,3,50,2
6.08,0.047432063450786634,2018,6,14,2,7,36,2018,6,14,4,15,47
6.061,0.03979209979209979,2018,6,14,2,7,49,2018,6,14,4,40,8
7.936,0.10416976591555457,2018,6,14,2,8,40,2018,6,14,3,24,51
2.964,0.09045778229908444,2018,6,14,2,10,11,2018,6,14,2,42,57
5.067,0.10383196721311476,2018,6,14,2,22,5,2018,6,14,3,10,53
13.165,0.0989477639984968,2018,6,14,2,51,39,2018,6,14,5,4,42
8.706,0.05565310036224163,2018,6,14,2,55,56,2018,6,14,5,32,22
2.25,0.06780512305374184,2018,6,14,3,1,19,2018,6,14,3,34,30
6.581,0.050916827852998066,2018,6,14,3,40,19,2018,6,14,5,49,34
14.021,0.02204906431828904,2018,6,14,3,45,13,2018,6,14,14,21,7
15.637,0.02121325856923216,2018,6,14,5,9,18,2018,6,14,17,26,26
11.688,0.050575508437905675,2018,6,14,11,48,38,2018,6,14,15,39,44
3.503,0.0942511210762332,2018,6,14,12,41,4,2018,6,14,13,18,14
7.671,0.08463773446119896,2018,6,14,13,50,21,2018,6,14,15,20,59
16.411,0.07144017993180005,2018,6,14,14,1,10,2018,6,14,17,50,53
2.754,0.04333595594020456,2018,6,14,14,33,38,2018,6,14,15,37,11
4.803,0.0861267184698147,2018,6,14,14,38,34,2018,6,14,15,34,20
22.624,0.034658632487361486,2018,6,14,14,46,51,2018,6,15,1,39,37
6.866,0.03798967170785688,2018,6,14,14,53,12,2018,6,14,17,53,56
6.838,0.038848593883155,2018,6,14,14,54,20,2018,6,14,17,50,21
11.168,0.03739494391428093,2018,6,14,15,10,16,2018,6,14,20,8,55
2.304,0.03876612450925407,2018,6,14,15,14,7,2018,6,14,16,13,33
4.599,0.0492222618622904,2018,6,14,15,18,46,2018,6,14,16,52,12
4.104,0.0302172045649773,2018,6,14,15,19,33,2018,6,14,17,35,22
4.776,0.039536423841059605,2018,6,14,15,25,2,2018,6,14,17,25,50
21.188,0.05195896513671475,2018,6,14,15,25,42,2018,6,14,22,13,29
7.871,0.08176246537396123,2018,6,14,15,27,9,2018,6,14,17,3,25
9.651,0.0384578601315003,2018,6,14,15,30,4,2018,6,14,19,41,1
13.644,0.03777060071975639,2018,6,14,15,30,55,2018,6,14,21,32,9
7.005,0.06238681905892831,2018,6,14,15,33,5,2018,6,14,17,25,22
2.552,0.02312292358803987,2018,6,14,15,35,49,2018,6,14,17,26,11
8.909,0.03605909336211549,2018,6,14,15,37,22,2018,6,14,19,44,26
11.826,0.050018327928944034,2018,6,14,15,50,19,2018,6,14,19,46,45
13.009,0.025600708452228674,2018,6,14,15,53,10,2018,6,15,0,21,19
1.94,0.0243158554418216,2018,6,14,15,54,17,2018,6,14,17,14,4
3.642,0.032954305534610165,2018,6,14,15,55,12,2018,6,14,17,45,43
11.086,0.02899437687982215,2018,6,14,16,0,53,2018,6,14,22,23,14
4.556,0.03062857142857143,2018,6,14,16,1,23,2018,6,14,18,30,8
5.487,0.031161381921438712,2018,6,14,16,6,37,2018,6,14,19,2,42
7.1,0.021760228839965264,2018,6,14,16,10,45,2018,6,14,21,37,2
2.234,0.027084259446352798,2018,6,14,16,13,17,2018,6,14,17,35,46
9.557,0.028223655067185115,2018,6,14,16,20,1,2018,6,14,21,58,38
13.65,0.03408239700374532,2018,6,14,16,22,21,2018,6,14,23,2,51
9.193,0.028386598733981777,2018,6,14,16,35,0,2018,6,14,21,58,51
4.06,0.0301186943620178,2018,6,14,17,3,27,2018,6,14,19,18,15
11.527,0.03931893121091529,2018,6,14,17,3,47,2018,6,14,21,56,57
2.497,0.029755710029791455,2018,6,14,17,24,5,2018,6,14,18,48,0
3.7,0.0383618455158113,2018,6,14,17,26,56,2018,6,14,19,3,23
1.516,0.032301136363636365,2018,6,14,17,36,41,2018,6,14,18,23,37
15.612,0.044918001342668074,2018,6,14,17,46,2,2018,6,14,23,33,36
10.247,0.030277750418595487,2018,6,14,17,47,11,2018,6,14,23,25,37
17.837,0.05323153444416812,2018,6,14,18,10,32,2018,6,14,23,45,37
5.944,0.04186898332942005,2018,6,14,18,42,26,2018,6,14,21,4,24
4.297,0.028353678653909597,2018,6,14,19,46,51,2018,6,14,22,18,24
5.568,0.043928994082840234,2018,6,14,20,7,15,2018,6,14,22,14,0
1.715,0.02910891089108911,2018,6,14,20,31,1,2018,6,14,21,29,56
6.845,0.04681942544459645,2018,6,14,20,36,1,2018,6,14,23,2,13
7.637,0.048751994893073726,2018,6,14,20,39,51,2018,6,14,23,16,30
1.333,0.02967717996289425,2018,6,14,20,41,42,2018,6,14,21,26,37
2.037,0.009552915429107394,2018,6,14,20,47,53,2018,6,15,0,21,7
1.378,0.0352129471890971,2018,6,14,21,48,56,2018,6,14,22,28,4
0.747,0.0672972972972973,2018,6,14,22,29,28,2018,6,14,22,40,34
10.045,0.09148451730418944,2018,6,14,22,51,21,2018,6,15,0,41,9
13.892,0.07705648516224461,2018,6,15,0,23,54,2018,6,15,3,24,11
5.235,0.04897863714330267,2018,6,15,0,54,14,2018,6,15,2,41,7
2.474,0.033432432432432435,2018,6,15,1,8,37,2018,6,15,2,22,37
10.219,0.05454011741682974,2018,6,15,1,13,6,2018,6,15,4,20,28
8.263,0.08524415405777166,2018,6,15,1,17,5,2018,6,15,2,54,1
3.505,0.056486704270749394,2018,6,15,1,33,29,2018,6,15,2,35,32
0.57,0.09047619047619047,2018,6,15,1,42,23,2018,6,15,1,48,41
2.646,0.09316901408450705,2018,6,15,1,45,17,2018,6,15,2,13,41
6.711,0.04970497469448216,2018,6,15,1,46,19,2018,6,15,4,1,20
10.622,0.095708064273915,2018,6,15,1,49,20,2018,6,15,3,40,19
11.947,0.09126814362108479,2018,6,15,1,50,14,2018,6,15,4,1,8
5.971,0.04803056710014748,2018,6,15,2,6,29,2018,6,15,4,10,48
11.542,0.05146551724137931,2018,6,15,2,9,0,2018,6,15,5,53,16
12.842,0.0998212203653323,2018,6,15,2,34,50,2018,6,15,4,43,29
10.038,0.09917339041659806,2018,6,15,3,25,19,2018,6,15,5,6,32
6.556,0.052287651202977535,2018,6,15,3,32,34,2018,6,15,5,37,57
39.946,0.0640673616680032,2018,6,15,4,20,31,2018,6,15,14,44,1
12.651,0.10282579246816581,2018,6,15,5,3,5,2018,6,15,7,6,7
12.713,0.051549638440224366,2018,6,15,5,21,21,2018,6,15,9,27,58
11.031,0.1079530256075681,2018,6,15,6,17,2,2018,6,15,7,59,13
11.762,0.04951378657124816,2018,6,15,11,45,36,2018,6,15,15,43,9
2.33,0.04913884007029878,2018,6,15,12,43,4,2018,6,15,13,30,29
2.654,0.09552489502099579,2018,6,15,13,49,47,2018,6,15,14,17,34
2.359,0.04417602996254682,2018,6,15,14,14,21,2018,6,15,15,7,45
1.075,0.020746220649726598,2018,6,15,14,17,16,2018,6,15,15,9,5
4.046,0.048358565737051794,2018,6,15,14,44,50,2018,6,15,16,8,30
10.578,0.05451640611578766,2018,6,15,14,51,32,2018,6,15,18,5,34
4.418,0.049161721068249266,2018,6,15,14,55,48,2018,6,15,16,25,40
9.796,0.019635197434355583,2018,6,15,14,55,50,2018,6,15,23,14,44
6.945,0.057035313441007394,2018,6,15,14,59,34,2018,6,15,17,1,20
0.729,0.05571974522292993,2018,6,15,15,4,13,2018,6,15,15,17,18
10.13,0.04215563878485227,2018,6,15,15,5,14,2018,6,15,19,5,32
6.093,0.040002188423241054,2018,6,15,15,13,26,2018,6,15,17,45,45
14.842,0.0408870523415978,2018,6,15,15,13,44,2018,6,15,21,16,44
6.365,0.019410419313850062,2018,6,15,15,18,43,2018,6,15,20,46,38
5.03,0.04248310810810811,2018,6,15,15,19,32,2018,6,15,17,17,56
5.081,0.0358405831177992,2018,6,15,15,20,1,2018,6,15,17,41,47
5.432,0.03824005631819782,2018,6,15,15,29,38,2018,6,15,17,51,41
1.552,0.03359307359307359,2018,6,15,15,34,50,2018,6,15,16,21,2
8.365,0.03317908375751967,2018,6,15,15,40,23,2018,6,15,19,52,30
8.583,0.03147222391981911,2018,6,15,15,42,4,2018,6,15,20,14,47
4.243,0.04176181102362205,2018,6,15,15,42,53,2018,6,15,17,24,29
15.023,0.03218869406849266,2018,6,15,15,54,3,2018,6,15,23,40,46
7.239,0.037488348006214395,2018,6,15,15,57,52,2018,6,15,19,10,58
1.483,0.031508498583569404,2018,6,15,15,59,15,2018,6,15,16,46,19
8.995,0.036367924528301884,2018,6,15,16,0,47,2018,6,15,20,8,7
4.082,0.021641777856322344,2018,6,15,16,3,45,2018,6,15,19,12,22
8.617,0.01977358779209852,2018,6,15,16,6,13,2018,6,15,23,22,0
5.898,0.022833914053426246,2018,6,15,16,7,46,2018,6,15,20,26,4
14.409,0.029459229222748493,2018,6,15,16,11,53,2018,6,16,0,21,0
1.227,0.026947291361639827,2018,6,15,16,13,55,2018,6,15,16,59,27
15.639,0.04126748174861466,2018,6,15,16,17,28,2018,6,15,22,36,26
2.512,0.028020078081427775,2018,6,15,16,29,54,2018,6,15,17,59,33
10.547,0.03184320434760731,2018,6,15,16,33,9,2018,6,15,22,4,22
5.1,0.027122850558411626,2018,6,15,16,35,0,2018,6,15,19,43,2
4.223,0.027395394096659097,2018,6,15,16,36,34,2018,6,15,19,10,43
9.053,0.03396785691951723,2018,6,15,16,38,5,2018,6,15,21,4,36
5.153,0.024389051037311666,2018,6,15,16,40,45,2018,6,15,20,12,2
1.423,0.030010544815465733,2018,6,15,16,51,27,2018,6,15,17,38,52
11.611,0.031755857416355185,2018,6,15,16,57,35,2018,6,15,23,3,13
9.399,0.029362699156513586,2018,6,15,17,0,3,2018,6,15,22,20,9
13.876,0.03127338291638494,2018,6,15,17,1,42,2018,6,16,0,25,24
7.465,0.027661808300395257,2018,6,15,17,12,42,2018,6,15,21,42,34
14.066,0.02508649901908329,2018,6,15,17,23,3,2018,6,16,2,43,45
13.937,0.029617482467946446,2018,6,15,17,26,48,2018,6,16,1,17,22
13.629,0.05283582089552239,2018,6,15,17,49,34,2018,6,15,22,7,31
6.662,0.037877380839571685,2018,6,15,18,15,24,2018,6,15,21,11,17
4.638,0.028942277691107642,2018,6,15,18,47,42,2018,6,15,21,27,57
7.397,0.032865817535545024,2018,6,15,18,53,29,2018,6,15,22,38,33
5.324,0.02827403080191184,2018,6,15,19,1,46,2018,6,15,22,10,4
1.592,0.02842857142857143,2018,6,15,19,43,9,2018,6,15,20,39,9
0.837,0.026726982437466736,2018,6,15,19,53,10,2018,6,15,20,24,29
8.23,0.03609913005336648,2018,6,15,19,53,21,2018,6,15,23,41,20
2.969,0.03378983308042489,2018,6,15,20,33,53,2018,6,15,22,1,45
9.005,0.053158205430932706,2018,6,15,21,5,12,2018,6,15,23,54,36
7.521,0.05160795974382434,2018,6,15,21,9,6,2018,6,15,23,34,50
1.884,0.036558861578266495,2018,6,15,21,39,7,2018,6,15,22,30,39
2.939,0.09990934844192634,2018,6,15,22,3,52,2018,6,15,22,33,17
2.727,0.057430677430677424,2018,6,15,22,22,29,2018,6,15,23,9,58
1.999,0.03225060500134445,2018,6,15,22,34,38,2018,6,15,23,36,37
2.691,0.05353448275862069,2018,6,15,22,35,24,2018,6,15,23,25,40
5.591,0.09039611964430073,2018,6,15,22,40,59,2018,6,15,23,42,50
1.734,0.030909090909090907,2018,6,15,22,43,15,2018,6,15,23,39,21
2.381,0.04101636520241171,2018,6,15,23,5,56,2018,6,16,0,3,59
2.135,0.07684463107378522,2018,6,15,23,10,8,2018,6,15,23,37,55
9.675,0.10083376758728504,2018,6,16,0,5,34,2018,6,16,1,41,31
13.331,0.1003840361445783,2018,6,16,0,15,31,2018,6,16,2,28,19
10.298,0.06837981407702523,2018,6,16,0,25,49,2018,6,16,2,56,25
1.786,0.030254093732354603,2018,6,16,0,31,23,2018,6,16,1,30,25
13.913,0.08021331795906601,2018,6,16,0,55,17,2018,6,16,3,48,44
24.895,0.09828913601368691,2018,6,16,1,3,55,2018,6,16,5,17,12
3.773,0.09312217194570137,2018,6,16,1,16,31,2018,6,16,1,57,2
13.711,0.054909891870244296,2018,6,16,1,19,36,2018,6,16,5,29,18
6.103,0.04655816910362364,2018,6,16,1,22,10,2018,6,16,3,33,15
6.419,0.051005164878824,2018,6,16,2,4,40,2018,6,16,4,10,31
3.026,0.09128205128205127,2018,6,16,2,31,15,2018,6,16,3,4,24
31.436,0.10183899357486097,2018,6,16,2,32,10,2018,6,16,7,40,51
6.618,0.05128244866330879,2018,6,16,4,2,51,2018,6,16,6,11,54
13.908,0.08546497337156904,2018,6,16,4,33,21,2018,6,16,7,16,5
8.319,0.09722243864433192,2018,6,16,4,55,57,2018,6,16,6,21,31
14.083,0.021100761643151455,2018,6,16,5,19,28,2018,6,16,16,26,53
8.978,0.042881706734596396,2018,6,16,6,2,57,2018,6,16,9,32,19
16.756,0.02843453912945103,2018,6,16,6,4,0,2018,6,16,15,53,17
1.983,0.059223494275759084,2018,6,16,6,39,51,2018,6,16,7,13,20
3.693,0.10432203389830509,2018,6,16,7,9,53,2018,6,16,7,45,17
2.35,0.032867132867132866,2018,6,16,14,12,17,2018,6,16,15,23,47
2.193,0.10509584664536742,2018,6,16,14,31,14,2018,6,16,14,52,6
11.941,0.048955244277417154,2018,6,16,15,43,30,2018,6,16,19,47,25
7.917,0.052826957295373664,2018,6,16,16,5,58,2018,6,16,18,35,50
22.969,0.1042465960665658,2018,6,16,16,12,55,2018,6,16,19,53,15
4.206,0.023565225511252223,2018,6,16,18,58,25,2018,6,16,21,56,54
13.98,0.03615205585725369,2018,6,16,19,18,7,2018,6,17,1,44,49
13.962,0.04986725400321447,2018,6,16,19,26,39,2018,6,17,0,6,38
4.24,0.1013142174432497,2018,6,16,19,27,5,2018,6,16,20,8,56
12.196,0.06959863039756516,2018,6,16,19,40,2,2018,6,16,22,35,16
7.135,0.09644063978373507,2018,6,16,21,16,33,2018,6,16,22,30,32
4.403,0.05275159744408945,2018,6,16,21,18,23,2018,6,16,22,41,51
11.366,0.08091599430469862,2018,6,16,21,47,6,2018,6,17,0,7,34
13.874,0.07115479955551757,2018,6,16,22,10,13,2018,6,17,1,25,12
42.066,0.04670713201820941,2018,6,16,22,11,6,2018,6,17,13,11,44
4.045,0.05082722513089005,2018,6,16,22,25,16,2018,6,16,23,44,51
13.901,0.014602913369283564,2018,6,16,23,0,47,2018,6,17,14,52,43
9.777,0.0953698585595838,2018,6,16,23,0,59,2018,6,17,0,43,30
13.917,0.09294523597506679,2018,6,16,23,12,49,2018,6,17,1,42,33
12.199,0.04704891688628912,2018,6,17,0,16,46,2018,6,17,4,36,3
9.448,0.08687816091954023,2018,6,17,1,43,54,2018,6,17,3,32,39
3.262,0.04570761326482952,2018,6,17,1,50,17,2018,6,17,3,1,39
14.433,0.10420938628158845,2018,6,17,2,11,4,2018,6,17,4,29,34
13.519,0.09746935832732517,2018,6,17,3,29,52,2018,6,17,5,48,34
3.72,0.10454332552693209,2018,6,17,3,46,22,2018,6,17,4,21,57
5.809,0.05338336651860928,2018,6,17,3,56,52,2018,6,17,5,45,41
2.003,0.04096114519427403,2018,6,17,4,12,45,2018,6,17,5,1,39
1.388,0.09517714285714285,2018,6,17,6,27,1,2018,6,17,6,41,36
41.942,0.07747429345483653,2018,6,17,15,19,23,2018,6,18,0,20,45
15.124,0.03167440399315857,2018,6,17,15,54,24,2018,6,17,23,51,53
9.926,0.048880499015101775,2018,6,17,16,47,33,2018,6,17,20,10,37
6.861,0.05319291898178059,2018,6,17,16,58,12,2018,6,17,19,7,11
13.485,0.05561206955804523,2018,6,17,17,11,7,2018,6,17,21,13,36
15.873,0.09762993336750383,2018,6,17,17,49,24,2018,6,17,20,31,59
6.205,0.048194174757281556,2018,6,17,17,57,29,2018,6,17,20,6,14
13.168,0.10282144716293597,2018,6,17,18,15,54,2018,6,17,20,23,58
11.872,0.04902746231674582,2018,6,17,18,17,41,2018,6,17,22,19,50
28.908,0.08884290324232956,2018,6,17,19,36,19,2018,6,18,1,1,42
11.201,0.09695037507212927,2018,6,17,19,37,29,2018,6,17,21,33,1
13.949,0.0705861516403812,2018,6,17,21,7,2,2018,6,18,0,24,39
14.539,0.05332803521212862,2018,6,17,21,24,54,2018,6,18,1,57,32
7.763,0.05110599078341013,2018,6,17,21,25,45,2018,6,17,23,57,39
21.641,0.09534880305478043,2018,6,17,21,33,2,2018,6,18,1,20,0
12.954,0.09847206385404789,2018,6,17,21,59,48,2018,6,18,0,11,21
6.258,0.09894071146245059,2018,6,17,23,5,50,2018,6,18,0,9,5
8.352,0.10060630395502912,2018,6,17,23,6,36,2018,6,18,0,29,37
5.621,0.10490202177293935,2018,6,17,23,17,16,2018,6,18,0,10,51
3.257,0.09305714285714287,2018,6,17,23,54,32,2018,6,18,0,29,32
11.437,0.05410122989593188,2018,6,18,0,4,9,2018,6,18,3,35,33
4.1,0.04791585508375536,2018,6,18,0,45,40,2018,6,18,2,11,14
16.845,0.09831712062256807,2018,6,18,1,1,6,2018,6,18,3,52,26
42.349,0.10266009454163467,2018,6,18,1,35,55,2018,6,18,8,28,26
6.47,0.09554516367216342,2018,6,18,2,22,14,2018,6,18,3,29,57
13.958,0.09236572184846145,2018,6,18,2,48,20,2018,6,18,5,19,27
6.045,0.04789383335534134,2018,6,18,2,59,42,2018,6,18,5,5,55
14.085,0.018695661792358917,2018,6,18,3,37,57,2018,6,18,16,11,20
6.071,0.10518625469246318,2018,6,18,4,13,24,2018,6,18,5,11,7
2.302,0.10346067415730337,2018,6,18,4,50,10,2018,6,18,5,12,25
8.345,0.05463771278917504,2018,6,18,9,43,44,2018,6,18,12,16,28
11.838,0.045969840139796776,2018,6,18,11,47,6,2018,6,18,16,4,37
8.118,0.06217513403114629,2018,6,18,13,23,30,2018,6,18,15,34,4
16.833,0.042568490263845564,2018,6,18,13,57,17,2018,6,18,20,32,43
9.818,0.04875682833967886,2018,6,18,13,57,39,2018,6,18,17,19,1
15.275,0.059163385191401456,2018,6,18,14,0,35,2018,6,18,18,18,46
19.9,0.0337516960651289,2018,6,18,14,33,4,2018,6,19,0,22,40
8.808,0.03489007724301842,2018,6,18,14,42,42,2018,6,18,18,55,9
3.101,0.041895969376266606,2018,6,18,14,47,8,2018,6,18,16,1,9
6.635,0.03366026887629999,2018,6,18,14,47,13,2018,6,18,18,4,20
17.642,0.03820406395495723,2018,6,18,14,53,44,2018,6,18,22,35,31
5.611,0.04715126050420168,2018,6,18,14,56,38,2018,6,18,16,55,38
10.799,0.035638303723667566,2018,6,18,14,58,38,2018,6,18,20,1,39
19.39,0.033796188705554266,2018,6,18,15,1,39,2018,6,19,0,35,23
6.588,0.03178513991637182,2018,6,18,15,5,52,2018,6,18,18,33,8
3.468,0.029191919191919193,2018,6,18,15,8,12,2018,6,18,17,7,0
14.122,0.029357632873674728,2018,6,18,15,16,6,2018,6,18,23,17,8
8.888,0.0394175474905758,2018,6,18,15,17,10,2018,6,18,19,2,39
9.948,0.03636851084572264,2018,6,18,15,21,38,2018,6,18,19,55,10
15.918,0.032827387090121674,2018,6,18,15,24,43,2018,6,18,23,29,37
6.705,0.03004480955937267,2018,6,18,15,26,2,2018,6,18,19,9,12
14.091,0.03857905544147844,2018,6,18,15,27,14,2018,6,18,21,32,29
9.145,0.02852760736196319,2018,6,18,15,32,38,2018,6,18,20,53,12
21.659,0.032765367354142504,2018,6,18,15,42,28,2018,6,19,2,43,30
13.613,0.03200799435692452,2018,6,18,15,43,53,2018,6,18,22,49,11
20.604,0.038910956532687044,2018,6,18,15,44,43,2018,6,19,0,34,14
5.353,0.0369639774427437,2018,6,18,15,49,19,2018,6,18,18,14,8
13.043,0.026066884284857768,2018,6,18,16,0,2,2018,6,19,0,20,24
8.438,0.020376720598889158,2018,6,18,16,5,1,2018,6,18,22,59,7
7.757,0.03401695658529454,2018,6,18,16,5,51,2018,6,18,19,53,53
5.767,0.031803308823529414,2018,6,18,16,15,48,2018,6,18,19,17,8
10.518,0.027750758541840732,2018,6,18,16,16,0,2018,6,18,22,35,1
5.862,0.03165796579657966,2018,6,18,16,34,42,2018,6,18,19,39,52
14.914,0.034668939599395605,2018,6,18,16,42,36,2018,6,18,23,52,47
16.1,0.038222609108534804,2018,6,18,16,45,21,2018,6,18,23,46,34
7.017,0.02831909598439497,2018,6,18,17,9,46,2018,6,18,21,17,33
7.602,0.02763861116160698,2018,6,18,17,9,56,2018,6,18,21,44,59
23.209,0.052566532029745955,2018,6,18,17,20,24,2018,6,19,0,41,55
10.46,0.026584208742799056,2018,6,18,17,49,51,2018,6,19,0,23,19
6.4,0.027707626812901367,2018,6,18,17,55,18,2018,6,18,21,46,17
5.101,0.027680202586596727,2018,6,18,19,2,47,2018,6,18,22,7,4
13.969,0.03922040243331773,2018,6,18,19,5,58,2018,6,19,1,2,8
6.012,0.028701464035646083,2018,6,18,19,31,49,2018,6,18,23,1,17
6.749,0.037739049394221805,2018,6,18,19,31,51,2018,6,18,22,30,41
3.986,0.029066601847350514,2018,6,18,19,52,4,2018,6,18,22,9,12
3.075,0.031799379524301966,2018,6,18,20,46,39,2018,6,18,22,23,21
5.739,0.029144308082945408,2018,6,18,21,12,11,2018,6,19,0,29,6
2.786,0.09164473684210526,2018,6,18,22,40,16,2018,6,18,23,10,40
1.821,0.0922804054054054,2018,6,18,23,52,9,2018,6,19,0,11,53
14.026,0.05424170157911699,2018,6,18,23,54,17,2018,6,19,4,12,52
14.79,0.05660882878285277,2018,6,19,0,7,45,2018,6,19,4,29,1
16.364,0.053515016078922985,2018,6,19,0,11,31,2018,6,19,5,17,18
12.269,0.09989686524630208,2018,6,19,0,42,15,2018,6,19,2,45,4
10.335,0.015475804237689985,2018,6,19,1,8,11,2018,6,19,12,16,0
13.723,0.09922631959508316,2018,6,19,1,58,29,2018,6,19,4,16,47
6.028,0.048869071747061205,2018,6,19,2,15,10,2018,6,19,4,18,31
26.043,0.09484552352048559,2018,6,19,2,19,49,2018,6,19,6,54,24
12.647,0.09865054602184088,2018,6,19,2,19,50,2018,6,19,4,28,2
13.903,0.09159767212034699,2018,6,19,2,43,42,2018,6,19,5,15,29
15.835,0.050837390978650546,2018,6,19,3,16,26,2018,6,19,8,27,55
6.674,0.04914580265095729,2018,6,19,3,17,9,2018,6,19,5,32,57
10.725,0.07504373177842566,2018,6,19,3,17,41,2018,6,19,5,40,36
25.534,0.08971890372452564,2018,6,19,3,54,29,2018,6,19,8,39,5
14.101,0.023382804079263745,2018,6,19,4,9,13,2018,6,19,14,12,16
13.77,0.053911908646003266,2018,6,19,5,36,47,2018,6,19,9,52,12
1.244,0.059238095238095236,2018,6,19,6,35,40,2018,6,19,6,56,40
11.608,0.05097189695550352,2018,6,19,11,50,15,2018,6,19,15,37,59
3.058,0.1083116883116883,2018,6,19,12,10,49,2018,6,19,12,39,3
2.161,0.05754993342210386,2018,6,19,12,21,22,2018,6,19,12,58,55
12.077,0.05389512830048345,2018,6,19,13,9,12,2018,6,19,16,53,17
2.453,0.042451687337755985,2018,6,19,13,24,19,2018,6,19,14,22,6
7.102,0.022177578848756114,2018,6,19,13,51,50,2018,6,19,19,12,4
17.167,0.0626570959304094,2018,6,19,14,4,42,2018,6,19,18,38,41
13.089,0.07403280542986425,2018,6,19,14,4,52,2018,6,19,17,1,40
0.823,0.050854788877445926,2018,6,19,14,21,7,2018,6,19,14,37,18
24.048,0.055427166564228636,2018,6,19,14,30,27,2018,6,19,21,44,19
6.875,0.013028235740003788,2018,6,19,14,40,25,2018,6,19,23,28,7
1.823,0.032142227446370845,2018,6,19,14,47,36,2018,6,19,15,44,19
5.434,0.04500207039337474,2018,6,19,14,54,50,2018,6,19,16,55,35
16.852,0.0840219378427788,2018,6,19,15,0,12,2018,6,19,18,20,46
4.827,0.03963054187192118,2018,6,19,15,2,7,2018,6,19,17,3,55
8.645,0.0756563593932322,2018,6,19,15,4,37,2018,6,19,16,58,53
11.231,0.019624322907565963,2018,6,19,15,14,58,2018,6,20,0,47,16
5.94,0.0541888398966094,2018,6,19,15,18,38,2018,6,19,17,8,15
10.946,0.028457038866502016,2018,6,19,15,20,15,2018,6,19,21,44,54
9.806,0.05701162790697674,2018,6,19,15,28,56,2018,6,19,18,20,56
6.472,0.032536237955592795,2018,6,19,15,31,16,2018,6,19,18,50,11
2.477,0.029652833200319233,2018,6,19,15,35,12,2018,6,19,16,58,44
9.008,0.030996157595916726,2018,6,19,15,46,45,2018,6,19,20,37,22
20.65,0.04516787576100032,2018,6,19,15,46,51,2018,6,19,23,24,2
3.12,0.023202776400594944,2018,6,19,15,48,49,2018,6,19,18,3,17
15.07,0.03889701454013594,2018,6,19,15,50,36,2018,6,19,22,18,2
8.27,0.02173360781393719,2018,6,19,15,54,5,2018,6,19,22,14,36
12.889,0.023560917649209395,2018,6,19,15,56,36,2018,6,20,1,3,39
5.531,0.017841935483870967,2018,6,19,15,58,23,2018,6,19,21,8,23
4.152,0.028558982001604956,2018,6,19,15,58,25,2018,6,19,18,23,48
4.709,0.030525064822817628,2018,6,19,16,0,32,2018,6,19,18,34,48
2.703,0.027918746772249956,2018,6,19,16,1,27,2018,6,19,17,38,16
2.869,0.028219672131147542,2018,6,19,16,2,16,2018,6,19,17,43,56
3.059,0.02066426480522405,2018,6,19,16,7,47,2018,6,19,18,35,49
5.325,0.029801324503311258,2018,6,19,16,13,1,2018,6,19,19,11,42
8.855,0.02991554054054054,2018,6,19,16,18,26,2018,6,19,21,14,26
20.674,0.03782175198951124,2018,6,19,16,22,35,2018,6,20,1,29,12
7.277,0.03148626234946275,2018,6,19,16,32,12,2018,6,19,20,23,19
18.939,0.04514839683737931,2018,6,19,16,39,54,2018,6,19,23,39,23
5.394,0.027897595034910783,2018,6,19,16,48,46,2018,6,19,20,2,7
7.111,0.026518739511467465,2018,6,19,17,2,29,2018,6,19,21,30,38
7.267,0.027505677517032555,2018,6,19,17,8,27,2018,6,19,21,32,39
3.507,0.02743058271411811,2018,6,19,17,10,25,2018,6,19,19,18,16
13.936,0.030497866287339973,2018,6,19,17,12,48,2018,6,20,0,49,45
8.637,0.030850101202524113,2018,6,19,17,24,34,2018,6,19,22,4,32
7.316,0.030593810984109283,2018,6,19,18,44,40,2018,6,19,22,43,48
4.127,0.030234432234432233,2018,6,19,19,48,55,2018,6,19,22,5,25
4.689,0.020532768938841043,2018,6,19,20,3,42,2018,6,19,23,52,4
15.109,0.06793615107913668,2018,6,19,20,15,36,2018,6,19,23,58,0
3.382,0.040519169329073484,2018,6,19,20,32,20,2018,6,19,21,55,48
1.877,0.030306781485468247,2018,6,19,20,45,3,2018,6,19,21,46,59
1.982,0.011331110052405908,2018,6,19,21,37,24,2018,6,20,0,32,19
7.136,0.07610380376821899,2018,6,19,21,57,37,2018,6,19,23,31,23
4.578,0.07676914477361656,2018,6,19,22,8,17,2018,6,19,23,7,55
13.343,0.053393357342937174,2018,6,19,23,11,45,2018,6,20,3,21,39
14.257,0.10773551637279596,2018,6,19,23,18,45,2018,6,20,1,31,5
4.567,0.05488083316643301,2018,6,19,23,45,40,2018,6,20,1,8,53
14.818,0.05630295738078652,2018,6,20,0,25,50,2018,6,20,4,49,1
10.342,0.055666995604198445,2018,6,20,0,36,17,2018,6,20,3,42,4
3.991,0.028345170454545453,2018,6,20,0,36,37,2018,6,20,2,57,25
6.935,0.03683930942895086,2018,6,20,0,45,38,2018,6,20,3,53,53
2.245,0.028238993710691825,2018,6,20,1,3,54,2018,6,20,2,23,24
10.514,0.04577939042089985,2018,6,20,1,26,32,2018,6,20,5,16,12
6.871,0.03993219682293685,2018,6,20,1,34,8,2018,6,20,4,26,12
3.429,0.030026269702276707,2018,6,20,1,49,34,2018,6,20,3,43,46
1.456,0.027857142857142858,2018,6,20,2,0,44,2018,6,20,2,53,0
5.955,0.049777096684313175,2018,6,20,2,11,9,2018,6,20,4,10,47
7.468,0.06809726443768997,2018,6,20,2,32,41,2018,6,20,4,22,21
4.058,0.06477254588986432,2018,6,20,2,35,57,2018,6,20,3,38,36
10.87,0.0541604384653712,2018,6,20,2,53,31,2018,6,20,6,14,13
5.047,0.10588111888111888,2018,6,20,2,57,56,2018,6,20,3,45,36
11.38,0.09237012987012988,2018,6,20,3,7,12,2018,6,20,5,10,24
4.667,0.0905627425614489,2018,6,20,3,7,32,2018,6,20,3,59,4
6.69,0.09768800194694573,2018,6,20,3,24,21,2018,6,20,4,32,50
15.155,0.10859906843425295,2018,6,20,3,28,28,2018,6,20,5,48,1
16.438,0.1035138539042821,2018,6,20,3,46,24,2018,6,20,6,25,12
6.551,0.046226037868987414,2018,6,20,4,8,45,2018,6,20,6,30,28
16.305,0.049015481737562004,2018,6,20,4,21,40,2018,6,20,9,54,19
16.011,0.05351568157762798,2018,6,20,4,43,15,2018,6,20,9,42,26
10.004,0.05463681048607318,2018,6,20,6,12,2,2018,6,20,9,15,8
11.289,0.09003588993752491,2018,6,20,6,55,0,2018,6,20,9,0,23
11.756,0.0473873026536782,2018,6,20,11,49,52,2018,6,20,15,57,57
7.495,0.10278857142857142,2018,6,20,13,5,42,2018,6,20,14,18,37
10.47,0.0505471515931767,2018,6,20,13,48,9,2018,6,20,17,15,17
5.614,0.07414483821263482,2018,6,20,13,48,48,2018,6,20,15,4,31
6.553,0.09715344699777613,2018,6,20,14,5,11,2018,6,20,15,12,38
9.961,0.08712244897959184,2018,6,20,14,18,41,2018,6,20,16,13,1
4.474,0.00771113409169252,2018,6,20,14,32,35,2018,6,21,0,12,47
2.865,0.044110854503464206,2018,6,20,14,45,44,2018,6,20,15,50,41
9.431,0.015965352820020876,2018,6,20,14,52,58,2018,6,21,0,43,41
2.292,0.03882552230378317,2018,6,20,14,56,55,2018,6,20,15,55,57
6.476,0.04141106255994884,2018,6,20,15,5,47,2018,6,20,17,42,10
8.352,0.038350042090762995,2018,6,20,15,12,56,2018,6,20,18,50,43
17.411,0.02877137899694291,2018,6,20,15,15,33,2018,6,21,1,20,42
10.411,0.03483104717296755,2018,6,20,15,19,27,2018,6,20,20,18,21
6.557,0.02984524351388257,2018,6,20,15,19,42,2018,6,20,18,59,24
5.097,0.04385144823630628,2018,6,20,15,20,8,2018,6,20,17,16,22
8.154,0.03952815706552476,2018,6,20,15,21,20,2018,6,20,18,47,37
18.809,0.02812210316471468,2018,6,20,15,31,41,2018,6,21,2,40,31
6.432,0.03584618242615642,2018,6,20,15,35,58,2018,6,20,18,35,24
3.394,0.031803841949086364,2018,6,20,15,36,11,2018,6,20,17,22,54
13.984,0.023414634146341463,2018,6,20,15,46,27,2018,6,21,1,43,41
4.43,0.04219047619047619,2018,6,20,15,47,3,2018,6,20,17,32,3
18.528,0.0340213000367242,2018,6,20,15,47,24,2018,6,21,0,52,0
13.363,0.025171255454745235,2018,6,20,15,48,11,2018,6,21,0,39,4
6.611,0.033397322556201064,2018,6,20,15,48,56,2018,6,20,19,6,53
4.194,0.030879862559823293,2018,6,20,15,50,49,2018,6,20,18,6,38
6.283,0.03433020672069939,2018,6,20,15,51,39,2018,6,20,18,54,40
7.393,0.013443447690629167,2018,6,20,15,56,15,2018,6,21,1,6,11
5.766,0.021921176023317702,2018,6,20,16,2,39,2018,6,20,20,25,41
3.794,0.029013510068824876,2018,6,20,16,6,9,2018,6,20,18,16,55
2.292,0.03107796610169491,2018,6,20,16,10,0,2018,6,20,17,23,45
11.63,0.027997111218103037,2018,6,20,16,12,44,2018,6,20,23,8,8
9.325,0.02034101650548971,2018,6,20,16,17,5,2018,6,20,23,55,31
8.794,0.027641049819267644,2018,6,20,16,21,19,2018,6,20,21,39,28
4.992,0.03120325033857694,2018,6,20,16,26,28,2018,6,20,19,6,27
14.266,0.032805457611528435,2018,6,20,16,44,11,2018,6,20,23,59,3
13.878,0.02884439517805182,2018,6,20,16,46,14,2018,6,21,0,47,22
7.451,0.028757236588189884,2018,6,20,16,47,26,2018,6,20,21,6,32
7.613,0.026515353805073433,2018,6,20,16,50,54,2018,6,20,21,38,1
17.896,0.039617754492122646,2018,6,20,17,4,50,2018,6,21,0,36,33
6.631,0.031394302848575716,2018,6,20,17,9,23,2018,6,20,20,40,36
18.868,0.04311700182815356,2018,6,20,17,12,53,2018,6,21,0,30,29
1.022,0.023758233242929097,2018,6,20,17,16,5,2018,6,20,17,59,6
9.222,0.027695079833825513,2018,6,20,17,21,26,2018,6,20,22,54,25
13.728,0.03311542636593897,2018,6,20,17,28,29,2018,6,21,0,23,2
14.168,0.04131816856226305,2018,6,20,18,51,44,2018,6,21,0,34,38
7.235,0.027410494411820422,2018,6,20,18,56,13,2018,6,20,23,20,10
19.781,0.04940721005744734,2018,6,20,19,3,12,2018,6,21,1,43,34
1.638,0.02812821980538065,2018,6,20,19,5,34,2018,6,20,20,3,48
0.61,0.02531120331950207,2018,6,20,19,42,16,2018,6,20,20,6,22
2.352,0.029461377870563674,2018,6,20,20,24,27,2018,6,20,21,44,17
5.701,0.030246706163232825,2018,6,20,20,24,28,2018,6,20,23,32,57
6.336,0.03236230526943049,2018,6,20,20,52,57,2018,6,21,0,8,44
0.599,0.0687189292543021,2018,6,20,23,24,14,2018,6,20,23,32,57
6.857,0.05204554079696395,2018,6,20,23,43,0,2018,6,21,1,54,45
2.03,0.05332749562171628,2018,6,20,23,45,2,2018,6,21,0,23,6
25.711,0.08240264943112013,2018,6,21,1,7,16,2018,6,21,6,19,17
19.315,0.09098688859229019,2018,6,21,1,43,17,2018,6,21,5,15,34
10.099,0.09751206952043773,2018,6,21,1,47,57,2018,6,21,3,31,31
14.01,0.06337932594435648,2018,6,21,1,58,0,2018,6,21,5,39,3
6.041,0.04902745840660084,2018,6,21,1,58,8,2018,6,21,4,1,21
3.652,0.09424516129032258,2018,6,21,2,3,53,2018,6,21,2,42,38
10.853,0.054702620967741936,2018,6,21,2,9,13,2018,6,21,5,27,37
5.267,0.10283761796290271,2018,6,21,2,17,2,2018,6,21,3,8,15
13.451,0.09780174503150751,2018,6,21,2,48,20,2018,6,21,5,5,52
16.134,0.08770861647186737,2018,6,21,2,55,3,2018,6,21,5,59,0
6.659,0.05078037620742247,2018,6,21,3,26,14,2018,6,21,5,37,22
4.248,0.05109863672814755,2018,6,21,3,26,55,2018,6,21,4,50,3
15.999,0.05256776737309019,2018,6,21,3,36,32,2018,6,21,8,40,53
5.169454898446871,0.11415800291012597,2018,6,21,4,53,29,2018,6,21,5,38,46
10.895,0.09222629796839728,2018,6,21,4,55,33,2018,6,21,6,53,41
1.163,0.09074122236671002,2018,6,21,5,59,3,2018,6,21,6,11,52
14.255,0.026964060529634303,2018,6,21,9,28,35,2018,6,21,18,17,15
11.893,0.047107208872458416,2018,6,21,11,49,47,2018,6,21,16,2,15
11.324,0.0511587982832618,2018,6,21,13,43,29,2018,6,21,17,24,50
8.846,0.08436814496900334,2018,6,21,13,47,54,2018,6,21,15,32,45
13.464,0.07718708197974393,2018,6,21,13,51,32,2018,6,21,16,45,58
4.704,0.10582677165354329,2018,6,21,14,34,29,2018,6,21,15,18,56
4.724304062123432,0.07605533773206491,2018,6,21,14,40,31,2018,6,21,15,42,38
7.631,0.060772498009025754,2018,6,21,14,45,37,2018,6,21,16,51,11
2.052,0.03258867125463208,2018,6,21,14,57,25,2018,6,21,16,0,23
5.74,0.046889040163376444,2018,6,21,14,58,23,2018,6,21,17,0,48
8.945,0.026389025469564367,2018,6,21,15,7,17,2018,6,21,20,46,15
6.278,0.04471509971509971,2018,6,21,15,16,55,2018,6,21,17,37,19
1.195,0.0846517119244392,2018,6,21,15,19,49,2018,6,21,15,33,56
6.2992906212654765,0.03469090750582181,2018,6,21,15,22,3,2018,6,21,18,23,38
13.898,0.04060972046362131,2018,6,21,15,22,34,2018,6,21,21,4,48
1.223,0.0477423552374756,2018,6,21,15,29,31,2018,6,21,15,55,8
4.772,0.041957796014067995,2018,6,21,15,31,23,2018,6,21,17,25,7
18.543,0.04093528091541263,2018,6,21,15,31,25,2018,6,21,23,4,24
5.931,0.036517188301693176,2018,6,21,15,38,17,2018,6,21,18,20,42
2.748,0.03189785258270458,2018,6,21,15,40,18,2018,6,21,17,6,27
8.763,0.029442266771194985,2018,6,21,15,41,3,2018,6,21,20,38,41
11.43,0.041886031881756554,2018,6,21,15,41,49,2018,6,21,20,14,42
23.219,0.028788047858161307,2018,6,21,15,47,15,2018,6,22,5,13,48
5.119,0.04159534127843987,2018,6,21,15,50,47,2018,6,21,17,53,51
7.209,0.013505901455067757,2018,6,21,15,52,49,2018,6,22,0,46,35
16.089,0.04214906344147055,2018,6,21,15,53,30,2018,6,21,22,15,13
2.374,0.00451645633838544,2018,6,21,15,55,51,2018,6,22,0,41,29
4.784039725207919,0.0423116720979474,2018,6,21,15,57,29,2018,6,21,17,50,33
10.499,0.03770289681589658,2018,6,21,16,7,21,2018,6,21,20,45,49
25.498,0.05319656455370493,2018,6,21,16,13,53,2018,6,22,0,13,12
4.458,0.037093329635279434,2018,6,21,16,17,20,2018,6,21,18,17,31
1.49,0.03151216073316884,2018,6,21,16,17,51,2018,6,21,17,5,8
4.512,0.020694083473475,2018,6,21,16,18,48,2018,6,21,19,56,50
1.32,0.02560620756547042,2018,6,21,16,39,5,2018,6,21,17,30,38
24.033,0.04235511822587752,2018,6,21,17,0,9,2018,6,22,2,27,34
8.433,0.02791305786947647,2018,6,21,17,4,50,2018,6,21,22,6,57
7.07,0.029660187386379527,2018,6,21,17,9,36,2018,6,21,21,7,58
9.582,0.03527549392563505,2018,6,21,17,38,0,2018,6,21,22,9,38
6.784,0.026532820546248614,2018,6,21,17,38,49,2018,6,21,21,54,30
3.402,0.008103215561730846,2018,6,21,18,4,13,2018,6,22,1,4,3
7.472,0.01912056979570947,2018,6,21,18,40,36,2018,6,22,1,11,23
8.058,0.03256196120689655,2018,6,21,18,58,58,2018,6,21,23,6,26
6.828,0.036480854853072134,2018,6,21,19,10,22,2018,6,21,22,17,32
5.256,0.019226923545909037,2018,6,21,20,9,56,2018,6,22,0,43,18
6.754,0.07227394328517923,2018,6,21,20,23,38,2018,6,21,21,57,5
4.359,0.03347069362682365,2018,6,21,20,32,37,2018,6,21,22,42,51
2.455,0.015270578478125647,2018,6,21,20,48,23,2018,6,21,23,29,9
8.709,0.0636080340839927,2018,6,21,21,35,45,2018,6,21,23,52,40
5.43,0.04105342741935483,2018,6,21,21,57,46,2018,6,22,0,10,2
13.96,0.03621740822415359,2018,6,21,22,1,46,2018,6,22,4,27,13
12.831,0.05648275862068965,2018,6,21,23,17,3,2018,6,22,3,4,13
7.633,0.05468417910447761,2018,6,21,23,28,48,2018,6,22,1,48,23
2.404,0.03315862068965517,2018,6,21,23,44,33,2018,6,22,0,57,3
13.673,0.09843772498200144,2018,6,21,23,44,47,2018,6,22,2,3,41
16.143,0.05470349034225686,2018,6,22,0,15,4,2018,6,22,5,10,10
11.047,0.10266728624535316,2018,6,22,0,19,28,2018,6,22,2,7,4
13.892,0.04852817885421518,2018,6,22,0,24,45,2018,6,22,5,11,1
1.583,0.05147967479674797,2018,6,22,0,30,0,2018,6,22,1,0,45
6.62,0.052009951551656414,2018,6,22,0,47,39,2018,6,22,2,54,56
1.29,0.05305003427004798,2018,6,22,0,59,51,2018,6,22,1,24,10
6.072,0.09253746507493016,2018,6,22,1,0,24,2018,6,22,2,6,1
8.48,0.060549803641556585,2018,6,22,1,16,33,2018,6,22,3,36,36
7.893,0.0969259107654523,2018,6,22,1,47,53,2018,6,22,3,9,19
10.351,0.09975265017667845,2018,6,22,1,49,32,2018,6,22,3,33,18
13.272,0.10341818181818181,2018,6,22,1,51,20,2018,6,22,3,59,40
2.1,0.032625582599689285,2018,6,22,2,10,24,2018,6,22,3,14,46
5.977,0.048435980551053484,2018,6,22,2,23,40,2018,6,22,4,27,4
5.123,0.04781147923471769,2018,6,22,2,26,42,2018,6,22,4,13,51
15.026,0.09789988055163427,2018,6,22,2,36,21,2018,6,22,5,9,50
16.267,0.05647937040680516,2018,6,22,3,4,4,2018,6,22,7,52,5
5.793,0.1066523473458116,2018,6,22,4,18,17,2018,6,22,5,12,36
0.78,0.09454545454545454,2018,6,22,4,36,4,2018,6,22,4,44,19
0.8,0.09504950495049506,2018,6,22,5,1,53,2018,6,22,5,10,18
5.025,0.09430716296527995,2018,6,22,5,27,47,2018,6,22,6,21,4
14.222,0.09799265043638034,2018,6,22,5,29,23,2018,6,22,7,54,31
29.828,0.10912682926829269,2018,6,22,6,0,22,2018,6,22,10,33,42
14.076,0.032491824722040555,2018,6,22,7,41,42,2018,6,22,14,54,55
11.603,0.053216633542271824,2018,6,22,13,2,44,2018,6,22,16,40,46
15.443,0.06663166978282756,2018,6,22,14,0,58,2018,6,22,17,52,44
9.857,0.061356987239340174,2018,6,22,14,36,55,2018,6,22,17,17,34
2.235,0.04453669877117237,2018,6,22,14,45,12,2018,6,22,15,35,23
7.888,0.014246410403058308,2018,6,22,14,49,40,2018,6,23,0,3,21
6.39,0.036403342195214586,2018,6,22,14,59,49,2018,6,22,17,55,21
2.604,0.04126782884310618,2018,6,22,15,4,36,2018,6,22,16,7,42
5.828,0.043525018670649736,2018,6,22,15,7,17,2018,6,22,17,21,11
22.796,0.04347339647829127,2018,6,22,15,9,17,2018,6,22,23,53,39
11.042,0.04346673664873376,2018,6,22,15,12,59,2018,6,22,19,27,1
16.646,0.039044566067240036,2018,6,22,15,27,30,2018,6,22,22,33,50
8.478,0.04286147623862487,2018,6,22,15,32,58,2018,6,22,18,50,46
5.153,0.043712710306800504,2018,6,22,15,33,25,2018,6,22,17,31,18
12.858,0.04482482133519261,2018,6,22,15,38,11,2018,6,22,20,25,2
3.876,0.037759376522162685,2018,6,22,15,44,13,2018,6,22,17,26,52
5.798,0.04022199098161637,2018,6,22,15,44,42,2018,6,22,18,8,51
8.418,0.028741819837250326,2018,6,22,15,44,44,2018,6,22,20,37,37
7.369,0.03917597022860181,2018,6,22,15,45,20,2018,6,22,18,53,26
4.883,0.044901149425287355,2018,6,22,15,46,56,2018,6,22,17,35,41
1.209,0.03708588957055215,2018,6,22,15,47,2,2018,6,22,16,19,38
3.113,0.057612584824182606,2018,6,22,15,47,6,2018,6,22,16,41,8
8.738,0.04110710365375568,2018,6,22,15,50,12,2018,6,22,19,22,46
12.122,0.02460487144790257,2018,6,22,15,56,57,2018,6,23,0,9,37
15.554,0.0399025141097999,2018,6,22,16,0,12,2018,6,22,22,30,0
12.577,0.03417353500588714,2018,6,22,16,4,9,2018,6,22,22,12,11
6.494,0.03642176107683679,2018,6,22,16,8,0,2018,6,22,19,6,18
19.316,0.04636025441017641,2018,6,22,16,9,8,2018,6,22,23,5,47
13.978,0.02792621204049014,2018,6,22,16,15,4,2018,6,23,0,35,36
13.987,0.028872909929126816,2018,6,22,16,25,13,2018,6,23,0,29,39
1.603,0.029022329511164756,2018,6,22,16,26,14,2018,6,22,17,21,28
2.769,0.006933188665859868,2018,6,22,16,34,25,2018,6,22,23,13,48
7.084,0.030671092509741663,2018,6,22,16,37,45,2018,6,22,20,28,43
10.805,0.034491381144924456,2018,6,22,16,42,16,2018,6,22,21,55,32
5.152,0.03309990362993896,2018,6,22,16,42,30,2018,6,22,19,18,9
1.24,0.021678321678321677,2018,6,22,16,49,54,2018,6,22,17,47,6
8.001,0.0345019404915912,2018,6,22,16,52,15,2018,6,22,20,44,9
13.893,0.026855025773195876,2018,6,22,16,52,18,2018,6,23,1,29,38
2.48,0.012417591588083117,2018,6,22,18,46,45,2018,6,22,22,6,28
8.528,0.05112199020881207,2018,6,22,19,49,58,2018,6,22,22,36,47
0.92,0.028006088280060883,2018,6,22,20,0,10,2018,6,22,20,33,1
1.659,0.022278424350940018,2018,6,22,20,11,23,2018,6,22,21,25,51
0.672,0.03530647985989492,2018,6,22,20,51,26,2018,6,22,21,10,28
11.261,0.0432007672634271,2018,6,22,21,21,9,2018,6,23,1,41,49
13.128,0.06666779517562421,2018,6,22,21,29,32,2018,6,23,0,46,27
2.22,0.03496980834864794,2018,6,22,21,32,55,2018,6,22,22,36,24
1.43,0.060168302945301545,2018,6,22,22,14,57,2018,6,22,22,38,43
6.006,0.04790747141717629,2018,6,22,22,21,6,2018,6,23,0,26,28
0.633,0.022893309222423146,2018,6,22,22,48,59,2018,6,22,23,16,38
0.915,0.08769968051118211,2018,6,22,23,18,52,2018,6,22,23,29,18
6.129,0.09990220048899755,2018,6,22,23,35,33,2018,6,23,0,36,54
14.026,0.07573434125269979,2018,6,23,0,20,4,2018,6,23,3,25,16
8.007,0.0966056706213553,2018,6,23,0,28,44,2018,6,23,1,51,37
26.425,0.07133216358482927,2018,6,23,1,7,53,2018,6,23,7,18,20
2.071,0.0911665443873808,2018,6,23,1,14,36,2018,6,23,1,37,19
12.977,0.09408168197196713,2018,6,23,1,30,28,2018,6,23,3,48,24
4.992,0.04835647400710365,2018,6,23,1,44,50,2018,6,23,3,28,4
16.486,0.05358686819437673,2018,6,23,1,53,8,2018,6,23,7,0,47
11.739,0.07163022475338147,2018,6,23,2,7,40,2018,6,23,4,51,33
3.956,0.060213089802130894,2018,6,23,2,14,37,2018,6,23,3,20,19
12.615,0.09566481294236602,2018,6,23,2,18,17,2018,6,23,4,30,9
5.902,0.09717892425905598,2018,6,23,2,28,41,2018,6,23,3,29,25
13.896,0.09522156235724075,2018,6,23,2,51,28,2018,6,23,5,17,24
3.005,0.04157251556375375,2018,6,23,2,54,24,2018,6,23,4,6,41
13.892,0.05171040387120789,2018,6,23,3,13,17,2018,6,23,7,41,56
4.037,0.04857028273511129,2018,6,23,3,28,29,2018,6,23,4,51,36
6.386,0.04979337231968811,2018,6,23,3,37,16,2018,6,23,5,45,31
7.439,0.03764358606730202,2018,6,23,4,33,37,2018,6,23,7,51,14
2.995,0.03756270903010034,2018,6,23,4,42,27,2018,6,23,6,2,11
40.035,0.059319899244332494,2018,6,23,5,12,22,2018,6,23,16,27,16
16.496,0.055642005846638184,2018,6,23,6,29,45,2018,6,23,11,26,13
7.775,0.041670388566324254,2018,6,23,11,1,0,2018,6,23,14,7,35
1.871,0.032633720930232556,2018,6,23,13,40,2,2018,6,23,14,37,22
11.24,0.0929565816678153,2018,6,23,14,49,37,2018,6,23,16,50,32
10.722,0.09063398140321217,2018,6,23,14,52,35,2018,6,23,16,50,53
16.2,0.05251783012751243,2018,6,23,14,53,22,2018,6,23,20,1,50
6.288,0.04711877107530911,2018,6,23,15,37,55,2018,6,23,17,51,22
10.532,0.09006841505131129,2018,6,23,16,26,52,2018,6,23,18,23,48
13.91,0.09204808646740928,2018,6,23,16,45,15,2018,6,23,19,16,22
15.67,0.05447276940903824,2018,6,23,16,51,40,2018,6,23,21,39,20
5.754,0.0494188376753507,2018,6,23,16,59,38,2018,6,23,18,56,4
9.709,0.09976708340469258,2018,6,23,17,2,33,2018,6,23,18,39,52
13.908,0.08563160595177013,2018,6,23,17,22,36,2018,6,23,20,5,1
13.26,0.09169067650109484,2018,6,23,17,35,2,2018,6,23,19,59,39
31.043,0.0984346263608498,2018,6,23,17,35,44,2018,6,23,22,51,6
13.308,0.05390400324039695,2018,6,23,19,23,45,2018,6,23,23,30,38
7.278,0.0964399293286219,2018,6,23,19,43,49,2018,6,23,20,59,17
6.498,0.05334245450814065,2018,6,23,20,2,18,2018,6,23,22,4,7
2.667,0.10323870967741935,2018,6,23,20,4,27,2018,6,23,20,30,17
18.639,0.0767774268845256,2018,6,23,20,15,27,2018,6,24,0,18,13
1.592,0.09619335347432025,2018,6,23,21,7,50,2018,6,23,21,24,23
16.584,0.054222658165767525,2018,6,23,21,18,15,2018,6,24,2,24,6
1.817,0.04950953678474114,2018,6,23,21,24,35,2018,6,23,22,1,17
1.229,0.030333196215549158,2018,6,23,21,40,54,2018,6,23,22,21,25
9.444,0.10308168091686376,2018,6,23,21,42,24,2018,6,23,23,14,1
16.485,0.09443383616574375,2018,6,23,21,52,5,2018,6,24,0,46,39
4.416,0.041322520274485346,2018,6,23,22,3,50,2018,6,23,23,50,42
6.152,0.05044690446904469,2018,6,23,22,42,25,2018,6,24,0,44,22
1.472,0.09673603504928806,2018,6,24,0,2,32,2018,6,24,0,17,45
8.601,0.05667252361080606,2018,6,24,0,48,3,2018,6,24,3,19,49
13.885,0.0714004113815564,2018,6,24,1,44,38,2018,6,24,4,59,6
13.89,0.0910421673585318,2018,6,24,3,46,46,2018,6,24,6,19,20
8.247,0.10152236356175626,2018,6,24,4,23,48,2018,6,24,5,45,2
13.442,0.09220532754087116,2018,6,24,5,0,18,2018,6,24,7,26,5
8.89,0.05830782684739834,2018,6,24,5,10,55,2018,6,24,7,43,23
0.969,0.08030386740331491,2018,6,24,5,45,56,2018,6,24,5,58,0
13.947,0.06888541323674678,2018,6,24,5,56,49,2018,6,24,9,19,17
14.045,0.011882905368247387,2018,6,24,7,8,2,2018,6,25,2,49,59
0.877,0.08514563106796116,2018,6,24,14,50,19,2018,6,24,15,0,37
12.069,0.10191977480647432,2018,6,24,15,30,23,2018,6,24,17,28,48
15.758,0.05245963491094712,2018,6,24,16,18,30,2018,6,24,21,18,53
13.889,0.05045652700411722,2018,6,24,16,25,22,2018,6,24,21,0,38
9.274,0.09056640624999998,2018,6,24,17,33,4,2018,6,24,19,15,28
13.908,0.08377472141351269,2018,6,24,17,42,40,2018,6,24,20,28,41
7.107,0.047233052724856006,2018,6,24,17,57,1,2018,6,24,20,27,29
15.757,0.07248485777811853,2018,6,24,18,16,8,2018,6,24,21,53,31
10.549,0.07327390599675851,2018,6,24,18,47,40,2018,6,24,21,11,38
3.879,0.09717745302713988,2018,6,24,19,5,49,2018,6,24,19,45,44
15.719,0.05377387536347568,2018,6,24,19,40,52,2018,6,25,0,33,11
11.892,0.0770124123043713,2018,6,24,20,16,51,2018,6,24,22,51,16
35.668,0.10428223370041906,2018,6,24,20,41,10,2018,6,25,2,23,12
14.438,0.02726036880860973,2018,6,24,21,1,37,2018,6,25,5,51,15
19.211,0.0965700402144772,2018,6,24,21,25,21,2018,6,25,0,44,17
2.437,0.05630342703118983,2018,6,24,22,9,8,2018,6,24,22,52,25
16.297,0.05289230269919403,2018,6,24,23,34,52,2018,6,25,4,42,59
6.163,0.09868694955964771,2018,6,25,0,17,51,2018,6,25,1,20,18
13.887,0.08774431339511372,2018,6,25,0,27,23,2018,6,25,3,5,39
13.919,0.07522428391280851,2018,6,25,0,41,6,2018,6,25,3,46,8
6.067,0.05409719126170307,2018,6,25,0,45,10,2018,6,25,2,37,19
5.179,0.04826654240447344,2018,6,25,1,16,25,2018,6,25,3,3,43
7.129,0.09024050632911391,2018,6,25,1,25,20,2018,6,25,2,44,20
14.069,0.10109461077844313,2018,6,25,2,9,49,2018,6,25,4,28,59
12.643,0.09409327710245596,2018,6,25,2,43,23,2018,6,25,4,57,45
10.253,0.01763400791148312,2018,6,25,2,43,44,2018,6,25,12,25,10
12.855,0.0199209669920967,2018,6,25,2,48,1,2018,6,25,13,33,19
1.63,0.04858420268256334,2018,6,25,2,49,4,2018,6,25,3,22,37
13.793,0.09755746787693033,2018,6,25,3,14,7,2018,6,25,5,35,30
13.893,0.09190518191841236,2018,6,25,3,25,40,2018,6,25,5,56,50
11.807,0.07017533432392274,2018,6,25,3,50,55,2018,6,25,6,39,10
13.720932499999998,0.027951514276983665,2018,6,25,4,27,13,2018,6,25,12,38,6
13.278,0.052991885060529466,2018,6,25,4,36,22,2018,6,25,8,46,56
16.009,0.05333962683251888,2018,6,25,5,28,29,2018,6,25,10,28,37
6.289,0.04931259801359122,2018,6,25,6,47,14,2018,6,25,8,54,46
11.657,0.050667922341350334,2018,6,25,13,27,41,2018,6,25,17,17,45
7.628,0.0261651040475646,2018,6,25,13,53,33,2018,6,25,18,45,5
16.6,0.06620139581256232,2018,6,25,13,54,57,2018,6,25,18,5,42
0.958,0.026525149976926624,2018,6,25,14,26,6,2018,6,25,15,2,13
6.115,0.0852066883418486,2018,6,25,14,29,41,2018,6,25,15,41,27
17.904,0.04405511811023622,2018,6,25,14,43,7,2018,6,25,21,29,31
6.514,0.0475416615983457,2018,6,25,14,45,31,2018,6,25,17,2,32
6.117,0.048089622641509434,2018,6,25,14,53,24,2018,6,25,17,0,36
7.792,0.046930335274041356,2018,6,25,15,4,31,2018,6,25,17,50,33
10.4,0.04930078217587106,2018,6,25,15,6,9,2018,6,25,18,37,6
8.834,0.02723181257706535,2018,6,25,15,12,38,2018,6,25,20,37,2
21.218,0.054737294694298735,2018,6,25,15,14,53,2018,6,25,21,42,31
4.519,0.04832293708786313,2018,6,25,15,21,50,2018,6,25,16,55,21
14.054,0.04125440313111546,2018,6,25,15,26,1,2018,6,25,21,6,41
3.833,0.04314012380416433,2018,6,25,15,27,0,2018,6,25,16,55,51
10.359,0.03517089180624717,2018,6,25,15,34,18,2018,6,25,20,28,50
12.415,0.04285467725233,2018,6,25,15,39,29,2018,6,25,20,29,11
10.515,0.03755580689326746,2018,6,25,15,39,58,2018,6,25,20,19,57
4.883,0.04307262569832403,2018,6,25,15,40,52,2018,6,25,17,34,14
7.203,0.04521184224291244,2018,6,25,15,41,33,2018,6,25,18,20,52
6.484,0.04310692520775623,2018,6,25,15,47,47,2018,6,25,18,18,12
20.023,0.033053071780339505,2018,6,25,15,55,25,2018,6,26,2,1,12
3.03,0.04795568451595885,2018,6,25,16,0,37,2018,6,25,17,3,48
10.154,0.02037183173945028,2018,6,25,16,0,44,2018,6,26,0,19,10
1.672,0.04263493412664683,2018,6,25,16,1,35,2018,6,25,16,40,48
15.671,0.03255297050270046,2018,6,25,16,28,42,2018,6,26,0,30,6
1.765,0.031564828614008944,2018,6,25,16,30,1,2018,6,25,17,25,56
12.932,0.05131746031746032,2018,6,25,16,32,33,2018,6,25,20,44,33
7.157,0.04777703604806408,2018,6,25,17,3,35,2018,6,25,19,33,23
1.939,0.03000773794170751,2018,6,25,17,3,52,2018,6,25,18,8,29
13.551,0.03168712732374605,2018,6,25,17,21,28,2018,6,26,0,29,7
10.657,0.03564611439402386,2018,6,25,17,25,22,2018,6,25,22,24,20
8.653,0.046280977001247996,2018,6,25,17,28,58,2018,6,25,20,35,56
4.246,0.040037718057520044,2018,6,25,17,50,58,2018,6,25,19,37,1
9.487,0.02845815418458154,2018,6,25,18,21,22,2018,6,25,23,54,44
12.407,0.039114123581336695,2018,6,25,18,29,21,2018,6,25,23,46,33
11.778,0.0540647234335552,2018,6,25,18,43,18,2018,6,25,22,21,9
9.244,0.03900970600647067,2018,6,25,18,44,12,2018,6,25,22,41,10
12.565,0.04176268557500554,2018,6,25,18,51,16,2018,6,25,23,52,8
9.589,0.04525247758376593,2018,6,25,18,58,25,2018,6,25,22,30,19
23.844,0.07981255230125524,2018,6,25,19,13,54,2018,6,26,0,12,39
20.006,0.05222362410267566,2018,6,25,19,18,42,2018,6,26,1,41,47
4.797,0.0350657894736842,2018,6,25,19,49,39,2018,6,25,22,6,27
13.823,0.06383774630541872,2018,6,25,19,57,47,2018,6,25,23,34,19
1.049,0.028173679498657116,2018,6,25,20,15,56,2018,6,25,20,53,10
1.628,0.03166288492706645,2018,6,25,20,30,51,2018,6,25,21,22,16
1.689,0.03486068111455108,2018,6,25,20,45,9,2018,6,25,21,33,36
2.966,0.039901345291479824,2018,6,25,21,18,55,2018,6,25,22,33,15
2.66,0.05239658568614577,2018,6,25,23,7,29,2018,6,25,23,58,15
14.163337222222223,0.018239579174804864,2018,6,25,23,39,53,2018,6,26,12,36,24
13.126,0.05030403679100664,2018,6,25,23,47,59,2018,6,26,4,8,55
4.272,0.09233429394812681,2018,6,25,23,51,23,2018,6,26,0,37,39
8.546,0.0504287962234461,2018,6,25,23,57,39,2018,6,26,2,47,7
9.984,0.09186321116393191,2018,6,26,0,23,53,2018,6,26,2,12,34
9.195,0.05852959898154043,2018,6,26,0,43,49,2018,6,26,3,20,55
1.476,0.03505938242280285,2018,6,26,0,48,10,2018,6,26,1,30,16
12.452,0.04912677538137822,2018,6,26,0,58,43,2018,6,26,5,12,11
6.765,0.08150602409638553,2018,6,26,1,25,28,2018,6,26,2,48,28
12.066,0.08220279323265585,2018,6,26,1,43,1,2018,6,26,4,9,48
2.022,0.07717557251908397,2018,6,26,1,59,27,2018,6,26,2,25,39
6.996,0.10010970665394706,2018,6,26,2,13,39,2018,6,26,3,23,32
2.247,0.032315436241610734,2018,6,26,2,24,30,2018,6,26,3,34,2
1.794,0.0325984251968504,2018,6,26,2,27,42,2018,6,26,3,22,44
39.853,0.08253417092365042,2018,6,26,2,42,44,2018,6,26,10,45,36
8.61,0.08415051311288484,2018,6,26,2,58,32,2018,6,26,4,40,51
12.714,0.08244245109694154,2018,6,26,3,1,46,2018,6,26,5,35,59
14.069,0.024292497625830963,2018,6,26,3,7,19,2018,6,26,12,46,28
6.693,0.04491946308724832,2018,6,26,3,8,49,2018,6,26,5,37,49
13.919,0.08389151180311402,2018,6,26,3,38,34,2018,6,26,6,24,29
6.619,0.04710473253469339,2018,6,26,3,46,24,2018,6,26,6,6,55
1.413,0.08785492227979276,2018,6,26,4,34,7,2018,6,26,4,50,12
2.299,0.07841955656623081,2018,6,26,6,17,21,2018,6,26,6,46,40
14.111,0.048689401345678306,2018,6,26,8,59,30,2018,6,26,13,49,19
19.405,0.07617770217220624,2018,6,26,11,3,38,2018,6,26,15,18,22
13.585,0.05085475418018468,2018,6,26,12,58,14,2018,6,26,17,25,22
11.2314675,0.007969159315058774,2018,6,26,12,59,32,2018,6,27,12,28,54
7.125,0.09275330874376221,2018,6,26,13,48,30,2018,6,26,15,5,19
6.55,0.07487140407696703,2018,6,26,13,49,48,2018,6,26,15,17,17
12.991,0.07370780141843972,2018,6,26,13,59,13,2018,6,26,16,55,28
3.588,0.08884853487412299,2018,6,26,14,40,4,2018,6,26,15,20,27
14.055,0.04741103052791364,2018,6,26,14,55,39,2018,6,26,19,52,6
5.712,0.04394409539684575,2018,6,26,14,59,44,2018,6,26,17,9,43
2.466,0.04183206106870229,2018,6,26,15,3,7,2018,6,26,16,2,4
4.529221923535026,0.060135719276853634,2018,6,26,15,10,30,2018,6,26,16,25,49
11.608,0.07607646095030038,2018,6,26,15,13,30,2018,6,26,17,46,5
8.007352150536585,0.03805474289363922,2018,6,26,15,15,57,2018,6,26,18,46,22
7.055,0.012686186951179308,2018,6,26,15,16,15,2018,6,27,0,32,22
6.539743130226613,0.043204645211803214,2018,6,26,15,17,28,2018,6,26,17,48,50
21.168,0.03613622784305915,2018,6,26,15,17,35,2018,6,27,1,3,22
12.753,0.038489939637826966,2018,6,26,15,21,31,2018,6,26,20,52,51
4.893,0.04265911072362685,2018,6,26,15,22,20,2018,6,26,17,17,2
13.243,0.07004407616361072,2018,6,26,15,22,51,2018,6,26,18,31,55
11.962059438470517,0.0342098935323275,2018,6,26,15,24,20,2018,6,26,21,14,0
2.536,0.03516524150681766,2018,6,26,15,33,21,2018,6,26,16,45,28
6.116,0.025657949937071736,2018,6,26,15,36,14,2018,6,26,19,34,36
12.094,0.038383496429516,2018,6,26,15,44,15,2018,6,26,20,59,20
21.117,0.03931060159473799,2018,6,26,15,44,15,2018,6,27,0,41,26
4.785568996414908,0.03969230574853394,2018,6,26,15,44,24,2018,6,26,17,44,58
3.022,0.014300812366905906,2018,6,26,15,46,25,2018,6,26,19,17,44
17.292,0.049711082363087536,2018,6,26,15,48,3,2018,6,26,21,35,54
10.354625149345097,0.02511429820360198,2018,6,26,15,52,20,2018,6,26,22,44,38
5.212458183989807,0.010819466236746296,2018,6,26,15,52,43,2018,6,26,23,54,29
29.99,0.0648993724302099,2018,6,26,15,53,7,2018,6,26,23,35,13
1.263,0.027357400722021658,2018,6,26,16,11,9,2018,6,26,16,57,19
3.26,0.028107486707860323,2018,6,26,16,13,8,2018,6,26,18,9,7
1.287,0.03101204819277108,2018,6,26,16,13,58,2018,6,26,16,55,28
6.44,0.03153770812928502,2018,6,26,16,18,26,2018,6,26,19,42,38
22.823,0.06807078590247054,2018,6,26,16,22,31,2018,6,26,21,57,48
12.659,0.028395080189913643,2018,6,26,16,34,31,2018,6,27,0,0,20
6.222,0.043863235812477974,2018,6,26,16,39,46,2018,6,26,19,1,37
9.963,0.027293397863208835,2018,6,26,16,40,2,2018,6,26,22,45,4
7.151,0.08174128405410554,2018,6,26,16,40,51,2018,6,26,18,8,20
11.291,0.040825599614318434,2018,6,26,17,0,35,2018,6,26,21,37,9
8.972,0.07810795124782356,2018,6,26,17,5,15,2018,6,26,19,0,7
5.104,0.025948144382308084,2018,6,26,17,7,2,2018,6,26,20,23,44
8.248,0.04627208976157082,2018,6,26,17,54,47,2018,6,26,20,53,2
1.459,0.02454851374088615,2018,6,26,17,57,49,2018,6,26,18,57,15
9.41,0.06152337365152011,2018,6,26,19,4,3,2018,6,26,21,37,0
1.412,0.036947230702136936,2018,6,26,19,9,20,2018,6,26,19,47,33
0.951,0.039082191780821916,2018,6,26,19,42,55,2018,6,26,20,7,15
1.012,0.03266272189349113,2018,6,26,19,49,0,2018,6,26,20,19,59
1.752,0.03127640583159774,2018,6,26,19,53,24,2018,6,26,20,49,25
32.742,0.07428981999697473,2018,6,26,20,0,52,2018,6,27,3,21,36
7.396,0.04380651530108588,2018,6,26,20,4,55,2018,6,26,22,53,45
3.515,0.03316037735849057,2018,6,26,21,0,45,2018,6,26,22,46,45
3.952,0.030000000000000002,2018,6,26,21,6,5,2018,6,26,23,17,49
0.871,0.002255210805679023,2018,6,26,21,17,37,2018,6,27,3,43,50
4.036,0.08962250185048112,2018,6,26,21,29,44,2018,6,26,22,14,46
0.588,0.08073226544622425,2018,6,26,22,36,50,2018,6,26,22,44,7
6.722,0.04961495878951901,2018,6,26,22,38,58,2018,6,27,0,54,27
14.263,0.10655958162121779,2018,6,26,22,49,49,2018,6,27,1,3,40
0.906,0.033827006845052895,2018,6,26,23,26,19,2018,6,26,23,53,6
4.714,0.05364946889226101,2018,6,26,23,38,12,2018,6,27,1,6,4
15.554938769424547,0.061151639769720406,2018,6,26,23,58,45,2018,6,27,4,13,7
13.885,0.10328539548723034,2018,6,27,0,2,7,2018,6,27,2,16,33
15.171,0.05021570033651459,2018,6,27,0,28,25,2018,6,27,5,30,32
9.315,0.10553247734138972,2018,6,27,0,53,35,2018,6,27,2,21,51
8.32,0.100726392251816,2018,6,27,1,2,32,2018,6,27,2,25,8
13.644,0.10305135951661631,2018,6,27,2,46,28,2018,6,27,4,58,52
16.009,0.06835610589239967,2018,6,27,2,52,33,2018,6,27,6,46,45
8.526,0.09783132530120481,2018,6,27,3,6,59,2018,6,27,4,34,8
18.676,0.03628756476683938,2018,6,27,3,9,13,2018,6,27,11,43,53
0.565,0.0820823244552058,2018,6,27,3,18,17,2018,6,27,3,25,10
12.287,0.10360033726812817,2018,6,27,3,20,13,2018,6,27,5,18,49
6.568,0.10616379310344827,2018,6,27,3,25,21,2018,6,27,4,27,13
8.666,0.09673674418604652,2018,6,27,4,32,23,2018,6,27,6,1,58
2.055,0.11219290263876253,2018,6,27,4,41,45,2018,6,27,5,0,4
1.191,0.05053748231966054,2018,6,27,4,59,52,2018,6,27,5,23,26
3.07,0.10835294117647058,2018,6,27,5,2,20,2018,6,27,5,30,40
4.197,0.07991748651221835,2018,6,27,5,28,6,2018,6,27,6,20,37
7.011,0.11556593406593407,2018,6,27,13,6,27,2018,6,27,14,7,7
4.033,0.05458605910218813,2018,6,27,13,11,18,2018,6,27,14,25,11
11.045,0.05548392498325519,2018,6,27,13,53,46,2018,6,27,17,12,50
6.005,0.08342208844639963,2018,6,27,13,58,39,2018,6,27,15,10,38
15.155,0.0818304535637149,2018,6,27,13,59,54,2018,6,27,17,5,6
9.099,0.09847402597402596,2018,6,27,14,20,26,2018,6,27,15,52,50
2.332,0.04634647234183504,2018,6,27,14,35,57,2018,6,27,15,26,16
5.27,0.028855630589523635,2018,6,27,14,42,55,2018,6,27,17,45,33
15.699,0.06962891780011828,2018,6,27,14,47,56,2018,6,27,18,33,24
5.358,0.05349975037443833,2018,6,27,14,50,56,2018,6,27,16,31,5
12.552,0.03731272294887039,2018,6,27,15,16,40,2018,6,27,20,53,4
20.275,0.0694349315068493,2018,6,27,15,18,41,2018,6,27,20,10,41
4.861,0.05197077690662865,2018,6,27,15,22,34,2018,6,27,16,56,6
6.365,0.043820998278829605,2018,6,27,15,25,24,2018,6,27,17,50,39
5.225,0.08348868175765645,2018,6,27,15,33,10,2018,6,27,16,35,45
15.485,0.04773673123362277,2018,6,27,15,42,14,2018,6,27,21,6,37
25.122,0.0862508583199817,2018,6,27,15,43,0,2018,6,27,20,34,16
4.164,0.05052376137512638,2018,6,27,15,45,8,2018,6,27,17,7,33
5.065,0.03969435736677116,2018,6,27,15,46,30,2018,6,27,17,54,6
1.905,0.028355246837013147,2018,6,27,15,47,37,2018,6,27,16,54,48
9.974,0.0396003176283748,2018,6,27,15,49,10,2018,6,27,20,1,2
2.795,0.05300252844500632,2018,6,27,16,4,13,2018,6,27,16,56,57
4.703,0.048318493150684934,2018,6,27,16,4,40,2018,6,27,17,42,0
13.929,0.026456677957516855,2018,6,27,16,7,27,2018,6,28,0,53,56
1.796,0.032753799392097264,2018,6,27,16,10,53,2018,6,27,17,5,43
13.354,0.04209519806661763,2018,6,27,16,22,14,2018,6,27,21,39,28
13.465,0.09358276381327464,2018,6,27,16,32,4,2018,6,27,18,55,57
12.063,0.024408322935284797,2018,6,27,16,41,48,2018,6,28,0,56,1
13.191,0.031572522738152226,2018,6,27,16,42,40,2018,6,27,23,40,28
7.934,0.03127315727236894,2018,6,27,16,45,30,2018,6,27,20,59,12
3.28,0.025864108292811144,2018,6,27,16,48,20,2018,6,27,18,55,9
12.289,0.02424822415153907,2018,6,27,16,52,5,2018,6,28,1,18,53
5.471,0.03207856933450601,2018,6,27,16,52,11,2018,6,27,19,42,44
20.8,0.0947608200455581,2018,6,27,16,57,0,2018,6,27,20,36,30
15.903,0.02528231896346149,2018,6,27,16,57,45,2018,6,28,3,26,46
9.839,0.09468163592622293,2018,6,27,17,25,21,2018,6,27,19,9,16
3.919,0.03108261731658956,2018,6,27,17,25,31,2018,6,27,19,31,36
7.437,0.10210983981693365,2018,6,27,17,31,36,2018,6,27,18,44,26
13.912,0.05473573770491804,2018,6,27,18,0,5,2018,6,27,22,14,15
4.174,0.09418578412937195,2018,6,27,18,21,7,2018,6,27,19,5,26
10.867,0.09913638436977347,2018,6,27,18,38,11,2018,6,27,20,27,48
3.806,0.03117542662116041,2018,6,27,18,55,39,2018,6,27,20,57,44
13.876,0.03789703673357914,2018,6,27,18,56,25,2018,6,28,1,2,34
2.015,0.03317782656421515,2018,6,27,19,13,4,2018,6,27,20,13,48
1.61,0.06774193548387097,2018,6,27,19,36,54,2018,6,27,20,0,40
6.297,0.04021500798296966,2018,6,27,20,59,58,2018,6,27,23,36,33
13.51,0.057521998296906046,2018,6,27,22,37,20,2018,6,28,2,32,12
3.049,0.05009309967141292,2018,6,27,23,17,22,2018,6,28,0,18,14
15.438,0.05683048039757041,2018,6,27,23,40,3,2018,6,28,4,11,42
16.125,0.05305439789427506,2018,6,27,23,42,29,2018,6,28,4,46,25
10.357,0.09667392657125076,2018,6,27,23,53,46,2018,6,28,1,40,54
1.622,0.10777408637873755,2018,6,27,23,58,6,2018,6,28,0,13,9
16.15,0.05313373910182596,2018,6,28,0,8,17,2018,6,28,5,12,14
1.405,0.10485074626865672,2018,6,28,0,40,40,2018,6,28,0,54,4
0.769,0.060078124999999996,2018,6,28,1,3,46,2018,6,28,1,16,34
10.499,0.10866655166465415,2018,6,28,1,21,10,2018,6,28,2,57,47
5.116,0.10927732289070842,2018,6,28,1,52,39,2018,6,28,2,39,28
11.993,0.09645844504021449,2018,6,28,2,8,27,2018,6,28,4,12,47
2.548,0.032355555555555554,2018,6,28,2,19,54,2018,6,28,3,38,39
6.711,0.04873048529589737,2018,6,28,2,21,46,2018,6,28,4,39,29
13.902,0.019867568597560975,2018,6,28,2,21,54,2018,6,28,14,1,38
7.297,0.04865207245249473,2018,6,28,2,35,11,2018,6,28,5,5,10
13.713,0.10036350329348621,2018,6,28,2,39,7,2018,6,28,4,55,45
7.027,0.07692391899288452,2018,6,28,2,52,38,2018,6,28,4,23,59
13.891,0.08973514211886305,2018,6,28,2,57,24,2018,6,28,5,32,12
15.479,0.09495348123913709,2018,6,28,3,41,17,2018,6,28,6,24,18
16.766,0.05677295558440092,2018,6,28,4,3,27,2018,6,28,8,58,46
0.936,0.10118918918918919,2018,6,28,4,17,55,2018,6,28,4,27,10
6.711,0.07663875142748383,2018,6,28,4,19,56,2018,6,28,5,47,30
9.118,0.10353520060560183,2018,6,28,5,1,47,2018,6,28,6,29,51
12.261,0.05386293747254356,2018,6,28,13,47,56,2018,6,28,17,35,34
7.671,0.08717045454545455,2018,6,28,13,56,17,2018,6,28,15,24,17
7.64,0.11329708353929806,2018,6,28,13,56,33,2018,6,28,15,3,59
13.781,0.07917839701235277,2018,6,28,14,7,27,2018,6,28,17,1,30
16.714,0.07854938513354742,2018,6,28,14,24,38,2018,6,28,17,57,25
2.33,0.04629139072847682,2018,6,28,14,30,27,2018,6,28,15,20,47
1.772,0.040211800302571855,2018,6,28,14,44,21,2018,6,28,15,28,25
7.853,0.0966919761953622,2018,6,28,14,48,50,2018,6,28,16,10,3
5.885,0.05330615942028985,2018,6,28,14,59,48,2018,6,28,16,50,12
4.885,0.0500597779675491,2018,6,28,15,4,53,2018,6,28,16,42,28
8.497,0.04914875156656705,2018,6,28,15,11,46,2018,6,28,18,4,39
12.87,0.037150004810930434,2018,6,28,15,20,22,2018,6,28,21,6,48
12.161,0.0512797807294961,2018,6,28,15,21,44,2018,6,28,19,18,53
24.634,0.05961040532365396,2018,6,28,15,29,27,2018,6,28,22,22,42
6.289,0.0378855421686747,2018,6,28,15,31,52,2018,6,28,18,17,52
30.472,0.09855109961190169,2018,6,28,15,38,0,2018,6,28,20,47,12
5.137,0.0354194438060216,2018,6,28,15,40,56,2018,6,28,18,5,58
4.165,0.0506588282992094,2018,6,28,15,48,12,2018,6,28,17,10,25
7.204,0.07807803468208092,2018,6,28,15,49,14,2018,6,28,17,21,30
21.157,0.08054184379163759,2018,6,28,15,51,15,2018,6,28,20,13,56
3.298,0.04182625237793279,2018,6,28,15,52,13,2018,6,28,17,11,4
3.663,0.040715079659133006,2018,6,28,15,56,10,2018,6,28,17,26,8
40.055,0.08309016733508505,2018,6,28,15,56,50,2018,6,28,23,58,54
2.303,0.03066577896138482,2018,6,28,16,0,7,2018,6,28,17,15,13
13.866,0.032796940907478214,2018,6,28,16,8,14,2018,6,28,23,11,1
5.602,0.03509292127792859,2018,6,28,16,12,33,2018,6,28,18,52,11
8.011,0.037987828973366,2018,6,28,16,16,5,2018,6,28,19,46,58
20.187,0.053167990869584306,2018,6,28,16,17,12,2018,6,28,22,36,53
5.327,0.03294711885372642,2018,6,28,16,32,1,2018,6,28,19,13,42
15.006,0.033909310033142515,2018,6,28,16,33,12,2018,6,28,23,55,44
1.494,0.03190035587188612,2018,6,28,16,37,32,2018,6,28,17,24,22
15.048,0.07178818478174445,2018,6,28,16,39,6,2018,6,28,20,8,43
4.404,0.03751277683134582,2018,6,28,16,48,46,2018,6,28,18,46,10
3.18,0.030784123910939015,2018,6,28,16,52,5,2018,6,28,18,35,23
14.83,0.07401430710364332,2018,6,28,16,57,59,2018,6,28,20,18,21
7.236,0.027502850627137965,2018,6,28,17,5,55,2018,6,28,21,29,1
4.787,0.03063353242320819,2018,6,28,17,16,11,2018,6,28,19,52,27
10.448,0.04952832424745201,2018,6,28,17,24,6,2018,6,28,20,55,3
2.047,0.035354058721934374,2018,6,28,19,4,38,2018,6,28,20,2,32
10.18,0.041786960388588625,2018,6,28,19,5,5,2018,6,28,23,8,42
2.715,0.02980786825251601,2018,6,28,19,29,12,2018,6,28,21,0,17
1.511,0.04199166280685502,2018,6,28,19,38,25,2018,6,28,20,14,24
10.423,0.04610246959085883,2018,6,28,19,39,21,2018,6,28,23,25,26
10.151,0.0686651634723788,2018,6,28,20,1,11,2018,6,28,22,29,1
1.136,0.04156097560975609,2018,6,28,20,3,3,2018,6,28,20,30,23
5.155,0.07161379949062283,2018,6,28,20,18,10,2018,6,28,21,30,9
1.898,0.04035435861091424,2018,6,28,20,23,14,2018,6,28,21,10,16
1.274,0.09914396887159534,2018,6,28,20,32,41,2018,6,28,20,45,32
16.477,0.08672105263157895,2018,6,28,20,50,0,2018,6,29,0,0,0
8.108,0.09220621683093252,2018,6,28,21,49,27,2018,6,28,23,17,23
1.722,0.029461077844311376,2018,6,28,23,12,25,2018,6,29,0,10,52
34.127,0.0949907218407868,2018,6,28,23,22,34,2018,6,29,5,21,50
7.869,0.09821926357395465,2018,6,28,23,37,24,2018,6,29,0,57,31
9.385,0.05713850837138508,2018,6,28,23,38,55,2018,6,29,2,23,10
5.148,0.11074937253495876,2018,6,28,23,55,11,2018,6,29,0,41,40
13.084,0.10557288864981172,2018,6,29,1,1,25,2018,6,29,3,5,21
5.037,0.10410609714088874,2018,6,29,2,3,46,2018,6,29,2,52,9
0.75,0.09615384615384616,2018,6,29,2,8,39,2018,6,29,2,16,27
8.517,0.056310743801652886,2018,6,29,2,24,49,2018,6,29,4,56,4
2.477,0.03209935205183585,2018,6,29,2,32,14,2018,6,29,3,49,24
13.09,0.09848275862068966,2018,6,29,2,45,38,2018,6,29,4,58,33
12.744,0.10709243697478991,2018,6,29,3,14,49,2018,6,29,5,13,49
15.24,0.022432657867621806,2018,6,29,3,18,46,2018,6,29,14,38,8
10.161,0.0588702201622248,2018,6,29,5,8,12,2018,6,29,8,0,48
1.765,0.10632530120481926,2018,6,29,5,15,40,2018,6,29,5,32,16
7.876,0.05478321354045908,2018,6,29,5,59,46,2018,6,29,8,23,32
0.606,0.08889975550122249,2018,6,29,6,19,35,2018,6,29,6,26,24
16.713,0.0732490869247626,2018,6,29,9,27,19,2018,6,29,13,15,29
9.7,0.05707001372818199,2018,6,29,10,0,21,2018,6,29,12,50,19
3.611,0.0484372904091214,2018,6,29,13,27,44,2018,6,29,14,42,17
11.472,0.04993615786419037,2018,6,29,13,53,43,2018,6,29,17,43,27
10.46,0.04637895359148685,2018,6,29,14,20,53,2018,6,29,18,6,25
2.481,0.04685552407932011,2018,6,29,14,42,13,2018,6,29,15,35,10
12.279,0.074583923871229,2018,6,29,14,54,50,2018,6,29,17,39,28
6.085,0.04327880512091038,2018,6,29,14,54,51,2018,6,29,17,15,27
6.498,0.012111459724767792,2018,6,29,15,4,53,2018,6,30,0,1,24
10.753,0.03865204888569375,2018,6,29,15,7,52,2018,6,29,19,46,4
6.507,0.03075626280132346,2018,6,29,15,11,34,2018,6,29,18,43,8
3.999,0.04059211639316529,2018,6,29,15,22,10,2018,6,29,17,0,41
1.073,0.028323801143862737,2018,6,29,15,23,22,2018,6,29,16,1,15
19.294,0.05797766314418791,2018,6,29,15,34,8,2018,6,29,21,6,55
0.785,0.02813620071684588,2018,6,29,15,37,39,2018,6,29,16,5,33
4.124,0.04531038271378868,2018,6,29,15,40,34,2018,6,29,17,11,35
9.437,0.03282815398886828,2018,6,29,15,44,22,2018,6,29,20,31,50
5.943,0.048940433708482015,2018,6,29,15,49,31,2018,6,29,17,50,57
10.071,0.03181822968774683,2018,6,29,15,49,41,2018,6,29,21,6,12
6.558,0.04254757785467128,2018,6,29,15,56,46,2018,6,29,18,30,54
10.72,0.04596584006288859,2018,6,29,15,59,20,2018,6,29,19,52,33
2.851,0.018190131858783497,2018,6,29,16,0,29,2018,6,29,18,37,13
10.791,0.04192307692307693,2018,6,29,16,7,17,2018,6,29,20,24,41
14.371,0.06860211631792507,2018,6,29,16,13,7,2018,6,29,19,42,36
9.062,0.03236235938337004,2018,6,29,16,14,18,2018,6,29,20,54,19
12.205,0.05202472293265132,2018,6,29,16,17,34,2018,6,29,20,12,10
6.794,0.05461414790996784,2018,6,29,16,27,40,2018,6,29,18,32,4
1.36,0.0317633320358116,2018,6,29,16,38,28,2018,6,29,17,21,17
4.644,0.055906902086677375,2018,6,29,16,40,50,2018,6,29,18,3,54
15.126,0.07477630386421685,2018,6,29,16,48,0,2018,6,29,20,10,17
3.969,0.04970569818409518,2018,6,29,16,48,43,2018,6,29,18,8,34
6.644,0.03203729004259423,2018,6,29,17,31,58,2018,6,29,20,59,21
12.575,0.10022582359192347,2018,6,29,17,53,2,2018,6,29,19,58,30
3.612,0.05074221493795364,2018,6,29,18,11,52,2018,6,29,19,23,3
5.963,0.10648214285714286,2018,6,29,18,30,51,2018,6,29,19,26,51
2.39,0.10871872630780895,2018,6,29,18,36,50,2018,6,29,18,58,49
1.483729091989308,0.0039645399919553985,2018,6,29,18,36,55,2018,6,30,0,51,10
1.875,0.010601206181681115,2018,6,29,19,18,43,2018,6,29,22,15,35
8.498,0.05143030058503127,2018,6,29,19,27,1,2018,6,29,22,12,15
9.239,0.0749006890960681,2018,6,29,19,52,16,2018,6,29,21,55,37
2.96,0.044102309411472564,2018,6,29,21,6,11,2018,6,29,22,13,18
7.119,0.10064561734213007,2018,6,29,21,22,51,2018,6,29,22,33,35
14.413,0.09476002629848784,2018,6,29,21,28,1,2018,6,30,0,0,7
14.934,0.08357022943480694,2018,6,29,21,36,8,2018,6,30,0,34,50
2.245,0.04657676348547718,2018,6,29,22,18,22,2018,6,29,23,6,34
11.611,0.09675833333333334,2018,6,29,22,55,35,2018,6,30,0,55,35
10.531,0.11093047752808989,2018,6,29,23,43,5,2018,6,30,1,18,1
16.601,0.05649801474758934,2018,6,30,0,8,16,2018,6,30,5,2,6
2.548,0.03190983093299938,2018,6,30,0,26,3,2018,6,30,1,45,54
26.054,0.10006657278197413,2018,6,30,0,33,58,2018,6,30,4,54,20
14.555,0.08491006319883325,2018,6,30,0,46,0,2018,6,30,3,37,25
2.119,0.04445454545454546,2018,6,30,0,59,10,2018,6,30,1,46,50
11.593,0.05513037964650868,2018,6,30,1,13,11,2018,6,30,4,43,28
12.823,0.1002188354826104,2018,6,30,1,47,52,2018,6,30,3,55,49
9.609,0.05690849866745632,2018,6,30,2,21,4,2018,6,30,5,9,55
1.735,0.08013856812933026,2018,6,30,2,52,5,2018,6,30,3,13,44
13.023,0.05598882201203784,2018,6,30,3,7,59,2018,6,30,7,0,35
5.81,0.0557136007671408,2018,6,30,3,37,23,2018,6,30,5,21,40
6.052,0.05005789909015715,2018,6,30,4,12,38,2018,6,30,6,13,32
36.128,0.10204688824027869,2018,6,30,4,56,11,2018,6,30,10,50,13
16.427,0.057140703808916456,2018,6,30,5,29,10,2018,6,30,10,16,39
41.668,0.11000484005808069,2018,6,30,8,28,20,2018,6,30,14,47,7
7.999,0.045431654676258995,2018,6,30,10,0,38,2018,6,30,12,56,42
14.909,0.08975017557941206,2018,6,30,14,8,40,2018,6,30,16,54,47
6.73,0.05859817152808011,2018,6,30,14,21,27,2018,6,30,16,16,18
12.542,0.1059738065061259,2018,6,30,14,52,9,2018,6,30,16,50,30
8.985,0.1112463887742468,2018,6,30,15,26,46,2018,6,30,16,47,32
18.697,0.10654573083863615,2018,6,30,16,27,13,2018,6,30,19,22,42
3.447,0.1076066597294485,2018,6,30,17,16,57,2018,6,30,17,48,59
10.201,0.06885588930138373,2018,6,30,17,20,53,2018,6,30,19,49,2
3.78,0.05044483985765124,2018,6,30,17,28,20,2018,6,30,18,43,16
41.893,0.04395677036881591,2018,6,30,17,36,49,2018,7,1,9,29,52
40.112,0.10756290502793296,2018,6,30,17,40,34,2018,6,30,23,53,29
10.96,0.05428878064888963,2018,6,30,18,14,38,2018,6,30,21,36,31
6.538,0.04925665494726269,2018,6,30,18,28,8,2018,6,30,20,40,52
12.704,0.054876889848812095,2018,6,30,19,12,28,2018,6,30,23,3,58
16.064,0.05552073732718894,2018,6,30,19,12,43,2018,7,1,0,2,3
6.65,0.10580747812251393,2018,6,30,19,52,26,2018,6,30,20,55,17
1.552,0.03349640287769784,2018,6,30,20,30,1,2018,6,30,21,16,21
13.093,0.10900235881781602,2018,6,30,20,30,43,2018,6,30,22,30,50
13.889,0.08619569714522135,2018,6,30,21,36,35,2018,7,1,0,17,43
1.441,0.053370370370370374,2018,6,30,22,32,42,2018,6,30,22,59,42
1.479,0.0407251032583754,2018,6,30,23,2,26,2018,6,30,23,38,45
5.481,0.05377923139820114,2018,6,30,23,2,54,2018,7,1,0,44,49
6.907,0.10891458607095927,2018,6,30,23,4,33,2018,7,1,0,7,58
1.208,0.06280762564991334,2018,6,30,23,4,57,2018,6,30,23,24,11
8.09,0.054149933065595714,2018,6,30,23,27,36,2018,7,1,1,57,0
1.251,0.09573979591836734,2018,7,1,0,5,2,2018,7,1,0,18,6
13.872,0.10369004609443129,2018,7,1,1,13,52,2018,7,1,3,27,39
13.963442777777775,0.0905541036172359,2018,7,1,1,27,11,2018,7,1,4,1,23
5.239,0.054196551724137926,2018,7,1,1,27,14,2018,7,1,3,3,54
6.334,0.050923221224708555,2018,7,1,1,57,56,2018,7,1,4,2,19
4.51,0.11242210220191108,2018,7,1,3,42,37,2018,7,1,4,22,44
0.882,0.09674588665447897,2018,7,1,3,58,38,2018,7,1,4,7,45
13.881,0.10669485011529593,2018,7,1,4,19,17,2018,7,1,6,29,23
15.951,0.023844237381035426,2018,7,1,5,45,59,2018,7,1,16,54,57
6.244,0.052324022346368716,2018,7,1,6,25,58,2018,7,1,8,25,18
10.708,0.0554962425498834,2018,7,1,6,26,13,2018,7,1,9,39,10
13.889,0.05825922818791946,2018,7,1,11,10,13,2018,7,1,15,8,37
2.3,0.033511413307430786,2018,7,1,14,0,36,2018,7,1,15,9,14
2.592,0.11053304904051173,2018,7,1,14,4,18,2018,7,1,14,27,45
6.529,0.11286084701815038,2018,7,1,14,41,37,2018,7,1,15,39,28
8.416,0.06038746711313083,2018,7,1,14,55,4,2018,7,1,17,14,26
0.832,0.030682237246465887,2018,7,1,16,21,55,2018,7,1,16,49,2
0.707,0.09161987041036716,2018,7,1,17,13,33,2018,7,1,17,21,16
0.592,0.05373676248108925,2018,7,1,17,16,39,2018,7,1,17,27,40
10.794,0.10651973684210528,2018,7,1,17,23,1,2018,7,1,19,4,21
13.888,0.10817603531091782,2018,7,1,17,32,47,2018,7,1,19,41,10
3.502,0.10966597077244258,2018,7,1,17,43,55,2018,7,1,18,15,51
13.885,0.022181692315884762,2018,7,1,17,46,36,2018,7,2,4,12,34
13.811,0.1160425710684778,2018,7,1,17,54,47,2018,7,1,19,53,48
4.083,0.10892841262783459,2018,7,1,17,56,3,2018,7,1,18,33,32
2.683,0.05130019120458891,2018,7,1,18,13,5,2018,7,1,19,5,23
11.02,0.07815602836879432,2018,7,1,18,46,20,2018,7,1,21,7,20
10.381,0.10433165829145728,2018,7,1,19,48,37,2018,7,1,21,28,7
22.998,0.10947084490281635,2018,7,1,19,55,39,2018,7,1,23,25,44
11.636,0.10229450549450549,2018,7,1,20,0,26,2018,7,1,21,54,11
1.049,0.057690192483959665,2018,7,1,20,2,53,2018,7,1,20,21,4
5.814,0.04888452914798206,2018,7,1,20,10,14,2018,7,1,22,9,10
4.398,0.05427396133278486,2018,7,1,20,25,41,2018,7,1,21,46,43
8.32,0.11238180999549753,2018,7,1,20,35,10,2018,7,1,21,49,12
13.865,0.09271146773654296,2018,7,1,20,46,38,2018,7,1,23,16,11
28.346,0.1107265625,2018,7,1,20,47,22,2018,7,2,1,3,22
12.182,0.07957757212847033,2018,7,1,20,56,18,2018,7,1,23,29,23
3.781,0.054481268011527376,2018,7,1,21,1,32,2018,7,1,22,10,56
15.909,0.05633166125700797,2018,7,1,21,12,39,2018,7,2,1,55,4
5.213,0.052780965237934525,2018,7,1,22,42,1,2018,7,2,0,20,47
15.205,0.015766007085457532,2018,7,1,22,45,2,2018,7,2,14,49,27
2.623,0.09842401500938087,2018,7,1,22,45,52,2018,7,1,23,12,31
6.522,0.10322342389870748,2018,7,1,22,54,52,2018,7,1,23,58,3
1.498,0.03996442863494887,2018,7,1,23,11,54,2018,7,1,23,49,23
2.364,0.1010976478973628,2018,7,1,23,12,56,2018,7,1,23,36,19
2.139,0.04868740515933232,2018,7,1,23,20,11,2018,7,2,0,4,7
5.568,0.05762980852164913,2018,7,2,0,9,18,2018,7,2,1,45,55
13.881,0.0388098788443616,2018,7,2,0,24,19,2018,7,2,6,21,59
5.38,0.10128647631000941,2018,7,2,1,7,24,2018,7,2,2,0,31
13.889,0.0856200554813521,2018,7,2,1,36,55,2018,7,2,4,19,8
15.708,0.10447622214832059,2018,7,2,1,40,20,2018,7,2,4,10,41
13.865,0.05288620470438652,2018,7,2,1,41,56,2018,7,2,6,4,6
5.924,0.050589239965841165,2018,7,2,2,56,3,2018,7,2,4,53,9
41.872,0.06433268462562737,2018,7,2,3,15,46,2018,7,2,14,6,38
8.287,0.053019833653230965,2018,7,2,3,24,54,2018,7,2,6,1,12
16.39,0.05657576803589921,2018,7,2,4,33,55,2018,7,2,9,23,37
11.509,0.10648265227447958,2018,7,2,4,44,17,2018,7,2,6,32,22
31.814,0.10973498131647025,2018,7,2,5,9,0,2018,7,2,9,58,55
6.155,0.051177937915742794,2018,7,2,6,28,28,2018,7,2,8,28,44
13.868,0.03805185896556455,2018,7,2,7,20,16,2018,7,2,13,24,43
5.503,0.05859449866903283,2018,7,2,11,55,21,2018,7,2,13,29,16
10.411,0.031290888143064674,2018,7,2,13,52,23,2018,7,2,19,25,6
21.647,0.036259631490787265,2018,7,2,14,17,18,2018,7,3,0,14,18
10.582,0.039932075471698115,2018,7,2,14,26,11,2018,7,2,18,51,11
3.263,0.02767208480565371,2018,7,2,14,33,26,2018,7,2,16,31,21
28.716,0.07232945720162882,2018,7,2,14,34,5,2018,7,2,21,11,6
6.178,0.03670462422021983,2018,7,2,14,50,16,2018,7,2,17,38,35
6.77,0.0377860465116279,2018,7,2,14,53,30,2018,7,2,17,52,40
4.958,0.02614749055111189,2018,7,2,15,9,0,2018,7,2,18,18,37
16.918,0.03391286917011893,2018,7,2,15,9,53,2018,7,2,23,28,45
13.917,0.05522253819191852,2018,7,2,15,13,1,2018,7,2,19,25,2
12.132,0.04436102139070022,2018,7,2,15,27,53,2018,7,2,20,1,22
9.239,0.036563551216938196,2018,7,2,15,34,46,2018,7,2,19,47,27
10.375,0.0337471538544942,2018,7,2,15,35,15,2018,7,2,20,42,41
18.356,0.07476985743380857,2018,7,2,15,35,51,2018,7,2,19,41,21
8.876,0.034228420849669,2018,7,2,15,52,8,2018,7,2,20,11,27
13.885,0.03965065917852553,2018,7,2,15,53,44,2018,7,2,21,43,55
6.348,0.02691731448763251,2018,7,2,15,54,14,2018,7,2,19,50,4
26.163,0.04687309644670051,2018,7,2,15,56,29,2018,7,3,1,14,39
6.15,0.032858414959928764,2018,7,2,16,36,6,2018,7,2,19,43,16
9.583,0.03393413597733711,2018,7,2,16,40,15,2018,7,2,21,22,39
8.689,0.033183120106931446,2018,7,2,16,41,52,2018,7,2,21,3,43
13.868,0.03259735171981509,2018,7,2,16,47,3,2018,7,2,23,52,29
5.326,0.0527675033025099,2018,7,2,16,56,45,2018,7,2,18,37,41
11.45,0.032762649625637845,2018,7,2,17,6,8,2018,7,2,22,55,37
13.628,0.09612979073595108,2018,7,2,17,11,44,2018,7,2,19,33,30
13.348,0.07390237150502907,2018,7,2,17,13,26,2018,7,2,20,14,3
6.325,0.050905432595573445,2018,7,2,17,15,8,2018,7,2,19,19,23
2.843,0.029445882962195753,2018,7,2,17,32,23,2018,7,2,19,8,56
4.114,0.04578742348358375,2018,7,2,17,37,0,2018,7,2,19,6,51
20.834,0.06254265272427077,2018,7,2,18,35,34,2018,7,3,0,8,41
8.534,0.03454827609473045,2018,7,2,18,53,50,2018,7,2,23,0,51
9.166,0.03471312251467525,2018,7,2,19,27,5,2018,7,2,23,51,8
7.138,0.03376803595363873,2018,7,2,19,41,0,2018,7,2,23,12,23
6.172,0.05461946902654867,2018,7,2,21,16,39,2018,7,2,23,9,39
6.653,0.05436938163988014,2018,7,2,21,28,26,2018,7,2,23,30,48
6.128,0.10614318706697459,2018,7,2,21,33,21,2018,7,2,22,31,5
2.985,0.029107752315943442,2018,7,2,21,38,35,2018,7,2,23,21,8
1.468,0.03207574654042243,2018,7,2,21,55,57,2018,7,2,22,41,43
1.297,0.0356481905634448,2018,7,2,22,19,33,2018,7,2,22,55,56
2.094,0.03290728129910948,2018,7,2,23,4,43,2018,7,3,0,8,21
14.431,0.01489856668444689,2018,7,2,23,28,17,2018,7,3,15,36,54
4.522,0.10371559633027523,2018,7,2,23,51,34,2018,7,3,0,35,10
13.506,0.05806118793436985,2018,7,3,0,1,37,2018,7,3,3,54,14
7.105,0.09456521739130434,2018,7,3,0,9,30,2018,7,3,1,24,38
16.563,0.0554286351720676,2018,7,3,0,9,53,2018,7,3,5,8,42
13.885,0.10282646260182671,2018,7,3,0,32,5,2018,7,3,2,47,7
14.69,0.017071139431736746,2018,7,3,0,45,10,2018,7,3,15,5,41
6.0,0.10514018691588785,2018,7,3,0,47,32,2018,7,3,1,44,36
6.711,0.05148446490218642,2018,7,3,1,30,8,2018,7,3,3,40,29
7.367,0.11395204949729311,2018,7,3,1,37,48,2018,7,3,2,42,27
12.335,0.10428350007045231,2018,7,3,1,48,15,2018,7,3,3,46,32
12.815,0.10704441041347626,2018,7,3,1,49,23,2018,7,3,3,49,6
3.432,0.05210526315789474,2018,7,3,1,56,13,2018,7,3,3,2,5
6.176,0.049263493751661794,2018,7,3,2,11,40,2018,7,3,4,17,2
2.147,0.030346289752650173,2018,7,3,2,34,50,2018,7,3,3,45,35
0.587,0.10298245614035087,2018,7,3,2,42,2,2018,7,3,2,47,44
14.959,0.11160656553096245,2018,7,3,2,43,46,2018,7,3,4,57,48
8.759,0.09728619029988894,2018,7,3,3,9,59,2018,7,3,4,40,1
14.785,0.022852211545892474,2018,7,3,4,28,59,2018,7,3,15,15,58
14.604,0.05621607750048116,2018,7,3,5,58,37,2018,7,3,10,18,24
0.819,0.03354266211604095,2018,7,3,7,16,24,2018,7,3,7,40,49
4.273,0.05020168396318778,2018,7,3,13,19,10,2018,7,3,14,44,17
13.883,0.03883537694064991,2018,7,3,13,46,45,2018,7,3,19,44,14
10.697,0.03922865350528696,2018,7,3,14,7,40,2018,7,3,18,40,21
13.902,0.03641968301095926,2018,7,3,14,26,4,2018,7,3,20,47,47
4.572,0.034896323622948734,2018,7,3,14,35,25,2018,7,3,16,46,26
11.062,0.057860692180280705,2018,7,3,14,39,10,2018,7,3,17,50,21
3.656,0.027844630616907843,2018,7,3,14,42,35,2018,7,3,16,53,53
5.477,0.03360122699386503,2018,7,3,14,55,5,2018,7,3,17,38,5
11.908,0.06012117132278694,2018,7,3,15,1,30,2018,7,3,18,19,34
4.866,0.031086030664395227,2018,7,3,15,6,16,2018,7,3,17,42,48
16.759,0.04735964581763376,2018,7,3,15,16,17,2018,7,3,21,10,9
12.075,0.04092064388590794,2018,7,3,15,24,7,2018,7,3,20,19,12
2.3,0.028330938205707243,2018,7,3,15,25,18,2018,7,3,16,46,29
0.7860976702505145,0.0032609140082294572,2018,7,3,15,43,14,2018,7,3,19,44,18
3.24,0.010476960388035571,2018,7,3,15,43,24,2018,7,3,20,52,39
6.806,0.027985197368421054,2018,7,3,15,47,47,2018,7,3,19,50,59
7.254,0.05385300668151448,2018,7,3,15,58,41,2018,7,3,18,13,23
14.658,0.043422533820479906,2018,7,3,16,3,13,2018,7,3,21,40,47
2.243,0.036451787648970745,2018,7,3,16,3,28,2018,7,3,17,5,0
4.244,0.037938021454112035,2018,7,3,16,5,22,2018,7,3,17,57,14
1.846,0.03062206248272049,2018,7,3,16,22,1,2018,7,3,17,22,18
3.678,0.038668302085158576,2018,7,3,16,22,38,2018,7,3,17,57,45
10.493,0.04798628048780488,2018,7,3,16,23,52,2018,7,3,20,2,32
4.489,0.024368044874694652,2018,7,3,16,27,18,2018,7,3,19,31,31
1.856,0.02717423133235725,2018,7,3,16,41,13,2018,7,3,17,49,31
20.483,0.05364382365779136,2018,7,3,16,49,33,2018,7,3,23,11,23
6.16,0.034269819193324065,2018,7,3,16,49,57,2018,7,3,19,49,42
6.991,0.09241242564441506,2018,7,3,16,50,50,2018,7,3,18,6,29
7.826,0.046017248137985106,2018,7,3,16,55,4,2018,7,3,19,45,8
2.92,0.03269876819708847,2018,7,3,16,58,47,2018,7,3,18,28,5
10.649,0.03831494363156632,2018,7,3,16,59,16,2018,7,3,21,37,12
25.267,0.060901458241272646,2018,7,3,17,4,53,2018,7,3,23,59,46
8.321,0.09945418326693226,2018,7,3,17,13,10,2018,7,3,18,36,50
8.239,0.034465592972181554,2018,7,3,17,47,37,2018,7,3,21,46,40
2.102,0.04397489539748954,2018,7,3,17,55,39,2018,7,3,18,43,27
10.052,0.04780217167313942,2018,7,3,18,45,54,2018,7,3,22,16,11
3.186,0.010191395212454017,2018,7,3,19,1,35,2018,7,4,0,14,12
11.187,0.058714135759272215,2018,7,3,19,9,27,2018,7,3,22,19,59
5.689,0.10015845070422535,2018,7,3,19,12,47,2018,7,3,20,9,35
9.723,0.09174083975467842,2018,7,3,19,22,41,2018,7,3,21,8,40
6.641,0.05517308224868458,2018,7,3,19,27,10,2018,7,3,21,27,32
6.739,0.09852339181286549,2018,7,3,20,33,35,2018,7,3,21,41,59
1.421,0.09913953488372093,2018,7,3,20,35,51,2018,7,3,20,50,11
11.104,0.05782329456691546,2018,7,3,22,22,28,2018,7,4,1,34,30
13.901,0.10727459807073954,2018,7,3,22,41,53,2018,7,4,0,51,28
3.08,0.10289532293986638,2018,7,3,23,11,5,2018,7,3,23,41,1
13.89,0.04864013073421268,2018,7,3,23,12,54,2018,7,4,3,58,28
6.139,0.05311319394376352,2018,7,3,23,18,18,2018,7,4,1,13,53
12.585,0.07139750378214826,2018,7,3,23,27,13,2018,7,4,2,23,29
6.82,0.053849190682984605,2018,7,3,23,32,52,2018,7,4,1,39,31
2.696,0.045876347135564384,2018,7,4,0,22,33,2018,7,4,1,21,19
6.065,0.05133305120609395,2018,7,4,0,55,15,2018,7,4,2,53,24
5.41,0.09821482602118004,2018,7,4,1,11,46,2018,7,4,2,6,51
5.759,0.10976493011435833,2018,7,4,1,17,32,2018,7,4,2,10,0
22.438,0.10620700536446827,2018,7,4,1,21,18,2018,7,4,4,52,34
2.556,0.08591596638655462,2018,7,4,1,31,50,2018,7,4,2,1,35
28.301,0.10598302334290349,2018,7,4,1,44,48,2018,7,4,6,11,50
13.602,0.1050212327885729,2018,7,4,1,46,13,2018,7,4,3,55,44
10.189,0.10094782034346103,2018,7,4,1,51,10,2018,7,4,3,32,6
16.592,0.05586845501992255,2018,7,4,2,34,41,2018,7,4,7,31,40
13.573,0.098462096481683,2018,7,4,3,20,57,2018,7,4,5,38,48
0.596,0.05578783151326053,2018,7,4,5,9,3,2018,7,4,5,19,44
29.38,0.11188828943192637,2018,7,4,5,36,0,2018,7,4,9,58,35
2.652,0.03289642340293571,2018,7,4,15,55,52,2018,7,4,17,16,29
5.426,0.05445968551354968,2018,7,4,16,34,35,2018,7,4,18,14,13
6.518,0.05243062072663896,2018,7,4,16,45,53,2018,7,4,18,50,12
13.892,0.055134277020769944,2018,7,4,17,2,14,2018,7,4,21,14,12
15.142,0.055638434686753634,2018,7,4,17,21,3,2018,7,4,21,53,12
8.32,0.11140370453023879,2018,7,4,19,11,1,2018,7,4,20,25,42
26.867,0.10703273355022906,2018,7,4,20,10,56,2018,7,5,0,21,57
14.768,0.08638783269961978,2018,7,4,20,17,1,2018,7,4,23,7,58
3.598,0.05105960264900662,2018,7,4,20,30,51,2018,7,4,21,41,19
28.815,0.10771962616822431,2018,7,4,21,5,46,2018,7,5,1,33,16
13.364,0.054288422477995944,2018,7,4,21,56,30,2018,7,5,2,2,40
13.874,0.055666711247826677,2018,7,4,22,10,35,2018,7,5,2,19,49
14.966,0.05722771015231662,2018,7,4,22,45,36,2018,7,5,3,7,7
6.538,0.05398843930635839,2018,7,5,0,6,58,2018,7,5,2,8,4
9.244,0.09574313827032625,2018,7,5,0,7,28,2018,7,5,1,44,1
3.013,0.10923262839879154,2018,7,5,1,19,18,2018,7,5,1,46,53
6.827,0.057058086084412867,2018,7,5,1,55,30,2018,7,5,3,55,9
1.214,0.10759231905465289,2018,7,5,2,2,5,2018,7,5,2,13,22
3.618,0.09985280588776449,2018,7,5,2,51,3,2018,7,5,3,27,17
13.453,0.025328061752800526,2018,7,5,4,6,23,2018,7,5,12,57,32
11.681,0.10480933153880663,2018,7,5,4,8,19,2018,7,5,5,59,46
10.113,0.0993418467583497,2018,7,5,4,45,34,2018,7,5,6,27,22
2.769,0.10475409836065575,2018,7,5,4,49,0,2018,7,5,5,15,26
1.077,0.10128526645768025,2018,7,5,5,51,48,2018,7,5,6,2,26
4.122,0.0567117633570282,2018,7,5,13,24,2,2018,7,5,14,36,43
7.11,0.10667666916729182,2018,7,5,13,25,42,2018,7,5,14,32,21
11.236,0.04182912452689707,2018,7,5,13,29,27,2018,7,5,17,58,4
13.004,0.045124052975536406,2018,7,5,13,53,13,2018,7,5,18,41,24
6.445,0.03999793131981796,2018,7,5,14,33,10,2018,7,5,17,14,18
3.111,0.028298969072164948,2018,7,5,14,34,15,2018,7,5,16,24,11
10.607,0.051707832304192396,2018,7,5,14,34,39,2018,7,5,17,59,47
16.2,0.032848935451165934,2018,7,5,14,36,6,2018,7,5,22,49,16
9.677,0.03132898073706362,2018,7,5,14,44,56,2018,7,5,19,53,49
5.971,0.034581081081081086,2018,7,5,14,52,52,2018,7,5,17,45,32
25.422,0.055033915427911674,2018,7,5,15,16,12,2018,7,5,22,58,8
8.74,0.05288956127080182,2018,7,5,15,17,51,2018,7,5,18,3,6
9.271,0.0368018524644393,2018,7,5,15,18,44,2018,7,5,19,30,39
5.709,0.028840616317251832,2018,7,5,15,24,29,2018,7,5,18,42,26
5.126,0.033177993527508096,2018,7,5,15,26,41,2018,7,5,18,1,11
3.986,0.027458094144661313,2018,7,5,15,42,6,2018,7,5,18,7,16
9.445,0.058182751540041065,2018,7,5,15,43,20,2018,7,5,18,25,40
6.617,0.03498281786941581,2018,7,5,15,55,56,2018,7,5,19,5,5
4.339,0.053022403258655815,2018,7,5,15,57,43,2018,7,5,17,19,33
4.518,0.028927542418098386,2018,7,5,15,58,25,2018,7,5,18,34,36
19.75,0.0414669139517794,2018,7,5,16,9,15,2018,7,6,0,5,32
1.996,0.02835898650248638,2018,7,5,16,10,3,2018,7,5,17,20,26
2.179,0.003017378660943017,2018,7,5,16,22,23,2018,7,6,4,24,32
4.814,0.03132415139355818,2018,7,5,16,32,58,2018,7,5,19,6,39
4.905,0.03290841999329084,2018,7,5,16,48,29,2018,7,5,19,17,32
2.057,0.027197003085059495,2018,7,5,17,0,41,2018,7,5,18,16,19
30.574,0.08350129728253448,2018,7,5,17,9,44,2018,7,5,23,15,53
7.53,0.100044286979628,2018,7,5,17,9,53,2018,7,5,18,25,9
7.793,0.05883729709324274,2018,7,5,17,10,13,2018,7,5,19,22,40
36.395,0.09962135036496352,2018,7,5,17,11,15,2018,7,5,23,16,35
13.969,0.03234812813585488,2018,7,5,17,25,4,2018,7,6,0,36,54
3.905,0.051045751633986926,2018,7,5,17,34,20,2018,7,5,18,50,50
7.881,0.08740480591497227,2018,7,5,17,34,37,2018,7,5,19,4,47
3.796,0.04436306973120374,2018,7,5,17,53,29,2018,7,5,19,19,3
1.591,0.05375,2018,7,5,18,3,25,2018,7,5,18,33,1
4.066,0.045891647855530474,2018,7,5,19,11,52,2018,7,5,20,40,28
8.458,0.03270266786957082,2018,7,5,19,24,37,2018,7,5,23,43,15
3.772,0.07216836734693877,2018,7,5,19,41,58,2018,7,5,20,34,14
6.603,0.05174764890282132,2018,7,5,19,46,16,2018,7,5,21,53,52
4.371,0.031029342167534314,2018,7,5,20,0,12,2018,7,5,22,21,4
7.283,0.050233360156339814,2018,7,5,20,9,7,2018,7,5,22,34,6
8.557,0.06784090909090909,2018,7,5,20,31,0,2018,7,5,22,37,8
6.809,0.04354508633553613,2018,7,5,21,31,33,2018,7,6,0,7,55
6.161,0.049426393902928197,2018,7,5,21,38,25,2018,7,5,23,43,4
5.67,0.07229069273268168,2018,7,5,21,42,58,2018,7,5,23,1,24
12.407,0.10651309200171698,2018,7,5,22,44,34,2018,7,6,0,41,3
4.162,0.10012830793905372,2018,7,5,23,4,32,2018,7,5,23,46,6
14.857,0.05544001492630138,2018,7,5,23,18,32,2018,7,6,3,46,31
16.218,0.053725706713780914,2018,7,5,23,42,27,2018,7,6,4,44,19
16.392,0.05438920533097384,2018,7,6,0,3,24,2018,7,6,5,4,47
3.273,0.10212168486739472,2018,7,6,0,8,54,2018,7,6,0,40,57
3.999,0.05820960698689956,2018,7,6,0,33,23,2018,7,6,1,42,5
13.886,0.09912671029149314,2018,7,6,0,48,50,2018,7,6,3,8,55
13.871,0.09732896737223716,2018,7,6,0,55,57,2018,7,6,3,18,28
3.679,0.09780239255649091,2018,7,6,1,18,51,2018,7,6,1,56,28
3.225,0.030714285714285715,2018,7,6,1,28,57,2018,7,6,3,13,57
9.548,0.054440748835883304,2018,7,6,1,35,54,2018,7,6,4,31,17
8.56,0.07382492453643812,2018,7,6,1,51,22,2018,7,6,3,47,19
2.527,0.030366513118365714,2018,7,6,2,3,29,2018,7,6,3,26,42
6.066,0.048111037673496365,2018,7,6,2,13,24,2018,7,6,4,19,29
38.373,0.11010377313375735,2018,7,6,2,17,15,2018,7,6,8,5,46
14.142,0.10724469160768452,2018,7,6,2,19,1,2018,7,6,4,30,53
8.79,0.10055290753098187,2018,7,6,2,59,6,2018,7,6,4,26,31
28.253,0.09577829255890163,2018,7,6,3,23,45,2018,7,6,8,18,44
7.116,0.10770938446014128,2018,7,6,3,28,4,2018,7,6,4,34,8
9.246,0.11121892542101042,2018,7,6,3,47,32,2018,7,6,5,10,40
6.247,0.08640387275242047,2018,7,6,5,20,39,2018,7,6,6,32,57
6.489,0.10466129032258065,2018,7,6,5,28,18,2018,7,6,6,30,18
8.456,0.10050713153724246,2018,7,6,5,29,18,2018,7,6,6,53,26
3.864,0.10208718626155877,2018,7,6,5,30,10,2018,7,6,6,8,1
11.735,0.031168658698539176,2018,7,6,7,36,37,2018,7,6,13,53,7
12.746,0.04288935000841232,2018,7,6,13,23,54,2018,7,6,18,21,5
3.47,0.04976099426386234,2018,7,6,13,43,16,2018,7,6,14,53,0
11.0,0.04022182948381985,2018,7,6,14,23,33,2018,7,6,18,57,2
14.264,0.025179170344218887,2018,7,6,14,32,15,2018,7,6,23,58,45
10.73,0.052430979721475694,2018,7,6,14,44,11,2018,7,6,18,8,50
6.463,0.040647798742138364,2018,7,6,14,44,35,2018,7,6,17,23,35
4.711,0.031910137728606916,2018,7,6,14,50,20,2018,7,6,17,17,58
2.671,0.02535759493670886,2018,7,6,14,51,3,2018,7,6,16,36,23
2.737,0.027493721747865397,2018,7,6,14,59,6,2018,7,6,16,38,39
3.043,0.0283377308707124,2018,7,6,15,8,39,2018,7,6,16,56,2
3.375,0.031129900076863948,2018,7,6,15,23,41,2018,7,6,17,12,6
4.049,0.026975349766822122,2018,7,6,15,31,7,2018,7,6,18,1,13
6.949,0.03803503010399562,2018,7,6,15,52,7,2018,7,6,18,54,49
9.034,0.03789959446231297,2018,7,6,15,52,24,2018,7,6,19,50,46
13.353,0.0455371149255428,2018,7,6,15,54,23,2018,7,6,20,47,37
17.488,0.04496400411381556,2018,7,6,15,55,8,2018,7,6,22,24,4
2.017,0.028361846730724165,2018,7,6,16,1,23,2018,7,6,17,12,30
12.797,0.03360556722689076,2018,7,6,16,5,21,2018,7,6,22,26,9
8.254,0.037458588609031084,2018,7,6,16,9,22,2018,7,6,19,49,43
2.287,0.004358127421711237,2018,7,6,16,25,0,2018,7,7,1,9,46
3.713,0.030958866036687047,2018,7,6,16,27,28,2018,7,6,18,27,24
13.046,0.04354957160342717,2018,7,6,16,32,56,2018,7,6,21,32,30
4.332,0.03905048076923077,2018,7,6,16,38,15,2018,7,6,18,29,11
5.242,0.02918437413009186,2018,7,6,16,39,32,2018,7,6,19,39,9
9.835,0.04211089702419182,2018,7,6,16,47,11,2018,7,6,20,40,44
11.828,0.0423436754176611,2018,7,6,16,47,25,2018,7,6,21,26,45
13.602,0.0347892067010529,2018,7,6,16,55,4,2018,7,6,23,26,3
13.895,0.05070551027855491,2018,7,6,16,55,35,2018,7,6,21,29,37
12.479,0.05973195053849222,2018,7,6,17,3,27,2018,7,6,20,32,22
5.896,0.028545146453643182,2018,7,6,17,11,40,2018,7,6,20,38,13
7.465,0.04953002322238195,2018,7,6,17,12,55,2018,7,6,19,43,38
10.169,0.037237717424473606,2018,7,6,17,14,31,2018,7,6,21,47,36
3.016,0.036004775169120574,2018,7,6,17,14,59,2018,7,6,18,38,45
33.485,0.09035754441196313,2018,7,6,17,29,6,2018,7,6,23,39,41
4.363,0.046563500533617935,2018,7,6,17,35,34,2018,7,6,19,9,16
2.885,0.09246794871794871,2018,7,6,17,41,9,2018,7,6,18,12,21
1.9,0.028787878787878786,2018,7,6,18,0,44,2018,7,6,19,6,44
12.395,0.04453026764864379,2018,7,6,18,10,51,2018,7,6,22,49,12
6.917,0.08959844559585492,2018,7,6,18,27,5,2018,7,6,19,44,17
1.005,0.03270065075921908,2018,7,6,18,37,0,2018,7,6,19,7,44
2.183,0.034696688741721854,2018,7,6,18,47,16,2018,7,6,19,50,11
6.9,0.04665840189338443,2018,7,6,19,59,13,2018,7,6,22,27,6
1.543,0.09663883089770355,2018,7,6,20,17,22,2018,7,6,20,33,20
6.56,0.03885488647581441,2018,7,6,20,19,40,2018,7,6,23,8,30
5.772,0.055984481086323964,2018,7,6,20,29,43,2018,7,6,22,12,49
15.699,0.07630133657351154,2018,7,6,20,51,59,2018,7,7,0,17,44
4.948,0.0493074240159442,2018,7,6,21,21,36,2018,7,6,23,1,57
3.247,0.09023622047244094,2018,7,6,21,56,49,2018,7,6,22,32,48
21.543,0.09045979424732312,2018,7,6,22,17,34,2018,7,7,2,15,43
13.959,0.10131123745010281,2018,7,6,23,0,39,2018,7,7,1,18,26
0.716,0.10037383177570093,2018,7,6,23,36,38,2018,7,6,23,43,46
9.034,0.0934551724137931,2018,7,7,0,21,29,2018,7,7,1,58,9
13.909,0.01852228338068182,2018,7,7,0,26,15,2018,7,7,12,57,11
13.9,0.04464668094218416,2018,7,7,0,46,21,2018,7,7,5,57,41
5.7,0.09364731653888281,2018,7,7,0,59,58,2018,7,7,2,0,50
4.509,0.100051775147929,2018,7,7,1,10,9,2018,7,7,1,55,13
2.567,0.03335932423651722,2018,7,7,1,11,26,2018,7,7,2,28,23
2.279,0.09973741794310721,2018,7,7,2,50,7,2018,7,7,3,12,58
5.268,0.03063978286157425,2018,7,7,3,15,21,2018,7,7,6,7,17
5.895,0.04837253829321663,2018,7,7,3,20,29,2018,7,7,5,22,21
5.914,0.05070591597599314,2018,7,7,3,42,0,2018,7,7,5,38,38
11.538,0.09819574468085107,2018,7,7,3,57,53,2018,7,7,5,55,23
29.113,0.10683669724770642,2018,7,7,4,22,59,2018,7,7,8,55,29
29.831,0.10519924767838251,2018,7,7,4,28,12,2018,7,7,9,11,46
13.89,0.09961749940234282,2018,7,7,5,24,20,2018,7,7,7,43,46
17.468,0.10604877061620965,2018,7,7,6,22,25,2018,7,7,9,7,8
0.926,0.10463276836158193,2018,7,7,8,11,32,2018,7,7,8,20,23
2.619,0.0022157047982966967,2018,7,7,8,19,59,2018,7,8,4,2,0
2.283,0.033672566371681416,2018,7,7,13,51,42,2018,7,7,14,59,30
12.456,0.104496644295302,2018,7,7,14,54,2,2018,7,7,16,53,14
2.455,0.10439404677533665,2018,7,7,15,34,41,2018,7,7,15,58,12
3.25,0.05123489227535471,2018,7,7,15,52,5,2018,7,7,16,55,31
5.154,0.053930938262992674,2018,7,7,16,16,40,2018,7,7,17,52,14
11.517,0.1050661395773149,2018,7,7,16,32,46,2018,7,7,18,22,23
6.392,0.053534338358458965,2018,7,7,16,40,52,2018,7,7,18,40,16
13.158,0.10087912087912088,2018,7,7,16,43,4,2018,7,7,18,53,30
31.459,0.09475602409638555,2018,7,7,16,52,30,2018,7,7,22,24,30
3.179,0.046864864864864866,2018,7,7,17,12,49,2018,7,7,18,20,39
13.933,0.06613242623210189,2018,7,7,19,3,39,2018,7,7,22,34,20
12.641,0.10303763075669066,2018,7,7,20,10,52,2018,7,7,22,13,33
0.606,0.09251908396946565,2018,7,7,20,19,48,2018,7,7,20,26,21
20.779,0.0843531799729364,2018,7,7,20,44,22,2018,7,8,0,50,42
3.446,0.10205330700888451,2018,7,7,20,46,44,2018,7,7,21,20,30
12.85,0.05375819272068052,2018,7,7,20,46,51,2018,7,8,0,45,53
2.518,0.04412383177570093,2018,7,7,21,3,39,2018,7,7,22,0,43
12.393,0.05013349514563107,2018,7,7,21,8,17,2018,7,8,1,15,29
13.966,0.08104845729761098,2018,7,7,21,10,54,2018,7,8,0,3,13
5.98,0.09162410623084781,2018,7,7,21,21,43,2018,7,7,22,26,59
3.377,0.05153102746693794,2018,7,7,21,32,43,2018,7,7,22,38,15
9.31,0.0798684586788676,2018,7,7,21,37,13,2018,7,7,23,33,47
5.126,0.05551624548736463,2018,7,7,21,38,0,2018,7,7,23,10,20
8.361,0.057788273240410096,2018,7,7,21,38,35,2018,7,8,0,3,16
2.681,0.03281517747858017,2018,7,7,22,5,0,2018,7,7,23,26,42
0.588,0.024619678995115142,2018,7,7,22,18,52,2018,7,7,22,42,45
0.734,0.0685981308411215,2018,7,7,22,41,59,2018,7,7,22,52,41
5.948,0.051841952353282976,2018,7,7,23,11,33,2018,7,8,1,6,17
39.874,0.02285501389963603,2018,7,7,23,15,57,2018,7,9,4,20,36
2.198,0.09570391872278665,2018,7,7,23,35,8,2018,7,7,23,58,6
3.106,0.051853088480801335,2018,7,7,23,39,50,2018,7,8,0,39,44
3.368,0.10459627329192546,2018,7,8,1,9,52,2018,7,8,1,42,4
19.121,0.11184051472021836,2018,7,8,1,13,25,2018,7,8,4,4,23
13.891,0.0238635973200481,2018,7,8,1,24,37,2018,7,8,11,6,43
1.525,0.06067639257294429,2018,7,8,1,44,41,2018,7,8,2,9,49
7.499,0.09188074331223198,2018,7,8,2,11,16,2018,7,8,3,32,53
10.843,0.0816695957820738,2018,7,8,4,17,55,2018,7,8,6,30,41
1.023,0.09560747663551401,2018,7,8,4,34,24,2018,7,8,4,45,6
1.806,0.10540856031128405,2018,7,8,4,40,21,2018,7,8,4,57,29
4.062,0.049246312386340675,2018,7,8,5,21,26,2018,7,8,6,43,55
41.476,0.09789386727508752,2018,7,8,6,6,10,2018,7,8,13,9,51
13.878,0.10302895322939867,2018,7,8,14,16,47,2018,7,8,16,31,29
4.1,0.0560875512995896,2018,7,8,15,9,29,2018,7,8,16,22,35
7.168,0.11113178294573643,2018,7,8,15,33,48,2018,7,8,16,38,18
5.275,0.053835686341214495,2018,7,8,16,24,48,2018,7,8,18,2,47
12.152,0.05494084846658126,2018,7,8,16,30,26,2018,7,8,20,11,37
2.041,0.10413265306122448,2018,7,8,16,49,54,2018,7,8,17,9,30
3.444,0.10973977695167286,2018,7,8,17,15,50,2018,7,8,17,47,13
13.281,0.08433273362260557,2018,7,8,17,33,5,2018,7,8,20,10,34
13.929,0.1105037683458945,2018,7,8,17,38,45,2018,7,8,19,44,48
21.841,0.09885787567893785,2018,7,8,18,11,13,2018,7,8,21,52,9
17.73,0.10803290342236214,2018,7,8,18,16,8,2018,7,8,21,0,15
15.816,0.09901502504173625,2018,7,8,18,18,19,2018,7,8,20,58,3
2.59,0.007590485029062668,2018,7,8,18,28,49,2018,7,9,0,10,2
11.21,0.10017873100983021,2018,7,8,18,29,13,2018,7,8,20,21,7
11.146,0.07664871060171921,2018,7,8,18,42,14,2018,7,8,21,7,39
3.309,0.053529253167969804,2018,7,8,20,11,40,2018,7,8,21,13,29
13.896,0.037174959871589086,2018,7,8,20,47,0,2018,7,9,3,0,48
5.922,0.06015236160487557,2018,7,8,21,0,38,2018,7,8,22,39,5
2.511,0.031348314606741576,2018,7,8,21,3,16,2018,7,8,22,23,22
1.164,0.09822784810126582,2018,7,8,21,4,39,2018,7,8,21,16,30
10.154,0.05565360372704851,2018,7,8,21,13,40,2018,7,9,0,16,7
27.529,0.08243038227368002,2018,7,8,21,45,43,2018,7,9,3,19,41
2.681,0.04688429029437482,2018,7,8,21,47,25,2018,7,8,22,44,36
21.418,0.0841792218000786,2018,7,8,21,50,44,2018,7,9,2,5,10
4.292,0.10292565947242205,2018,7,8,22,31,48,2018,7,8,23,13,30
2.205,0.1088888888888889,2018,7,8,22,34,43,2018,7,8,22,54,58
1.302,0.03199017199017199,2018,7,8,22,45,1,2018,7,8,23,25,43
22.025,0.11039178013532702,2018,7,8,22,50,10,2018,7,9,2,9,41
17.78,0.03310781453665198,2018,7,8,23,22,13,2018,7,9,8,19,15
0.896,0.05688888888888889,2018,7,8,23,23,26,2018,7,8,23,39,11
12.068,0.05540439207284414,2018,7,8,23,35,46,2018,7,9,3,13,35
4.663,0.10646118721461188,2018,7,8,23,52,51,2018,7,9,0,36,39
16.718,0.05533929162528964,2018,7,8,23,56,52,2018,7,9,4,58,58
1.694,0.10403275332650971,2018,7,9,0,18,58,2018,7,9,0,35,15
27.154,0.07659802538787024,2018,7,9,0,21,39,2018,7,9,6,16,9
3.673,0.10099908340971586,2018,7,9,0,54,11,2018,7,9,1,30,33
13.868,0.09947160789001794,2018,7,9,1,18,48,2018,7,9,3,38,13
8.523,0.05149330379619373,2018,7,9,2,13,44,2018,7,9,4,59,15
5.833,0.0494461712348121,2018,7,9,2,21,7,2018,7,9,4,19,5
13.833,0.09327714093054619,2018,7,9,2,21,41,2018,7,9,4,49,59
1.334,0.10531578947368422,2018,7,9,2,47,10,2018,7,9,2,59,50
31.835,0.10476059891405694,2018,7,9,2,57,9,2018,7,9,8,1,2
13.182,0.05517789870238594,2018,7,9,2,58,8,2018,7,9,6,57,2
11.796,0.016546113383985973,2018,7,9,3,3,20,2018,7,9,14,56,15
13.578,0.10239819004524887,2018,7,9,3,53,1,2018,7,9,6,5,37
41.881,0.11054771017553121,2018,7,9,4,10,16,2018,7,9,10,29,7
13.539,0.05638900458142441,2018,7,9,4,50,24,2018,7,9,8,50,30
12.015,0.08917615042058388,2018,7,9,4,53,28,2018,7,9,7,8,12
1.585,0.08073005093378607,2018,7,9,5,13,56,2018,7,9,5,33,34
13.875,0.09708454810495627,2018,7,9,5,29,34,2018,7,9,7,52,29
12.577,0.04502237336674422,2018,7,9,11,54,30,2018,7,9,16,33,51
3.878,0.055932692307692315,2018,7,9,13,7,57,2018,7,9,14,17,17
0.668,0.0975182481751825,2018,7,9,13,21,17,2018,7,9,13,28,8
9.97,0.017279528582570265,2018,7,9,13,56,28,2018,7,9,23,33,27
16.385,0.04145477545857053,2018,7,9,14,1,27,2018,7,9,20,36,42
7.39,0.017540250801060166,2018,7,9,14,28,43,2018,7,9,21,30,2
5.993,0.027642988929889298,2018,7,9,14,38,39,2018,7,9,18,15,27
4.707,0.030838611050447697,2018,7,9,14,44,47,2018,7,9,17,17,25
17.82,0.039622012229016124,2018,7,9,14,52,39,2018,7,9,22,22,24
6.293,0.03058566221142163,2018,7,9,14,56,22,2018,7,9,18,22,7
7.45,0.032945165094339625,2018,7,9,15,3,29,2018,7,9,18,49,37
15.07,0.036711327649208286,2018,7,9,15,5,2,2018,7,9,21,55,32
2.816,0.02743302484169508,2018,7,9,15,5,30,2018,7,9,16,48,9
14.3575575,0.02931110751956448,2018,7,9,15,15,59,2018,7,9,23,25,49
6.513,0.03170371572286224,2018,7,9,15,20,58,2018,7,9,18,46,24
6.823,0.028172871791342646,2018,7,9,15,23,19,2018,7,9,19,25,30
10.336,0.02793891066360319,2018,7,9,15,30,44,2018,7,9,21,40,41
3.971,0.02708731241473397,2018,7,9,15,31,47,2018,7,9,17,58,23
13.889,0.023408426966292133,2018,7,9,15,35,9,2018,7,10,1,28,29
5.124,0.03968503937007874,2018,7,9,15,35,30,2018,7,9,17,44,37
5.066,0.03830141129032258,2018,7,9,15,38,45,2018,7,9,17,51,1
7.072,0.028286114259049394,2018,7,9,15,39,49,2018,7,9,19,49,50
8.201,0.04180628717077316,2018,7,9,15,45,46,2018,7,9,19,1,56
23.838,0.06865124316021887,2018,7,9,15,46,28,2018,7,9,21,33,42
5.338,0.03198961246504195,2018,7,9,15,46,58,2018,7,9,18,33,50
7.71,0.026658214717916212,2018,7,9,15,47,32,2018,7,9,20,36,45
17.896,0.059183156038141435,2018,7,9,15,51,59,2018,7,9,20,54,22
15.3,0.0503676067156809,2018,7,9,15,54,16,2018,7,9,20,58,2
4.676,0.028256622016315847,2018,7,9,16,24,19,2018,7,9,19,9,48
4.019,0.03207075408963958,2018,7,9,16,44,47,2018,7,9,18,50,6
6.625,0.029512213230380877,2018,7,9,16,46,29,2018,7,9,20,30,58
4.86,0.02517917278300665,2018,7,9,16,57,40,2018,7,9,20,10,41
10.124,0.033969354658315624,2018,7,9,16,58,51,2018,7,9,21,56,53
14.97,0.03746871349908226,2018,7,9,17,2,3,2018,7,9,23,41,35
4.292,0.027970022808732488,2018,7,9,17,2,15,2018,7,9,19,35,42
7.526,0.041363011816433086,2018,7,9,17,5,59,2018,7,9,20,7,56
13.938,0.05249717514124294,2018,7,9,17,11,5,2018,7,9,21,36,35
4.263,0.03076867556838686,2018,7,9,17,24,41,2018,7,9,19,43,14
13.895,0.03745619552520442,2018,7,9,17,26,49,2018,7,9,23,37,47
10.743,0.03642929806714141,2018,7,9,17,27,15,2018,7,9,22,22,9
4.119,0.038706342991386054,2018,7,9,17,34,17,2018,7,9,19,20,42
5.581,0.02800769488123118,2018,7,9,18,44,45,2018,7,9,22,4,1
9.757,0.038320350854225305,2018,7,9,18,50,49,2018,7,9,23,5,26
26.201,0.08648146110683244,2018,7,9,18,58,10,2018,7,10,0,1,8
9.16,0.03786166988151006,2018,7,9,19,37,7,2018,7,9,23,39,3
6.04,0.031059307507713404,2018,7,9,19,39,47,2018,7,9,22,54,15
10.369,0.0785530303030303,2018,7,9,19,43,28,2018,7,9,21,55,28
7.613,0.019103341558278617,2018,7,9,19,54,26,2018,7,10,2,32,57
17.077,0.10731252618349395,2018,7,9,20,7,37,2018,7,9,22,46,45
3.832,0.05348220516399162,2018,7,9,20,15,29,2018,7,9,21,27,8
13.359,0.05321957373348383,2018,7,9,20,58,41,2018,7,10,1,9,42
13.937,0.08121794871794871,2018,7,9,21,35,41,2018,7,10,0,27,17
7.66,0.05005445436724026,2018,7,9,21,36,27,2018,7,10,0,9,29
1.351,0.08204453441295548,2018,7,9,21,37,12,2018,7,9,21,53,40
13.894,0.09962237093690249,2018,7,9,22,6,46,2018,7,10,0,26,14
4.552,0.053312512199882874,2018,7,9,22,11,1,2018,7,9,23,36,24
6.263,0.04863836396582966,2018,7,9,22,19,55,2018,7,10,0,28,41
8.883,0.10138482023968043,2018,7,9,23,24,49,2018,7,10,0,52,26
27.252,0.08269458352298588,2018,7,9,23,27,38,2018,7,10,4,57,11
4.378,0.05527777777777778,2018,7,9,23,37,53,2018,7,10,0,57,5
2.923,0.05013722126929675,2018,7,9,23,46,16,2018,7,10,0,44,34
13.907,0.10295126465144971,2018,7,10,0,20,9,2018,7,10,2,35,14
11.025,0.0533596837944664,2018,7,10,0,21,48,2018,7,10,3,48,25
16.546,0.051563912117592064,2018,7,10,0,22,26,2018,7,10,5,43,19
8.143,0.061394822819803976,2018,7,10,1,15,15,2018,7,10,3,27,53
8.838,0.0548830469882012,2018,7,10,1,21,42,2018,7,10,4,2,44
6.035,0.050878179008009,2018,7,10,1,54,23,2018,7,10,3,53,0
0.985,0.09277864992150706,2018,7,10,2,4,38,2018,7,10,2,15,15
21.606,0.07697185607410047,2018,7,10,2,14,31,2018,7,10,6,55,13
12.267,0.09930113329735564,2018,7,10,2,21,36,2018,7,10,4,25,8
13.034,0.01749608483601056,2018,7,10,2,21,45,2018,7,10,14,46,43
6.111,0.04839118384584928,2018,7,10,2,22,30,2018,7,10,4,28,47
39.852,0.06729293895815157,2018,7,10,2,52,22,2018,7,10,12,44,35
6.675,0.03934957752014148,2018,7,10,2,54,0,2018,7,10,5,43,38
1.479,0.1047697756788666,2018,7,10,3,5,39,2018,7,10,3,19,46
3.911,0.10734675205855444,2018,7,10,4,40,0,2018,7,10,5,16,26
4.417,0.04376155878467635,2018,7,10,4,43,18,2018,7,10,6,24,14
45.735,0.031615512235586896,2018,7,10,5,4,50,2018,7,11,5,11,26
15.627,0.05702937777507452,2018,7,10,5,16,31,2018,7,10,9,50,32
12.745,0.04459932345736615,2018,7,10,11,50,11,2018,7,10,16,35,57
10.69,0.04025859904594526,2018,7,10,13,56,22,2018,7,10,18,21,54
13.357,0.05124168797953964,2018,7,10,13,56,59,2018,7,10,18,17,39
12.317,0.04729728,2018,7,10,13,59,12,2018,7,10,18,19,37
6.119,0.013307477617891188,2018,7,10,14,32,35,2018,7,10,22,12,24
4.447,0.02938869919594669,2018,7,10,14,37,5,2018,7,10,17,8,24
9.04,0.04028221314519123,2018,7,10,14,48,58,2018,7,10,18,33,23
2.754,0.02777142857142857,2018,7,10,14,53,15,2018,7,10,16,32,25
14.669,0.05781646193260199,2018,7,10,14,53,18,2018,7,10,19,7,1
2.884,0.005320542385388802,2018,7,10,15,3,31,2018,7,11,0,5,34
5.448,0.0351937984496124,2018,7,10,15,7,23,2018,7,10,17,42,11
13.06,0.05434873075322513,2018,7,10,15,10,52,2018,7,10,19,11,10
18.38,0.045953829485790486,2018,7,10,15,13,34,2018,7,10,21,53,32
11.757,0.03265984536321126,2018,7,10,15,18,8,2018,7,10,21,18,7
17.501,0.03858245149911817,2018,7,10,15,19,18,2018,7,10,22,52,54
5.294,0.025715673575129532,2018,7,10,15,31,46,2018,7,10,18,57,38
17.1,0.05947136563876652,2018,7,10,15,41,32,2018,7,10,20,29,4
10.078,0.051296233457753644,2018,7,10,15,46,50,2018,7,10,19,3,18
13.897,0.040320116054158604,2018,7,10,15,52,43,2018,7,10,21,37,23
6.114,0.01240707545574458,2018,7,10,15,54,27,2018,7,11,0,7,14
6.902,0.060332167832167834,2018,7,10,15,59,42,2018,7,10,17,54,6
6.493,0.02952258260078812,2018,7,10,16,2,21,2018,7,10,19,42,17
6.302,0.0250925741588692,2018,7,10,16,7,50,2018,7,10,20,18,59
14.163,0.03606876061120543,2018,7,10,16,14,53,2018,7,10,22,47,33
3.531,0.023355749090508214,2018,7,10,16,18,41,2018,7,10,18,49,52
0.8269772998801281,0.0032736450480179246,2018,7,10,16,28,52,2018,7,10,20,41,29
4.903,0.0287453586085597,2018,7,10,16,30,7,2018,7,10,19,20,41
2.257,0.027468559837728196,2018,7,10,16,32,31,2018,7,10,17,54,41
7.337,0.0312146351840034,2018,7,10,16,35,2,2018,7,10,20,30,5
16.459,0.056994286373867366,2018,7,10,16,41,8,2018,7,10,21,29,55
15.998,0.033683545636382775,2018,7,10,16,48,29,2018,7,11,0,43,26
4.035,0.0309353437260414,2018,7,10,16,49,35,2018,7,10,19,0,1
12.571,0.023804955026037557,2018,7,10,16,57,42,2018,7,11,1,45,47
7.669,0.02930454719144058,2018,7,10,17,21,22,2018,7,10,21,43,4
3.07,0.026194539249146755,2018,7,10,17,23,29,2018,7,10,19,20,41
9.643,0.02921383489017925,2018,7,10,17,24,25,2018,7,10,22,54,30
4.318,0.01191008136808716,2018,7,10,17,39,38,2018,7,10,23,42,11
24.667,0.08106589253437038,2018,7,10,17,43,36,2018,7,10,22,47,53
8.129,0.02110697593906872,2018,7,10,18,19,30,2018,7,11,0,44,38
2.517,0.02541140837960626,2018,7,10,18,21,13,2018,7,10,20,0,16
6.716,0.052861078315623776,2018,7,10,18,35,39,2018,7,10,20,42,42
1.472,0.029449816605535178,2018,7,10,18,56,10,2018,7,10,19,46,9
9.367,0.07188795088257867,2018,7,10,18,57,8,2018,7,10,21,7,26
6.426,0.03244908264601919,2018,7,10,18,57,33,2018,7,10,22,15,35
6.214,0.03575716888846265,2018,7,10,19,25,3,2018,7,10,22,18,50
2.008635005973646,17.21687147977411,2018,7,10,19,56,56,2018,7,10,19,57,3
1.08,0.02606596942880129,2018,7,10,20,0,10,2018,7,10,20,41,36
0.991,0.034231433506044906,2018,7,10,20,2,27,2018,7,10,20,31,24
2.615,0.010439121756487027,2018,7,10,20,17,23,2018,7,11,0,27,53
3.574,0.03292491939198526,2018,7,10,20,43,53,2018,7,10,22,32,26
10.502,0.048310971402284755,2018,7,10,21,7,33,2018,7,11,0,44,56
7.009,0.10474221668742216,2018,7,10,21,57,37,2018,7,10,23,4,32
17.709,0.0100789209083493,2018,7,10,22,8,43,2018,7,12,3,25,45
1.312,0.07935483870967741,2018,7,10,22,17,21,2018,7,10,22,33,53
1.77,0.10221366698748797,2018,7,10,22,35,10,2018,7,10,22,52,29
14.033,0.055539577836411606,2018,7,10,22,52,27,2018,7,11,3,5,7
11.640149342891142,0.08947078664789503,2018,7,10,22,53,15,2018,7,11,1,3,21
1.077,0.03636465953854811,2018,7,10,22,53,56,2018,7,10,23,23,33
0.753,0.051693363844393596,2018,7,10,23,11,34,2018,7,10,23,26,8
16.622,0.05404356779018099,2018,7,10,23,53,6,2018,7,11,5,0,40
12.082,0.1057968476357268,2018,7,10,23,55,42,2018,7,11,1,49,54
0.675,0.09712230215827339,2018,7,10,23,56,18,2018,7,11,0,3,15
13.879,0.05664127329615018,2018,7,11,0,0,7,2018,7,11,4,5,9
9.247,0.10681940700808626,2018,7,11,0,3,13,2018,7,11,1,29,47
11.099,0.05228800251256281,2018,7,11,0,10,18,2018,7,11,3,42,34
19.931,0.10340337224383918,2018,7,11,0,11,14,2018,7,11,3,23,59
1.608,0.025243328100470957,2018,7,11,1,5,0,2018,7,11,2,8,42
0.526,0.047174887892376685,2018,7,11,1,15,27,2018,7,11,1,26,36
5.877,0.10100830707533658,2018,7,11,1,17,59,2018,7,11,2,16,10
5.98,0.04997214484679666,2018,7,11,2,7,32,2018,7,11,4,7,12
1.745,0.03538357553227442,2018,7,11,2,31,24,2018,7,11,3,20,43
8.33,0.09602305475504323,2018,7,11,2,35,4,2018,7,11,4,1,49
13.216,0.09426533523537803,2018,7,11,2,38,5,2018,7,11,4,58,17
33.705,0.0985622380348962,2018,7,11,2,43,26,2018,7,11,8,25,24
13.878,0.10077211666464964,2018,7,11,2,56,34,2018,7,11,5,14,17
8.997,0.10603417796110784,2018,7,11,3,15,54,2018,7,11,4,40,45
15.787,0.021260521177025118,2018,7,11,3,16,28,2018,7,11,15,39,1
43.031,0.031181507469716548,2018,7,11,4,8,35,2018,7,12,3,8,36
4.629,0.09834985835694049,2018,7,11,5,27,6,2018,7,11,6,14,10
24.278,0.10594806895046911,2018,7,11,5,50,51,2018,7,11,9,40,0
7.15,0.054524656837824106,2018,7,11,7,58,57,2018,7,11,10,10,5
1.284,0.05376133984647593,2018,7,11,11,52,1,2018,7,11,12,15,54
10.952,0.044316158618829246,2018,7,11,12,19,23,2018,7,11,16,26,31
3.152,0.0520704845814978,2018,7,11,13,46,52,2018,7,11,14,47,24
13.906,0.02433742671294811,2018,7,11,13,50,14,2018,7,11,23,21,37
13.447,0.02107735311789754,2018,7,11,13,56,26,2018,7,12,0,34,25
15.236,0.056294106779974144,2018,7,11,14,0,11,2018,7,11,18,30,50
6.553,0.034477376359172224,2018,7,11,14,29,19,2018,7,11,17,39,23
4.717,0.0301888,2018,7,11,14,32,24,2018,7,11,17,8,39
2.862,0.013936049342639182,2018,7,11,14,49,14,2018,7,11,18,14,36
2.638,0.026886359775777136,2018,7,11,15,4,33,2018,7,11,16,42,40
30.486,0.06435265972417675,2018,7,11,15,11,13,2018,7,11,23,4,57
7.972,0.03440656020716444,2018,7,11,15,12,56,2018,7,11,19,4,38
16.389,0.03652551816358369,2018,7,11,15,14,28,2018,7,11,22,43,10
16.026,0.04875323226689652,2018,7,11,15,14,56,2018,7,11,20,43,39
3.174,0.028736985061113624,2018,7,11,15,15,16,2018,7,11,17,5,43
3.264,0.027068417415342088,2018,7,11,15,25,8,2018,7,11,17,25,43
11.927,0.022845011971268953,2018,7,11,15,26,52,2018,7,12,0,8,57
16.926,0.055470832422984485,2018,7,11,15,33,6,2018,7,11,20,38,14
4.622,0.009925910018254054,2018,7,11,15,41,15,2018,7,11,23,26,54
5.333,0.024246419640827462,2018,7,11,15,43,6,2018,7,11,19,23,3
6.711,0.02817971866470712,2018,7,11,15,43,38,2018,7,11,19,41,47
3.039,0.005480942647589275,2018,7,11,15,47,23,2018,7,12,1,1,51
12.365,0.052253838568812515,2018,7,11,15,50,36,2018,7,11,19,47,14
8.17,0.0400784890851116,2018,7,11,15,53,17,2018,7,11,19,17,8
5.725,0.030702538434036464,2018,7,11,15,53,33,2018,7,11,19,0,1
4.856,0.026579091406677614,2018,7,11,15,54,39,2018,7,11,18,57,21
7.865,0.04351313969571231,2018,7,11,15,54,45,2018,7,11,18,55,30
41.97,0.08120606256046436,2018,7,11,15,56,36,2018,7,12,0,33,26
5.119,0.029831002331002332,2018,7,11,16,24,13,2018,7,11,19,15,49
4.775,0.02825722457836079,2018,7,11,16,26,27,2018,7,11,19,15,26
10.796,0.03987933263559688,2018,7,11,16,27,47,2018,7,11,20,58,30
1.23,0.02382182052937379,2018,7,11,16,41,46,2018,7,11,17,33,24
11.636,0.0246047577092511,2018,7,11,16,44,8,2018,7,12,0,37,3
15.769,0.029564103365309503,2018,7,11,16,57,41,2018,7,12,1,51,4
4.299,0.007110094272010586,2018,7,11,17,12,33,2018,7,12,3,17,11
1.756,0.025710102489019036,2018,7,11,17,22,7,2018,7,11,18,30,25
13.977,0.03139840503201168,2018,7,11,17,26,7,2018,7,12,0,51,16
15.581,0.054878778984443786,2018,7,11,17,33,24,2018,7,11,22,17,19
2.848,0.028967621630784878,2018,7,11,17,37,32,2018,7,11,19,15,51
14.932,0.04569854628921194,2018,7,11,18,15,57,2018,7,11,23,42,42
9.494,0.04669563078940897,2018,7,11,19,7,32,2018,7,11,22,30,51
4.448,0.03746209994385177,2018,7,11,19,48,19,2018,7,11,21,47,3
1.817,0.03199882594658057,2018,7,11,20,23,40,2018,7,11,21,20,27
7.926,0.08493659582068228,2018,7,11,20,36,59,2018,7,11,22,10,18
3.917,0.05456698397956814,2018,7,11,21,6,29,2018,7,11,22,18,16
3.838,0.05259936043855642,2018,7,11,21,23,44,2018,7,11,22,36,42
16.715,0.05441966465896142,2018,7,11,21,48,38,2018,7,12,2,55,47
3.412,0.08274858528698463,2018,7,11,21,48,54,2018,7,11,22,30,8
13.91,0.0759348557911018,2018,7,11,22,26,59,2018,7,12,1,30,10
10.747,0.07371056241426611,2018,7,11,22,57,32,2018,7,12,1,23,20
3.909,0.05112031386224934,2018,7,11,23,15,0,2018,7,12,0,31,28
6.36,0.09295980511571254,2018,7,11,23,58,10,2018,7,12,1,6,35
11.625,0.09557412989860235,2018,7,11,23,58,46,2018,7,12,2,0,24
0.666,0.07047619047619048,2018,7,12,0,26,4,2018,7,12,0,35,31
15.797,0.022120002800532102,2018,7,12,0,27,40,2018,7,12,12,21,49
10.254,0.04873188118811881,2018,7,12,0,30,19,2018,7,12,4,0,44
2.518,0.03268714842059714,2018,7,12,0,37,9,2018,7,12,1,54,11
13.876,0.10481681984136976,2018,7,12,0,40,18,2018,7,12,2,52,41
3.227,0.03812167749556999,2018,7,12,0,43,43,2018,7,12,2,8,22
0.677,0.0955764705882353,2018,7,12,0,48,32,2018,7,12,0,55,37
6.014,0.1002054984726465,2018,7,12,0,50,26,2018,7,12,1,50,27
1.213,0.10265162200282088,2018,7,12,1,2,53,2018,7,12,1,14,42
9.294,0.09391040754462783,2018,7,12,1,10,48,2018,7,12,2,49,46
34.957,0.10814230471771075,2018,7,12,1,11,20,2018,7,12,6,34,35
16.651,0.05590710688304421,2018,7,12,1,30,49,2018,7,12,6,28,39
2.801,0.03288845401174168,2018,7,12,1,39,16,2018,7,12,3,4,26
1.844,0.05885106382978724,2018,7,12,1,47,38,2018,7,12,2,18,58
6.039,0.045145776227261396,2018,7,12,2,18,34,2018,7,12,4,32,20
13.914,0.09882102272727272,2018,7,12,2,32,41,2018,7,12,4,53,29
22.564,0.10252480121166224,2018,7,12,3,2,51,2018,7,12,6,42,56
13.295,0.09454782505629963,2018,7,12,3,9,1,2018,7,12,5,29,38
16.171,0.021886715842187182,2018,7,12,3,30,58,2018,7,12,15,49,49
3.885,0.09827150084317032,2018,7,12,4,48,7,2018,7,12,5,27,39
1.572,0.09432,2018,7,12,5,4,1,2018,7,12,5,20,41
1.115,0.058173913043478256,2018,7,12,5,9,36,2018,7,12,5,28,46
1.911,0.10735955056179775,2018,7,12,5,35,7,2018,7,12,5,52,55
16.455,0.05655286974452973,2018,7,12,6,4,45,2018,7,12,10,55,43
12.399,0.04542590217988642,2018,7,12,11,45,19,2018,7,12,16,18,16
3.971,0.11438310129620739,2018,7,12,12,54,6,2018,7,12,13,28,49
10.274,0.04315597871744609,2018,7,12,13,51,36,2018,7,12,17,49,40
15.002,0.051972977654599004,2018,7,12,14,1,58,2018,7,12,18,50,37
4.83,0.040565509518477046,2018,7,12,14,7,49,2018,7,12,16,6,53
11.443,0.036711581649021496,2018,7,12,14,9,42,2018,7,12,19,21,24
11.873,0.03923013381794152,2018,7,12,14,34,5,2018,7,12,19,36,44
4.895,0.030397433243634857,2018,7,12,14,35,17,2018,7,12,17,16,19
0.697,0.025345454545454543,2018,7,12,14,50,17,2018,7,12,15,17,47
4.809,0.008865605604375347,2018,7,12,14,54,19,2018,7,12,23,56,45
32.555,0.0655755866653238,2018,7,12,15,4,52,2018,7,12,23,21,19
11.202,0.031123871266496874,2018,7,12,15,14,44,2018,7,12,21,14,39
4.568,0.028651473970311515,2018,7,12,15,15,14,2018,7,12,17,54,40
5.597,0.030199640287769784,2018,7,12,15,22,35,2018,7,12,18,27,55
8.708,0.027347814708191573,2018,7,12,15,30,48,2018,7,12,20,49,13
14.209,0.046829991760505355,2018,7,12,15,34,3,2018,7,12,20,37,28
5.446,0.028164109636269606,2018,7,12,15,36,43,2018,7,12,18,50,5
11.982,0.02693593106032222,2018,7,12,15,44,23,2018,7,12,23,9,13
16.807,0.04293524077149061,2018,7,12,15,45,15,2018,7,12,22,16,42
9.948,0.0299217966713455,2018,7,12,15,47,6,2018,7,12,21,19,34
7.898,0.04657297297297297,2018,7,12,15,47,57,2018,7,12,18,37,32
2.356,0.02695652173913043,2018,7,12,15,49,16,2018,7,12,17,16,40
4.859,0.012055077737347007,2018,7,12,15,49,41,2018,7,12,22,32,45
7.178,0.028384630593817968,2018,7,12,15,54,15,2018,7,12,20,7,8
16.462,0.043007924758338416,2018,7,12,15,59,14,2018,7,12,22,22,0
3.789,0.029705997647981184,2018,7,12,16,5,11,2018,7,12,18,12,44
3.481,0.027181155648099947,2018,7,12,16,20,39,2018,7,12,18,28,43
18.432,0.05157968378340562,2018,7,12,16,29,30,2018,7,12,22,26,51
5.9,0.031441513455901945,2018,7,12,16,36,33,2018,7,12,19,44,12
2.242,0.02634031721167026,2018,7,12,16,43,46,2018,7,12,18,8,53
2.556,0.026068332483426826,2018,7,12,16,50,46,2018,7,12,18,28,49
7.733,0.03029974531443871,2018,7,12,16,51,40,2018,7,12,21,6,53
7.243,0.04294693151497184,2018,7,12,16,53,15,2018,7,12,19,41,54
6.378,0.022141989237979515,2018,7,12,16,54,45,2018,7,12,21,42,48
4.49,0.006593406593406593,2018,7,12,16,55,33,2018,7,13,4,16,32
2.739,0.02694981961298786,2018,7,12,17,9,49,2018,7,12,18,51,27
9.105,0.07297622228159231,2018,7,12,17,22,3,2018,7,12,19,26,49
11.521,0.08136299435028249,2018,7,12,17,22,31,2018,7,12,19,44,7
12.242,0.0438807575123962,2018,7,12,17,26,6,2018,7,12,22,5,5
4.0,0.027659329261265412,2018,7,12,17,30,0,2018,7,12,19,54,37
10.921,0.022753663448850613,2018,7,12,17,35,17,2018,7,13,1,35,15
13.973,0.0316513138024766,2018,7,12,17,45,50,2018,7,13,1,7,18
1.819,0.025458362491252624,2018,7,12,17,59,33,2018,7,12,19,11,0
1.73,0.035916955017301036,2018,7,12,18,21,53,2018,7,12,19,10,3
21.143,0.06144137162783939,2018,7,12,18,52,22,2018,7,13,0,36,29
6.953,0.02794801366651035,2018,7,12,19,1,46,2018,7,12,23,10,33
10.203,0.08773000859845227,2018,7,12,19,22,7,2018,7,12,21,18,25
2.089,0.03210553278688525,2018,7,12,19,42,11,2018,7,12,20,47,15
11.244,0.045183845690174806,2018,7,12,20,2,58,2018,7,13,0,11,49
7.956,0.05621290626471974,2018,7,12,20,3,12,2018,7,12,22,24,44
1.87,0.023095924248662,2018,7,12,20,4,59,2018,7,12,21,25,57
1.842,0.04040950639853748,2018,7,12,20,10,4,2018,7,12,20,55,39
6.684,0.05365083612040134,2018,7,12,21,16,1,2018,7,12,23,20,36
12.124,0.0751565244343424,2018,7,12,21,41,53,2018,7,13,0,23,12
3.779,0.060641882856378705,2018,7,12,21,42,44,2018,7,12,22,45,3
19.353,0.08497475301866082,2018,7,12,21,45,52,2018,7,13,1,33,37
16.178,0.05098644815631894,2018,7,12,22,13,11,2018,7,13,3,30,29
13.889,0.09956272401433691,2018,7,12,23,0,45,2018,7,13,1,20,15
1.296,0.03731285988483685,2018,7,13,0,8,17,2018,7,13,0,43,1
3.918,0.1102626641651032,2018,7,13,0,16,19,2018,7,13,0,51,51
19.04758213860417,0.024970611088888532,2018,7,13,0,18,16,2018,7,13,13,1,4
10.16,0.10342721411605021,2018,7,13,0,28,35,2018,7,13,2,6,49
6.019,0.10147232368642876,2018,7,13,0,53,38,2018,7,13,1,52,57
18.068,0.1007696597880647,2018,7,13,0,54,56,2018,7,13,3,54,14
15.069,0.017821887566033274,2018,7,13,1,17,58,2018,7,13,15,23,30
0.695,0.09952267303102624,2018,7,13,1,37,41,2018,7,13,1,44,40
7.308,0.055658796648895656,2018,7,13,1,42,38,2018,7,13,3,53,56
1.945,0.042747252747252745,2018,7,13,1,45,7,2018,7,13,2,30,37
12.819,0.10155003960918933,2018,7,13,1,46,57,2018,7,13,3,53,11
13.072,0.10354059405940594,2018,7,13,1,52,44,2018,7,13,3,58,59
6.032,0.0511692351194684,2018,7,13,2,19,43,2018,7,13,4,17,36
13.14,0.10203183641775593,2018,7,13,3,15,57,2018,7,13,5,24,44
9.271,0.10411005053340822,2018,7,13,3,18,2,2018,7,13,4,47,5
1.644,0.10394099051633297,2018,7,13,3,28,34,2018,7,13,3,44,23
1.126,0.09748917748917747,2018,7,13,4,0,12,2018,7,13,4,11,45
5.828464755076334,0.09823255205184833,2018,7,13,4,4,18,2018,7,13,5,3,38
1.361,0.08349693251533742,2018,7,13,4,12,23,2018,7,13,4,28,41
2.052,0.10116680361544782,2018,7,13,4,12,57,2018,7,13,4,33,14
12.35,0.046044864226682414,2018,7,13,11,50,7,2018,7,13,16,18,20
9.378,0.09008645533141212,2018,7,13,13,17,50,2018,7,13,15,1,56
3.702,0.05098003213220106,2018,7,13,13,46,5,2018,7,13,14,58,42
11.377,0.05792769857433809,2018,7,13,14,11,43,2018,7,13,17,28,7
3.405,0.03351927809680066,2018,7,13,14,38,10,2018,7,13,16,19,45
13.679,0.05311889198110155,2018,7,13,14,39,0,2018,7,13,18,56,31
9.759,0.017097056762438684,2018,7,13,14,40,19,2018,7,14,0,11,7
2.948,0.005373351965490006,2018,7,13,14,53,26,2018,7,14,0,2,4
11.314,0.035454118138611795,2018,7,13,15,5,44,2018,7,13,20,24,51
2.283,0.026076527698458023,2018,7,13,15,6,32,2018,7,13,16,34,5
8.538,0.028622192423734497,2018,7,13,15,12,42,2018,7,13,20,11,0
2.322,0.02646656534954407,2018,7,13,15,19,36,2018,7,13,16,47,20
12.227,0.03253592336349122,2018,7,13,15,22,2,2018,7,13,21,37,50
16.421,0.05803840716305372,2018,7,13,15,22,26,2018,7,13,20,5,22
8.726,0.036282744282744285,2018,7,13,15,29,10,2018,7,13,19,29,40
24.033,0.05039597385803656,2018,7,13,15,30,35,2018,7,13,23,27,28
5.349,0.03585921787709498,2018,7,13,15,30,56,2018,7,13,18,0,6
17.239,0.04506142720223055,2018,7,13,15,31,19,2018,7,13,21,53,53
3.158,0.025619253650621957,2018,7,13,15,33,50,2018,7,13,17,37,6
2.052,0.007908022352109962,2018,7,13,15,37,4,2018,7,13,19,56,33
5.473,0.010853025746108337,2018,7,13,15,40,1,2018,7,14,0,4,18
5.744,0.03621689785624212,2018,7,13,15,43,6,2018,7,13,18,21,42
8.115,0.04724890829694323,2018,7,13,15,49,28,2018,7,13,18,41,13
2.107,0.027417046193884194,2018,7,13,15,55,19,2018,7,13,17,12,10
6.486,0.03284050632911392,2018,7,13,15,58,38,2018,7,13,19,16,8
13.2,0.05932584269662921,2018,7,13,15,59,31,2018,7,13,19,42,1
6.763,0.030657298277425204,2018,7,13,16,2,28,2018,7,13,19,43,4
7.926,0.03442096120440069,2018,7,13,16,12,26,2018,7,13,20,2,42
6.685,0.028746506127714466,2018,7,13,16,14,21,2018,7,13,20,6,54
10.666,0.0637410358565737,2018,7,13,16,20,17,2018,7,13,19,7,37
3.47,0.029700427960057063,2018,7,13,16,26,18,2018,7,13,18,23,8
13.678,0.023493644795602887,2018,7,13,16,40,9,2018,7,14,2,22,21
19.717,0.059421367220854886,2018,7,13,16,49,27,2018,7,13,22,21,16
5.445,0.027272727272727275,2018,7,13,16,52,2,2018,7,13,20,11,41
9.618,0.05798050838943033,2018,7,13,16,59,49,2018,7,13,19,45,42
12.619,0.04409924864581514,2018,7,13,17,0,40,2018,7,13,21,46,49
20.269,0.04487932688759318,2018,7,13,17,11,12,2018,7,14,0,42,50
10.575,0.029328834242396226,2018,7,13,17,11,32,2018,7,13,23,12,6
12.505,0.08889810426540286,2018,7,13,17,19,37,2018,7,13,19,40,17
5.07,0.008925270662793769,2018,7,13,17,29,9,2018,7,14,2,57,12
13.952,0.030421920994294437,2018,7,13,17,29,45,2018,7,14,1,8,22
3.128,0.030656648154197975,2018,7,13,17,29,56,2018,7,13,19,11,58
1.79,0.027759110881364693,2018,7,13,17,30,22,2018,7,13,18,34,51
1.642,0.025398298530549108,2018,7,13,18,24,15,2018,7,13,19,28,54
6.14,0.03061071873701703,2018,7,13,18,29,19,2018,7,13,21,49,54
9.453,0.057256208358570565,2018,7,13,19,46,23,2018,7,13,22,31,29
6.791,0.04420744276879679,2018,7,13,20,10,51,2018,7,13,22,44,28
6.292,0.050450354136041695,2018,7,13,20,12,9,2018,7,13,22,16,52
2.018,0.030817001781623818,2018,7,13,20,48,9,2018,7,13,21,53,38
0.814,0.0210880829015544,2018,7,13,21,45,52,2018,7,13,22,24,28
0.576,0.023382949932341,2018,7,13,22,11,12,2018,7,13,22,35,50
2.162,0.05360330578512396,2018,7,13,22,45,33,2018,7,13,23,25,53
7.946,0.10075232459847845,2018,7,13,22,56,0,2018,7,14,0,14,52
3.742,0.10233363719234274,2018,7,13,23,0,5,2018,7,13,23,36,39
14.857,0.0968829475057059,2018,7,13,23,7,41,2018,7,14,1,41,2
16.298,0.011227095292766933,2018,7,13,23,36,45,2018,7,14,23,48,25
17.11,0.05614745132356158,2018,7,13,23,37,33,2018,7,14,4,42,17
9.526,0.09981837233670975,2018,7,13,23,54,31,2018,7,14,1,29,57
11.105,0.10202112999540654,2018,7,14,0,23,55,2018,7,14,2,12,46
13.875,0.07987143816559532,2018,7,14,0,42,0,2018,7,14,3,35,43
13.897,0.08060904872389792,2018,7,14,1,4,21,2018,7,14,3,56,45
5.779,0.0983380601247873,2018,7,14,1,7,32,2018,7,14,2,6,18
6.33,0.05510737086477075,2018,7,14,1,24,9,2018,7,14,3,19,1
13.583,0.10530817935133739,2018,7,14,1,44,59,2018,7,14,3,53,58
6.61,0.05091142490372272,2018,7,14,3,32,26,2018,7,14,5,42,16
4.056,0.10991869918699188,2018,7,14,3,55,50,2018,7,14,4,32,44
5.97,0.051450732548118355,2018,7,14,4,42,4,2018,7,14,6,38,6
26.323,0.10098337595907927,2018,7,14,5,10,48,2018,7,14,9,31,28
4.543,0.08439009287925696,2018,7,14,5,14,33,2018,7,14,6,8,23
2.58,0.045104895104895106,2018,7,14,7,18,6,2018,7,14,8,15,18
30.781,0.10586758383490971,2018,7,14,7,23,8,2018,7,14,12,13,53
16.344,0.05719351452233758,2018,7,14,8,41,58,2018,7,14,13,27,44
2.337,0.03366626650660264,2018,7,14,13,51,55,2018,7,14,15,1,20
6.778,0.05431815146253506,2018,7,14,14,53,51,2018,7,14,16,58,38
13.371,0.10627367863293152,2018,7,14,16,2,25,2018,7,14,18,8,14
11.923,0.08503268750742898,2018,7,14,16,8,0,2018,7,14,18,28,13
4.604,0.10089116143170197,2018,7,14,16,10,37,2018,7,14,16,56,15
9.675,0.052382241472658374,2018,7,14,16,31,49,2018,7,14,19,36,31
11.593,0.05238195647262595,2018,7,14,16,45,53,2018,7,14,20,27,12
2.624,0.029621825023518348,2018,7,14,16,54,42,2018,7,14,18,23,17
13.88,0.0557056856187291,2018,7,14,17,0,34,2018,7,14,21,9,44
3.766,0.05595839524517088,2018,7,14,17,48,53,2018,7,14,18,56,11
38.76,0.1000301088218848,2018,7,14,17,52,52,2018,7,15,0,20,21
29.812,0.10936838887190463,2018,7,14,17,56,32,2018,7,14,22,29,7
10.228,0.09511469311841289,2018,7,14,18,15,29,2018,7,14,20,3,1
13.88,0.09281176863925109,2018,7,14,19,2,44,2018,7,14,21,32,17
16.283,0.055084573748308524,2018,7,14,19,11,30,2018,7,15,0,7,6
13.103,0.055050766753028495,2018,7,14,19,54,55,2018,7,14,23,52,56
13.871,0.09492016423357665,2018,7,14,19,58,27,2018,7,14,22,24,35
5.725,0.05050727834142038,2018,7,14,20,10,26,2018,7,14,22,3,47
18.166,0.09702332205803811,2018,7,14,21,17,5,2018,7,15,0,24,19
2.166,0.09648106904231626,2018,7,14,21,24,20,2018,7,14,21,46,47
15.154,0.1066682308775223,2018,7,14,21,43,45,2018,7,15,0,5,49
1.163,0.036901110523532524,2018,7,14,21,46,22,2018,7,14,22,17,53
9.668,0.10100644262580531,2018,7,14,22,17,51,2018,7,14,23,53,34
12.27,0.07560850364588682,2018,7,14,22,28,40,2018,7,15,1,10,57
1.937,0.048526096033402924,2018,7,14,22,58,10,2018,7,14,23,38,5
13.873,0.1003109182935647,2018,7,14,22,58,46,2018,7,15,1,17,4
4.71,0.05235272323082623,2018,7,14,23,13,14,2018,7,15,0,43,12
0.966,0.09611940298507461,2018,7,14,23,15,52,2018,7,14,23,25,55
9.772,0.058160896736434875,2018,7,14,23,17,27,2018,7,15,2,5,28
27.86,0.11096654275092936,2018,7,14,23,18,8,2018,7,15,3,29,12
4.829,0.05524118207816968,2018,7,14,23,44,13,2018,7,15,1,11,38
3.713,0.04819991345737776,2018,7,14,23,49,18,2018,7,15,1,6,20
2.715,0.09993865030674845,2018,7,14,23,57,8,2018,7,15,0,24,18
0.576,0.07140495867768595,2018,7,15,0,16,39,2018,7,15,0,24,43
2.44,0.10772626931567329,2018,7,15,1,33,52,2018,7,15,1,56,31
13.868,0.0916084993944732,2018,7,15,1,45,19,2018,7,15,4,16,42
1.629,0.09983656792645557,2018,7,15,2,28,39,2018,7,15,2,44,58
6.124,0.11278084714548803,2018,7,15,3,2,3,2018,7,15,3,56,21
41.868,0.05557699115044248,2018,7,15,3,58,52,2018,7,15,16,32,12
2.788,0.02178125,2018,7,15,4,22,42,2018,7,15,6,30,42
39.833,0.050589081980399214,2018,7,15,5,54,44,2018,7,15,19,2,7
6.024,0.04945136133533999,2018,7,15,5,56,52,2018,7,15,7,58,41
9.048,0.10244951877712777,2018,7,15,6,3,7,2018,7,15,7,31,26
11.034,0.11067201604814443,2018,7,15,6,5,43,2018,7,15,7,45,25
12.255,0.05589084828215263,2018,7,15,6,20,10,2018,7,15,9,59,26
13.9,0.0074590823718808695,2018,7,15,6,28,30,2018,7,16,13,32,0
4.146,0.05591368846931894,2018,7,15,8,59,46,2018,7,15,10,13,55
13.89,0.10601704617733113,2018,7,15,12,51,30,2018,7,15,15,2,31
5.387,0.060471468662301214,2018,7,15,16,16,46,2018,7,15,17,45,51
0.725,0.10139860139860139,2018,7,15,16,27,42,2018,7,15,16,34,51
16.753,0.0813910931174089,2018,7,15,16,31,25,2018,7,15,19,57,15
15.33,0.111952288218111,2018,7,15,17,17,5,2018,7,15,19,34,1
13.87,0.05550220088035213,2018,7,15,17,39,54,2018,7,15,21,49,48
7.418,0.11129782445611403,2018,7,15,17,45,58,2018,7,15,18,52,37
12.777,0.05438564131668558,2018,7,15,18,15,43,2018,7,15,22,10,39
2.673,0.09690634441087614,2018,7,15,18,30,31,2018,7,15,18,58,6
13.89,0.09561725562184488,2018,7,15,18,31,26,2018,7,15,20,56,42
5.053,0.05503358141223453,2018,7,15,18,35,32,2018,7,15,20,7,21
2.371,0.05195763330898466,2018,7,15,18,43,43,2018,7,15,19,29,21
41.875,0.10931993212374363,2018,7,15,18,45,11,2018,7,16,1,8,14
0.532,0.10296774193548387,2018,7,15,19,17,53,2018,7,15,19,23,3
6.182,0.10151067323481118,2018,7,15,19,22,49,2018,7,15,20,23,43
10.258,0.029335112721033313,2018,7,15,19,42,50,2018,7,16,1,32,31
5.161,0.09880663688576898,2018,7,15,20,47,47,2018,7,15,21,40,1
6.01,0.0500346884972943,2018,7,15,20,56,15,2018,7,15,22,56,22
8.155,0.11166134185303514,2018,7,15,20,57,15,2018,7,15,22,10,17
7.473,0.10708860759493671,2018,7,15,21,0,11,2018,7,15,22,9,58
0.715,0.0312,2018,7,15,21,51,33,2018,7,15,22,14,28
13.893,0.028291474341569374,2018,7,15,21,54,35,2018,7,16,6,5,39
5.607,0.09938552437223043,2018,7,15,22,21,40,2018,7,15,23,18,5
2.947,0.04674068199841396,2018,7,15,22,42,9,2018,7,15,23,45,12
13.873,0.10488659274193547,2018,7,15,22,58,15,2018,7,16,1,10,31
39.833,0.10217519558804668,2018,7,15,23,6,28,2018,7,16,5,36,19
2.394,0.10158415841584159,2018,7,15,23,18,50,2018,7,15,23,42,24
16.582,0.057982399906754474,2018,7,15,23,39,25,2018,7,16,4,25,24
1.053,0.09841121495327103,2018,7,15,23,44,49,2018,7,15,23,55,31
14.486,0.0977902790279028,2018,7,15,23,45,1,2018,7,16,2,13,9
13.984,0.011810312064524302,2018,7,15,23,53,18,2018,7,16,19,37,21
6.572,0.053868852459016396,2018,7,15,23,54,10,2018,7,16,1,56,10
14.655,0.0956176598521096,2018,7,16,0,11,57,2018,7,16,2,45,13
13.938,0.01471702097705195,2018,7,16,0,25,37,2018,7,16,16,12,41
7.729,0.05349405929172916,2018,7,16,0,28,45,2018,7,16,2,53,14
10.078,0.10906926406926405,2018,7,16,1,9,36,2018,7,16,2,42,0
6.033,0.10870270270270271,2018,7,16,1,13,12,2018,7,16,2,8,42
6.089,0.054798260086995655,2018,7,16,1,13,52,2018,7,16,3,4,59
7.837,0.07773516283683253,2018,7,16,1,25,32,2018,7,16,3,6,21
6.733,0.05517344987708276,2018,7,16,2,14,40,2018,7,16,4,16,42
3.151,0.0469015132721409,2018,7,16,2,34,29,2018,7,16,3,41,40
1.43,0.03727193744569939,2018,7,16,2,52,25,2018,7,16,3,30,47
3.774,0.10824091778202677,2018,7,16,3,12,17,2018,7,16,3,47,9
2.319,0.1023841059602649,2018,7,16,3,38,57,2018,7,16,4,1,36
3.135,0.07557251908396946,2018,7,16,4,36,10,2018,7,16,5,17,39
4.159,0.10432274247491638,2018,7,16,4,36,36,2018,7,16,5,16,28
7.722,0.09889434364994665,2018,7,16,5,7,37,2018,7,16,6,25,42
2.239,0.07874560375146542,2018,7,16,5,30,58,2018,7,16,5,59,24
13.97310138888889,0.03223569991284733,2018,7,16,6,20,42,2018,7,16,13,34,10
6.215,0.051462876069555616,2018,7,16,6,54,15,2018,7,16,8,55,1
13.878,0.10273658235657002,2018,7,16,7,51,38,2018,7,16,10,6,43
12.348,0.052024436486201815,2018,7,16,11,48,52,2018,7,16,15,46,13
11.457,0.018008959681433553,2018,7,16,13,31,26,2018,7,17,0,7,37
16.808,0.08121768543126359,2018,7,16,13,47,18,2018,7,16,17,14,15
16.654,0.08995678790061218,2018,7,16,13,58,5,2018,7,16,17,3,13
1.833,0.10698443579766537,2018,7,16,14,27,3,2018,7,16,14,44,11
14.579,0.10812608158220025,2018,7,16,14,29,2,2018,7,16,16,43,52
14.961,0.09245648367494078,2018,7,16,14,33,23,2018,7,16,17,15,12
2.615,0.04910798122065728,2018,7,16,14,56,40,2018,7,16,15,49,55
11.833,0.06079116362702286,2018,7,16,15,11,6,2018,7,16,18,25,45
13.906,0.03974657012195122,2018,7,16,15,11,56,2018,7,16,21,1,48
13.877,0.03304441004881534,2018,7,16,15,12,29,2018,7,16,22,12,26
3.019,0.005502095862948788,2018,7,16,15,15,37,2018,7,17,0,24,19
6.437,0.05264721919302072,2018,7,16,15,17,23,2018,7,16,17,19,39
5.594,0.017571854876708027,2018,7,16,15,29,53,2018,7,16,20,48,14
13.902,0.05185700963630712,2018,7,16,15,30,58,2018,7,16,19,59,3
4.937,0.023153040487728625,2018,7,16,15,46,41,2018,7,16,19,19,55
6.399,0.054801598629745936,2018,7,16,15,48,14,2018,7,16,17,45,0
13.926,0.04486228187919463,2018,7,16,15,51,9,2018,7,16,21,1,34
23.627,0.09773319544984488,2018,7,16,15,54,36,2018,7,16,19,56,21
16.456,0.03775177793071806,2018,7,16,15,58,8,2018,7,16,23,14,2
9.868,0.049637826961770624,2018,7,16,16,7,26,2018,7,16,19,26,14
15.322,0.03888996996488853,2018,7,16,16,7,51,2018,7,16,22,41,50
13.892,0.03443159286186385,2018,7,16,16,13,40,2018,7,16,22,57,8
10.483,0.036350921805467264,2018,7,16,16,13,51,2018,7,16,21,2,14
8.773,0.02942972156994297,2018,7,16,16,30,37,2018,7,16,21,28,43
12.479,0.029817211580582214,2018,7,16,16,33,15,2018,7,16,23,31,46
3.876,0.0497667451316071,2018,7,16,16,42,42,2018,7,16,18,0,35
12.737,0.09692073557387446,2018,7,16,16,59,59,2018,7,16,19,11,24
2.313,0.03294089722288156,2018,7,16,17,13,29,2018,7,16,18,23,42
9.444,0.046226138032305436,2018,7,16,17,24,13,2018,7,16,20,48,31
7.228,0.040690561080878214,2018,7,16,17,41,40,2018,7,16,20,39,18
4.775,0.10571955719557197,2018,7,16,17,55,16,2018,7,16,18,40,26
9.246,0.017788751362790997,2018,7,16,18,23,0,2018,7,17,3,2,46
4.852,0.1055930359085963,2018,7,16,18,48,36,2018,7,16,19,34,33
4.918,0.11288446824789594,2018,7,16,18,50,41,2018,7,16,19,34,15
11.232,0.04881002390091982,2018,7,16,19,4,15,2018,7,16,22,54,22
1.393,0.0289404432132964,2018,7,16,19,6,1,2018,7,16,19,54,9
8.673,0.05600301334481274,2018,7,16,19,28,10,2018,7,16,22,3,2
5.855,0.09461352006463776,2018,7,16,19,33,3,2018,7,16,20,34,56
5.218,0.03714319610867244,2018,7,16,19,33,42,2018,7,16,21,54,11
34.508,0.10727319827988188,2018,7,16,19,33,52,2018,7,17,0,55,33
13.948,0.014971287500670854,2018,7,16,19,36,38,2018,7,17,11,8,17
11.562,0.04014815672203252,2018,7,16,19,41,6,2018,7,17,0,29,5
0.784,0.043394833948339484,2018,7,16,19,44,31,2018,7,16,20,2,35
5.242,0.048846094113992856,2018,7,16,20,52,44,2018,7,16,22,40,3
9.578,0.046207284714963416,2018,7,16,21,10,44,2018,7,17,0,38,1
2.773,0.03678531947822242,2018,7,16,21,27,37,2018,7,16,22,43,0
2.549,0.05039209225700164,2018,7,16,22,14,13,2018,7,16,23,4,48
13.883,0.09545954618381847,2018,7,16,22,57,1,2018,7,17,1,22,27
3.671,0.04713460303873314,2018,7,16,23,37,48,2018,7,17,0,55,41
4.32,0.057004618429733894,2018,7,16,23,47,21,2018,7,17,1,3,8
9.985,0.05174468820176196,2018,7,17,0,29,40,2018,7,17,3,42,38
14.581,0.1042492850333651,2018,7,17,0,40,22,2018,7,17,3,0,14
1.064,0.036923076923076927,2018,7,17,0,41,3,2018,7,17,1,9,52
41.984,0.027504640447229927,2018,7,17,0,59,36,2018,7,18,2,26,2
4.434,0.05122063919907586,2018,7,17,1,8,54,2018,7,17,2,35,28
5.14,0.091486205873628,2018,7,17,1,23,46,2018,7,17,2,19,57
11.955,0.10037783375314863,2018,7,17,1,24,58,2018,7,17,3,24,4
8.648,0.05104072398190045,2018,7,17,1,26,4,2018,7,17,4,15,30
11.487,0.10282261673877369,2018,7,17,1,52,2,2018,7,17,3,43,45
7.747,0.10626886145404663,2018,7,17,2,5,4,2018,7,17,3,17,58
5.997,0.047066056245912355,2018,7,17,2,16,5,2018,7,17,4,23,30
31.9,0.10815392439396508,2018,7,17,2,26,18,2018,7,17,7,21,15
13.818,0.05245349867139061,2018,7,17,2,36,52,2018,7,17,7,0,18
3.167,0.0932842415316642,2018,7,17,2,50,22,2018,7,17,3,24,19
13.059,0.10160010373443983,2018,7,17,3,0,9,2018,7,17,5,8,41
3.866,0.05656181419166058,2018,7,17,3,6,47,2018,7,17,4,15,8
3.618,0.06860935524652338,2018,7,17,3,20,15,2018,7,17,4,12,59
6.666,0.050976293652816716,2018,7,17,3,30,57,2018,7,17,5,41,43
16.386,0.05685963796194552,2018,7,17,3,43,30,2018,7,17,8,31,41
14.028,0.10797690827453497,2018,7,17,3,59,37,2018,7,17,6,9,32
1.462,0.04010973936899862,2018,7,17,7,28,51,2018,7,17,8,5,18
12.076,0.05241698618244955,2018,7,17,11,44,16,2018,7,17,15,34,39
6.483,0.08515323992994744,2018,7,17,13,50,27,2018,7,17,15,6,35
11.849,0.05408032861706984,2018,7,17,13,54,58,2018,7,17,17,34,4
13.691,0.08064598468486157,2018,7,17,14,0,31,2018,7,17,16,50,17
2.461,0.041454239191465465,2018,7,17,14,27,53,2018,7,17,15,27,15
7.689,0.10334677419354837,2018,7,17,14,36,46,2018,7,17,15,51,10
18.313,0.06534911383370999,2018,7,17,14,43,9,2018,7,17,19,23,23
3.848,0.05404494382022471,2018,7,17,15,1,18,2018,7,17,16,12,30
2.956,0.005338791728123777,2018,7,17,15,2,17,2018,7,18,0,15,58
12.154,0.0381023041956215,2018,7,17,15,20,51,2018,7,17,20,39,50
31.528,0.1010458843010523,2018,7,17,15,33,10,2018,7,17,20,45,11
6.948,0.10463855421686746,2018,7,17,15,35,9,2018,7,17,16,41,33
24.056,0.09334281834055488,2018,7,17,15,44,2,2018,7,17,20,1,45
25.232,0.0753456427611606,2018,7,17,15,45,50,2018,7,17,21,20,43
4.846,0.04664848387614311,2018,7,17,15,50,0,2018,7,17,17,33,53
9.247,0.06858096415327564,2018,7,17,15,56,6,2018,7,17,18,10,56
4.779,0.05066972963421099,2018,7,17,15,58,32,2018,7,17,17,32,51
12.174,0.03334124520723023,2018,7,17,15,59,56,2018,7,17,22,5,4
6.516,0.04550808986148295,2018,7,17,16,1,13,2018,7,17,18,24,24
2.764,0.00929700639085099,2018,7,17,16,19,13,2018,7,17,21,16,31
16.604,0.048171751849523714,2018,7,17,16,32,8,2018,7,17,22,16,49
7.29,0.06394736842105263,2018,7,17,16,42,19,2018,7,17,18,36,19
1.768,0.03076566125290023,2018,7,17,16,49,21,2018,7,17,17,46,49
13.907,0.027528619972947116,2018,7,17,16,51,16,2018,7,18,1,16,27
11.145,0.0819485294117647,2018,7,17,17,14,19,2018,7,17,19,30,19
12.348,0.05817211055276382,2018,7,17,17,27,27,2018,7,17,20,59,43
15.924,0.1121013727560718,2018,7,17,17,58,48,2018,7,17,20,20,51
7.959,0.06669553072625699,2018,7,17,18,1,52,2018,7,17,20,1,12
1.834,0.0334468085106383,2018,7,17,18,2,53,2018,7,17,18,57,43
4.791,0.04831260504201681,2018,7,17,18,9,33,2018,7,17,19,48,43
2.636,0.05409028727770178,2018,7,17,18,22,50,2018,7,17,19,11,34
7.668,0.06765882352941177,2018,7,17,18,24,40,2018,7,17,20,18,0
3.2,0.03513266239707228,2018,7,17,18,38,37,2018,7,17,20,9,42
10.262,0.043369725998450376,2018,7,17,18,58,25,2018,7,17,22,55,2
7.155,0.03488542174549001,2018,7,17,19,45,47,2018,7,17,23,10,53
7.53,0.03626003210272873,2018,7,17,19,51,16,2018,7,17,23,18,56
1.62,0.06059850374064838,2018,7,17,19,52,22,2018,7,17,20,19,6
3.596,0.07689237348538845,2018,7,17,19,57,58,2018,7,17,20,44,44
6.987,0.05362926954074453,2018,7,17,20,4,59,2018,7,17,22,15,16
9.136,0.04871234337509996,2018,7,17,20,51,21,2018,7,17,23,58,54
6.535,0.11398255813953488,2018,7,17,20,59,35,2018,7,17,21,56,55
1.963,0.033903281519861835,2018,7,17,21,30,50,2018,7,17,22,28,44
3.044,0.03514335193380797,2018,7,17,21,34,7,2018,7,17,23,0,44
22.818,0.08855627425614489,2018,7,17,21,36,0,2018,7,18,1,53,40
12.879,0.1111056793673616,2018,7,17,22,57,59,2018,7,18,0,53,54
11.596,0.08817133443163096,2018,7,17,23,8,6,2018,7,18,1,19,37
1.287,0.03734042553191489,2018,7,17,23,46,18,2018,7,18,0,20,46
0.791,0.056770334928229665,2018,7,17,23,58,26,2018,7,18,0,12,22
16.158,0.05453870387038705,2018,7,18,0,11,37,2018,7,18,5,7,53
9.616,0.05200648999459167,2018,7,18,0,33,38,2018,7,18,3,38,32
3.6,0.10399614829080404,2018,7,18,0,42,45,2018,7,18,1,17,22
8.632,0.1103601108033241,2018,7,18,0,49,40,2018,7,18,2,7,53
11.362,0.10291666666666666,2018,7,18,1,12,55,2018,7,18,3,3,19
2.634,0.03244508314514473,2018,7,18,1,18,18,2018,7,18,2,39,29
1.153,0.10158590308370044,2018,7,18,1,20,46,2018,7,18,1,32,7
2.442,0.03063349362324901,2018,7,18,1,35,51,2018,7,18,2,55,34
8.465,0.10487301259549865,2018,7,18,1,39,48,2018,7,18,3,0,31
13.604,0.0963342381682993,2018,7,18,1,44,58,2018,7,18,4,6,11
13.881,0.08843278827776598,2018,7,18,1,45,22,2018,7,18,4,22,20
8.294,0.055540178571428574,2018,7,18,1,46,47,2018,7,18,4,16,7
10.173,0.08559528817837611,2018,7,18,1,48,30,2018,7,18,3,47,21
2.344,0.03253296321998612,2018,7,18,2,19,54,2018,7,18,3,31,57
6.024,0.04958024691358025,2018,7,18,2,35,38,2018,7,18,4,37,8
6.764,0.05416978109983983,2018,7,18,2,36,14,2018,7,18,4,41,6
11.358,0.10148622486969472,2018,7,18,3,0,52,2018,7,18,4,52,47
2.275,0.10309667673716012,2018,7,18,3,31,21,2018,7,18,3,53,25
0.696,0.09218543046357615,2018,7,18,3,45,48,2018,7,18,3,53,21
12.163,0.052657478894581146,2018,7,18,11,48,8,2018,7,18,15,39,7
13.996,0.08351665837891596,2018,7,18,14,4,24,2018,7,18,16,51,59
2.561,0.00934216926070039,2018,7,18,14,23,58,2018,7,18,18,58,6
9.592,0.05507368421052632,2018,7,18,14,30,54,2018,7,18,17,25,4
4.652,0.09562178828365879,2018,7,18,14,38,51,2018,7,18,15,27,30
3.518,0.04706354515050167,2018,7,18,15,5,18,2018,7,18,16,20,3
4.301,0.051253227408143,2018,7,18,15,9,6,2018,7,18,16,33,1
6.586,0.03817971014492754,2018,7,18,15,22,34,2018,7,18,18,15,4
7.237,0.054338630959829805,2018,7,18,15,33,4,2018,7,18,17,46,15
7.061,0.05841974627688914,2018,7,18,15,34,28,2018,7,18,17,35,20
3.656,0.04689183411714408,2018,7,18,15,37,46,2018,7,18,16,55,44
8.783,0.03929460890313921,2018,7,18,15,41,51,2018,7,18,19,25,22
5.825,0.03919479645620724,2018,7,18,15,44,55,2018,7,18,18,13,32
11.015,0.03350400486667343,2018,7,18,15,45,48,2018,7,18,21,14,34
24.273,0.08563415064385253,2018,7,18,15,45,53,2018,7,18,20,29,20
6.79,0.09838203332528375,2018,7,18,15,46,17,2018,7,18,16,55,18
1.757,0.04982041587901701,2018,7,18,15,48,46,2018,7,18,16,24,2
8.304,0.05094478527607362,2018,7,18,15,51,1,2018,7,18,18,34,1
2.381,0.004499527559055118,2018,7,18,15,51,7,2018,7,19,0,40,17
17.319,0.05154464285714285,2018,7,18,15,54,12,2018,7,18,21,30,12
4.735,0.04606778011999352,2018,7,18,16,3,31,2018,7,18,17,46,18
8.611,0.03849925484351714,2018,7,18,16,5,43,2018,7,18,19,49,23
13.952,0.027314908473912616,2018,7,18,16,9,6,2018,7,19,0,39,53
13.87,0.05445978666317649,2018,7,18,16,9,20,2018,7,18,20,24,1
8.734,0.03374589477751304,2018,7,18,16,15,26,2018,7,18,20,34,15
22.056,0.050004156433024756,2018,7,18,16,20,26,2018,7,18,23,41,31
11.825,0.04063341160300097,2018,7,18,16,26,12,2018,7,18,21,17,13
1.399,0.031379439252336445,2018,7,18,16,34,52,2018,7,18,17,19,27
13.335,0.09195494770716009,2018,7,18,16,41,36,2018,7,18,19,6,37
13.95,0.036489667800156944,2018,7,18,17,4,39,2018,7,18,23,26,57
1.449,0.035255474452554746,2018,7,18,17,12,11,2018,7,18,17,53,17
6.623,0.05177589576547231,2018,7,18,17,12,57,2018,7,18,19,20,52
2.483,0.04419460100860279,2018,7,18,17,22,47,2018,7,18,18,18,58
17.498,0.08898796406170538,2018,7,18,17,22,52,2018,7,18,20,39,30
3.009,0.02690210102816272,2018,7,18,17,40,5,2018,7,18,19,31,56
4.052,0.009755627783796796,2018,7,18,17,52,27,2018,7,19,0,47,48
7.299,0.056794190118013226,2018,7,18,17,54,49,2018,7,18,20,3,20
20.401,0.0972556809153027,2018,7,18,18,31,23,2018,7,18,22,1,9
2.342,0.029929712460063897,2018,7,18,19,42,6,2018,7,18,21,0,21
3.55,0.0584522502744237,2018,7,18,19,47,32,2018,7,18,20,48,16
0.868,0.02844347351174222,2018,7,18,19,47,59,2018,7,18,20,18,30
9.118,0.03672170761175997,2018,7,18,19,58,24,2018,7,19,0,6,42
4.102,0.029635159542444316,2018,7,18,20,21,30,2018,7,18,22,39,55
2.143,0.03357180156657963,2018,7,18,20,37,58,2018,7,18,21,41,48
13.937,0.0411789038262668,2018,7,18,20,51,53,2018,7,19,2,30,20
6.05,0.05028397284942513,2018,7,18,21,1,7,2018,7,18,23,1,26
3.663,0.05136246786632391,2018,7,18,21,49,7,2018,7,18,23,0,26
1.703,0.039330254041570444,2018,7,18,22,8,51,2018,7,18,22,52,9
12.876,0.10047600468201326,2018,7,18,22,11,20,2018,7,19,0,19,29
14.298,0.09889106628242074,2018,7,18,23,14,34,2018,7,19,1,39,9
1.791,0.05519260400616332,2018,7,18,23,21,12,2018,7,18,23,53,39
16.661,0.021854313322548207,2018,7,18,23,39,49,2018,7,19,12,22,11
8.78,0.10661809350333941,2018,7,18,23,54,48,2018,7,19,1,17,9
4.71,0.05513070620366758,2018,7,19,0,16,59,2018,7,19,1,42,25
2.033,0.09297256097560976,2018,7,19,0,29,16,2018,7,19,0,51,8
5.215,0.10178919973975276,2018,7,19,0,30,35,2018,7,19,1,21,49
9.046,0.05018121301775147,2018,7,19,0,38,29,2018,7,19,3,38,45
16.972,0.05523241308238867,2018,7,19,0,43,29,2018,7,19,5,50,46
1.11,0.09250000000000001,2018,7,19,1,11,40,2018,7,19,1,23,40
4.761,0.056154904658934544,2018,7,19,1,14,8,2018,7,19,2,38,55
2.051,0.030657698056801196,2018,7,19,1,21,32,2018,7,19,2,28,26
9.618,0.10149138234259586,2018,7,19,1,23,8,2018,7,19,2,57,54
2.043,0.05519135524538497,2018,7,19,1,25,54,2018,7,19,2,2,55
7.575,0.06761380541505504,2018,7,19,1,28,46,2018,7,19,3,20,48
1.641,0.052288900690387684,2018,7,19,1,45,57,2018,7,19,2,17,20
5.892,0.06556379821958458,2018,7,19,1,48,19,2018,7,19,3,18,11
1.622,0.0361113172541744,2018,7,19,1,49,26,2018,7,19,2,34,21
4.228,0.03212359123717867,2018,7,19,1,57,11,2018,7,19,4,8,48
13.02,0.10124416796267496,2018,7,19,2,9,3,2018,7,19,4,17,39
2.153,0.03406645569620253,2018,7,19,2,11,30,2018,7,19,3,14,42
1.572,0.09897166841552991,2018,7,19,2,20,3,2018,7,19,2,35,56
0.531,0.0735796766743649,2018,7,19,2,28,28,2018,7,19,2,35,41
1.538,0.10606896551724138,2018,7,19,2,37,19,2018,7,19,2,51,49
6.057,0.046066675117251876,2018,7,19,2,39,54,2018,7,19,4,51,23
0.516,0.04914285714285714,2018,7,19,3,12,57,2018,7,19,3,23,27
13.827351388888893,0.023066730150786374,2018,7,19,3,13,32,2018,7,19,13,12,59
13.933,0.027869715962128283,2018,7,19,4,21,13,2018,7,19,12,41,9
3.676,0.057587467362924284,2018,7,19,4,30,19,2018,7,19,5,34,9
2.081,0.09269487750556793,2018,7,19,5,14,45,2018,7,19,5,37,12
2.951,0.04471212121212121,2018,7,19,7,55,50,2018,7,19,9,1,50
13.944,0.03838678596008259,2018,7,19,8,2,11,2018,7,19,14,5,26
12.104,0.0503633841886269,2018,7,19,11,45,37,2018,7,19,15,45,57
4.101,0.05545638945233265,2018,7,19,13,11,14,2018,7,19,14,25,11
3.821,0.05572678658240156,2018,7,19,13,30,29,2018,7,19,14,39,3
6.781,0.08274557657107992,2018,7,19,13,49,23,2018,7,19,15,11,20
13.067,0.07936228363194656,2018,7,19,14,4,25,2018,7,19,16,49,4
16.643,0.040299447112474275,2018,7,19,14,9,19,2018,7,19,21,2,18
3.898,0.042369565217391304,2018,7,19,14,29,52,2018,7,19,16,1,52
7.295,0.1020041948263808,2018,7,19,14,35,3,2018,7,19,15,46,34
9.805,0.04944944103555518,2018,7,19,14,45,25,2018,7,19,18,3,42
4.873,0.05303464538363867,2018,7,19,14,56,10,2018,7,19,16,28,3
4.286,0.038188298188298185,2018,7,19,15,1,43,2018,7,19,16,53,57
10.578,0.03469713535972009,2018,7,19,15,4,18,2018,7,19,20,9,10
14.911,0.04238889415332133,2018,7,19,15,5,52,2018,7,19,20,57,38
30.981,0.0929662415603901,2018,7,19,15,7,39,2018,7,19,20,40,54
5.394,0.009970425138632163,2018,7,19,15,12,38,2018,7,20,0,13,38
6.488,0.034760246450575946,2018,7,19,15,27,50,2018,7,19,18,34,29
16.963,0.06453899809765379,2018,7,19,15,32,14,2018,7,19,19,55,4
7.02,0.03823876532001815,2018,7,19,15,34,13,2018,7,19,18,37,48
1.96,0.05247657295850067,2018,7,19,15,36,32,2018,7,19,16,13,53
3.486,0.03285063609235119,2018,7,19,15,42,15,2018,7,19,17,28,22
7.107,0.03786697451380872,2018,7,19,15,43,16,2018,7,19,18,50,57
2.993,0.02970228250082699,2018,7,19,15,48,14,2018,7,19,17,29,0
7.334,0.043200471235028466,2018,7,19,15,51,18,2018,7,19,18,41,4
1.3365113500590928,-1.3825979483369926,2018,7,19,15,57,19,2018,7,19,15,56,21
5.998,0.037739093959731546,2018,7,19,15,57,57,2018,7,19,18,36,53
4.718,0.05109747292418773,2018,7,19,16,1,24,2018,7,19,17,33,44
5.296,0.03495709570957096,2018,7,19,16,3,27,2018,7,19,18,34,57
5.358,0.030935334872979215,2018,7,19,16,20,9,2018,7,19,19,13,21
1.312,0.029549549549549553,2018,7,19,16,20,41,2018,7,19,17,5,5
13.895,0.09625909248354693,2018,7,19,16,24,20,2018,7,19,18,48,41
4.003,0.03424294268605646,2018,7,19,16,24,32,2018,7,19,18,21,26
2.526,0.0283448662801571,2018,7,19,16,26,9,2018,7,19,17,55,16
13.891,0.03605554594220454,2018,7,19,16,26,29,2018,7,19,22,51,45
13.904,0.02996874663218019,2018,7,19,16,29,40,2018,7,20,0,13,37
18.398,0.043181035831638244,2018,7,19,16,41,50,2018,7,19,23,47,54
13.701,0.06276225377920293,2018,7,19,16,42,14,2018,7,19,20,20,32
6.189,0.028538272363971717,2018,7,19,16,45,16,2018,7,19,20,22,8
8.175,0.062515931684935,2018,7,19,16,50,20,2018,7,19,19,1,6
4.89,0.02480764352752177,2018,7,19,17,3,51,2018,7,19,20,20,58
12.388,0.06125597494643152,2018,7,19,17,5,8,2018,7,19,20,27,22
20.348,0.07430345079423041,2018,7,19,17,21,1,2018,7,19,21,54,52
9.961,0.03315912117177097,2018,7,19,17,27,8,2018,7,19,22,27,32
5.115,0.02909556313993174,2018,7,19,17,30,48,2018,7,19,20,26,36
8.548,0.03291701431230345,2018,7,19,18,2,26,2018,7,19,22,22,7
11.101,0.06961329431438128,2018,7,19,18,26,44,2018,7,19,21,6,12
0.6520127777777778,0.5433439814814816,2018,7,19,18,36,22,2018,7,19,18,37,34
3.151,0.02726171593366979,2018,7,19,18,36,24,2018,7,19,20,31,59
9.617,0.03927176206356769,2018,7,19,19,2,37,2018,7,19,23,7,30
2.848,0.03552598752598752,2018,7,19,19,9,41,2018,7,19,20,29,51
3.731,0.010520231213872832,2018,7,19,19,21,33,2018,7,20,1,16,12
8.871,0.05148080085114615,2018,7,19,19,32,43,2018,7,19,22,25,2
1.717,0.08927209705372617,2018,7,19,19,34,44,2018,7,19,19,53,58
3.787,0.03864943017519986,2018,7,19,19,37,58,2018,7,19,21,15,57
1.671,0.011057681702878571,2018,7,19,19,45,48,2018,7,19,22,16,55
4.752,0.04751208131978003,2018,7,19,20,5,5,2018,7,19,21,45,6
6.337,0.03240327254133288,2018,7,19,20,25,30,2018,7,19,23,41,4
6.261,0.035756710451170765,2018,7,19,20,37,27,2018,7,19,23,32,33
8.402,0.06342727730246603,2018,7,19,21,31,53,2018,7,19,23,44,21
2.074,0.033272727272727266,2018,7,19,21,45,24,2018,7,19,22,47,44
4.116,0.10238805970149252,2018,7,19,22,11,1,2018,7,19,22,51,13
1.283,0.10346774193548386,2018,7,19,23,13,43,2018,7,19,23,26,7
2.098,0.10176232821341956,2018,7,19,23,38,1,2018,7,19,23,58,38
6.04,0.10975166565717748,2018,7,19,23,46,40,2018,7,20,0,41,42
4.683,0.10736721436759648,2018,7,19,23,50,3,2018,7,20,0,33,40
7.206,0.051804457225017975,2018,7,19,23,54,24,2018,7,20,2,13,30
16.225,0.022308538429808886,2018,7,20,0,29,8,2018,7,20,12,36,26
18.878,0.10634494413670077,2018,7,20,0,30,26,2018,7,20,3,27,57
13.893,0.08669578783151327,2018,7,20,0,37,40,2018,7,20,3,17,55
1.382,0.036400351185250215,2018,7,20,0,49,15,2018,7,20,1,27,13
18.944,0.10795327191566151,2018,7,20,1,2,32,2018,7,20,3,58,1
9.801,0.10473018699910953,2018,7,20,1,10,14,2018,7,20,2,43,49
5.073,0.052298969072164955,2018,7,20,1,11,48,2018,7,20,2,48,48
10.98,0.05412421952021032,2018,7,20,1,26,0,2018,7,20,4,48,52
1.258,0.028975047984644915,2018,7,20,1,31,17,2018,7,20,2,14,42
5.578,0.07180433383394122,2018,7,20,1,48,19,2018,7,20,3,6,0
2.435,0.03112484022155944,2018,7,20,1,55,11,2018,7,20,3,13,25
0.812,0.09441860465116281,2018,7,20,2,2,38,2018,7,20,2,11,14
13.128,0.10410785091197462,2018,7,20,2,32,15,2018,7,20,4,38,21
5.91,0.0507950150408251,2018,7,20,2,33,22,2018,7,20,4,29,43
7.95,0.057105231653298213,2018,7,20,2,51,41,2018,7,20,5,10,54
18.185,0.1134435433562071,2018,7,20,2,57,14,2018,7,20,5,37,32
1.865,0.10237877401646844,2018,7,20,4,5,41,2018,7,20,4,23,54
11.253,0.10846265060240964,2018,7,20,4,23,54,2018,7,20,6,7,39
2.007,0.10694493783303731,2018,7,20,4,24,35,2018,7,20,4,43,21
0.947,0.10926923076923077,2018,7,20,5,11,40,2018,7,20,5,20,20
0.533,0.05680284191829486,2018,7,20,5,30,13,2018,7,20,5,39,36
6.675,0.10381026438569207,2018,7,20,6,10,9,2018,7,20,7,14,27
25.901,0.11025611919120255,2018,7,20,7,9,2,2018,7,20,11,3,57
9.413,0.02732365747460087,2018,7,20,7,49,55,2018,7,20,13,34,25
3.414,0.11482062780269059,2018,7,20,11,37,39,2018,7,20,12,7,23
12.097,0.051363668530181865,2018,7,20,11,46,33,2018,7,20,15,42,4
13.332,0.026306235201262827,2018,7,20,13,30,43,2018,7,20,21,57,31
14.153,0.0825970236358331,2018,7,20,14,4,14,2018,7,20,16,55,35
12.417,0.10042054185200161,2018,7,20,14,33,45,2018,7,20,16,37,24
14.478,0.0733868378812199,2018,7,20,14,49,53,2018,7,20,18,7,10
6.054,0.07611902766135793,2018,7,20,15,0,21,2018,7,20,16,19,53
2.516,0.008319647285753651,2018,7,20,15,6,16,2018,7,20,20,8,41
6.296,0.10605277933745087,2018,7,20,15,8,24,2018,7,20,16,7,46
16.345,0.07349921307052387,2018,7,20,15,11,18,2018,7,20,18,53,41
3.446,0.04952335329341318,2018,7,20,15,17,29,2018,7,20,16,27,4
13.499,0.053166601024025206,2018,7,20,15,28,26,2018,7,20,19,42,20
16.86,0.047535360180442646,2018,7,20,15,28,40,2018,7,20,21,23,21
7.115,0.04995319447694828,2018,7,20,15,32,54,2018,7,20,17,55,20
16.534,0.04253118971061093,2018,7,20,15,34,39,2018,7,20,22,3,24
6.653,0.03518244315177155,2018,7,20,15,38,51,2018,7,20,18,47,57
4.36,0.03030935001737922,2018,7,20,15,46,6,2018,7,20,18,9,57
6.046,0.0320317880794702,2018,7,20,15,46,27,2018,7,20,18,55,12
19.516,0.04684776955391078,2018,7,20,15,49,44,2018,7,20,22,46,19
10.43,0.10554899645808737,2018,7,20,15,50,40,2018,7,20,17,29,29
4.817,0.03955926635641938,2018,7,20,15,52,29,2018,7,20,17,54,15
13.991,0.026691043210072814,2018,7,20,15,52,39,2018,7,21,0,36,50
9.184,0.01926511205118344,2018,7,20,15,53,49,2018,7,20,23,50,32
17.927,0.08917426629083071,2018,7,20,15,54,6,2018,7,20,19,15,8
3.139,0.10147629310344827,2018,7,20,15,54,57,2018,7,20,16,25,53
9.184,0.03573540856031128,2018,7,20,16,3,17,2018,7,20,20,20,17
8.131,0.034698435277382644,2018,7,20,16,10,26,2018,7,20,20,4,46
2.929,0.031187222715173022,2018,7,20,16,11,47,2018,7,20,17,45,42
0.552,0.030809302325581395,2018,7,20,16,13,38,2018,7,20,16,31,33
15.391,0.04226361556064073,2018,7,20,16,14,45,2018,7,20,22,18,55
8.775,0.02649856560471086,2018,7,20,16,25,4,2018,7,20,21,56,13
16.33,0.035161128256656855,2018,7,20,16,35,24,2018,7,21,0,19,50
2.269,0.03318868844466115,2018,7,20,16,38,26,2018,7,20,17,46,48
4.788,0.04217882836587873,2018,7,20,16,47,50,2018,7,20,18,41,21
13.873,0.03618728806190766,2018,7,20,16,48,17,2018,7,20,23,11,39
12.56,0.03771394254829346,2018,7,20,17,2,38,2018,7,20,22,35,40
10.65,0.10237103492470363,2018,7,20,17,13,52,2018,7,20,18,57,54
14.016,0.036195231126796935,2018,7,20,17,29,42,2018,7,20,23,56,56
16.882,0.09054438187181552,2018,7,20,17,30,34,2018,7,20,20,37,1
2.504,0.02534412955465587,2018,7,20,17,41,44,2018,7,20,19,20,32
3.174,0.0049600208360463605,2018,7,20,17,42,57,2018,7,21,4,22,52
13.927,0.08014770765394207,2018,7,20,17,52,27,2018,7,20,20,46,13
0.502,0.08508474576271186,2018,7,20,18,8,2,2018,7,20,18,13,56
4.459,0.03188416160171612,2018,7,20,18,30,19,2018,7,20,20,50,10
1.836,0.031773867897317565,2018,7,20,18,58,32,2018,7,20,19,56,19
2.326,0.008301707215513652,2018,7,20,19,20,31,2018,7,21,0,0,42
9.083,0.041146092865232166,2018,7,20,19,53,50,2018,7,20,23,34,35
10.399,0.1054487071150921,2018,7,20,20,6,55,2018,7,20,21,45,32
0.836,0.02560490045941807,2018,7,20,20,15,28,2018,7,20,20,48,7
13.224,0.05405272838749234,2018,7,20,20,30,13,2018,7,21,0,34,52
1.718,0.02742948376796168,2018,7,20,20,59,19,2018,7,20,22,1,57
2.07,0.02569300786098469,2018,7,20,21,7,31,2018,7,20,22,28,5
0.5402374551969377,0.0034538356219303424,2018,7,20,21,13,22,2018,7,20,23,49,47
11.794,0.09210464662241312,2018,7,20,21,22,7,2018,7,20,23,30,10
4.68,0.028490259740259736,2018,7,20,21,37,27,2018,7,21,0,21,43
1.644,0.02730141156933296,2018,7,20,21,56,43,2018,7,20,22,56,56
3.915,0.0951012145748988,2018,7,20,22,1,8,2018,7,20,22,42,18
24.049,0.10595051031646964,2018,7,20,23,1,40,2018,7,21,2,48,39
14.001,0.04435609060668462,2018,7,20,23,7,29,2018,7,21,4,23,8
14.916,0.10804780876494023,2018,7,20,23,21,16,2018,7,21,1,39,19
2.539,0.03141030927835052,2018,7,21,0,14,35,2018,7,21,1,35,25
8.276,0.10635253801670594,2018,7,21,0,22,20,2018,7,21,1,40,9
39.829,0.0431540170106723,2018,7,21,0,33,45,2018,7,21,15,56,42
37.56,0.09419042046309455,2018,7,21,0,46,39,2018,7,21,7,25,25
8.596,0.05244128113879004,2018,7,21,1,36,57,2018,7,21,4,20,52
31.493,0.09292711714370021,2018,7,21,1,41,31,2018,7,21,7,20,25
1.037,0.08629680998613036,2018,7,21,1,42,9,2018,7,21,1,54,10
2.667,0.10384166125892277,2018,7,21,2,4,12,2018,7,21,2,29,53
2.537,0.0329623213512343,2018,7,21,2,29,15,2018,7,21,3,46,13
15.725,0.11054481546572935,2018,7,21,2,40,44,2018,7,21,5,2,59
1.946,0.035565031982942426,2018,7,21,2,58,39,2018,7,21,3,53,22
2.347,0.05420323325635104,2018,7,21,3,0,50,2018,7,21,3,44,8
16.358,0.055425796250282364,2018,7,21,3,39,15,2018,7,21,8,34,23
4.922,0.054861601337544114,2018,7,21,3,51,5,2018,7,21,5,20,48
4.324,0.1073841059602649,2018,7,21,4,1,17,2018,7,21,4,41,33
5.281,0.09438784629133154,2018,7,21,4,29,29,2018,7,21,5,25,26
19.271,0.10263270015977276,2018,7,21,4,42,30,2018,7,21,7,50,16
13.921,0.02127671498076776,2018,7,21,5,2,19,2018,7,21,15,56,36
6.061,0.05234777601842522,2018,7,21,5,32,38,2018,7,21,7,28,25
39.829,0.09934896482913445,2018,7,21,5,34,3,2018,7,21,12,14,57
1.243,0.037857868020304566,2018,7,21,7,59,26,2018,7,21,8,32,16
3.757,0.10980029225523624,2018,7,21,11,58,56,2018,7,21,12,33,9
20.651,0.10714804565894155,2018,7,21,13,11,26,2018,7,21,16,24,10
12.543,0.08245644790182972,2018,7,21,14,13,7,2018,7,21,16,45,14
38.938,0.07537846034716396,2018,7,21,14,21,9,2018,7,21,22,57,43
2.33,0.0329794762915782,2018,7,21,14,23,21,2018,7,21,15,34,0
13.419,0.10559213114754099,2018,7,21,14,45,21,2018,7,21,16,52,26
6.36,0.10773574251835122,2018,7,21,14,45,45,2018,7,21,15,44,47
5.742,0.055505074915418076,2018,7,21,14,53,19,2018,7,21,16,36,46
12.287,0.09977263499796996,2018,7,21,14,54,50,2018,7,21,16,57,59
12.265,0.10954153021732659,2018,7,21,14,58,19,2018,7,21,16,50,17
13.894,0.09890141179262073,2018,7,21,15,41,18,2018,7,21,18,1,47
9.552,0.06671167500873006,2018,7,21,16,30,58,2018,7,21,18,54,9
3.32,0.053304789938453306,2018,7,21,16,51,15,2018,7,21,17,53,32
16.704,0.05664613123834285,2018,7,21,17,6,54,2018,7,21,22,1,47
11.731,0.052581801882563874,2018,7,21,17,20,44,2018,7,21,21,3,50
8.169,0.05798414763989117,2018,7,21,17,50,54,2018,7,21,20,11,47
0.933,0.11196,2018,7,21,17,59,17,2018,7,21,18,7,37
6.569,0.05067369503728465,2018,7,21,17,59,30,2018,7,21,20,9,8
11.677,0.059089145652357254,2018,7,21,18,2,43,2018,7,21,21,20,20
5.994,0.05306772908366533,2018,7,21,18,15,15,2018,7,21,20,8,12
2.274,0.08490354698195395,2018,7,21,19,2,34,2018,7,21,19,29,21
3.543,0.11147351861562664,2018,7,21,19,13,28,2018,7,21,19,45,15
13.868,0.10102962603205438,2018,7,21,19,29,0,2018,7,21,21,46,16
7.792,0.015346638655462184,2018,7,21,19,42,42,2018,7,22,4,10,26
8.257,0.0913216589861751,2018,7,21,19,56,23,2018,7,21,21,26,48
21.739,0.10485048231511254,2018,7,21,20,52,50,2018,7,22,0,20,10
13.898,0.08114041062566897,2018,7,21,21,6,23,2018,7,21,23,57,40
7.404,0.08620997477197748,2018,7,21,22,12,53,2018,7,21,23,38,46
9.29,0.10548826646479939,2018,7,21,22,13,13,2018,7,21,23,41,17
1.809,0.10059314179796107,2018,7,21,22,36,49,2018,7,21,22,54,48
13.87,0.09419354838709677,2018,7,21,22,57,30,2018,7,22,1,24,45
3.784,0.011600245248313918,2018,7,21,23,7,54,2018,7,22,4,34,6
13.431,0.09258501838235293,2018,7,21,23,20,2,2018,7,22,1,45,6
8.493,0.04648180242634316,2018,7,21,23,20,53,2018,7,22,2,23,36
1.353,0.027849056603773584,2018,7,21,23,27,7,2018,7,22,0,15,42
25.547,0.07507934952978057,2018,7,21,23,36,32,2018,7,22,5,16,48
16.29,0.10065911431513902,2018,7,21,23,41,40,2018,7,22,2,23,30
2.506,0.103340206185567,2018,7,22,0,19,34,2018,7,22,0,43,49
13.879,0.016740847958506725,2018,7,22,1,26,3,2018,7,22,15,15,6
13.887,0.0822121361618155,2018,7,22,2,5,15,2018,7,22,4,54,10
10.086,0.05649892633741014,2018,7,22,2,13,10,2018,7,22,5,11,41
15.207,0.08717943818077585,2018,7,22,2,26,16,2018,7,22,5,20,42
17.601,0.09633825944170772,2018,7,22,3,9,52,2018,7,22,6,12,34
13.873,0.1022203119243522,2018,7,22,4,20,39,2018,7,22,6,36,22
4.706,0.09970338983050847,2018,7,22,5,9,2,2018,7,22,5,56,14
14.9,0.05732239035650167,2018,7,22,6,51,23,2018,7,22,11,11,19
6.014,0.05211438474870017,2018,7,22,7,15,37,2018,7,22,9,11,1
6.143,0.051621848739495796,2018,7,22,8,26,18,2018,7,22,10,25,18
1.788,0.1051764705882353,2018,7,22,14,4,2,2018,7,22,14,21,2
13.809,0.10147458665033679,2018,7,22,15,7,12,2018,7,22,17,23,17
4.906,0.04994231421784866,2018,7,22,15,58,15,2018,7,22,17,36,29
2.315,0.10817757009345795,2018,7,22,16,5,41,2018,7,22,16,27,5
40.472,0.10153112848601413,2018,7,22,16,12,42,2018,7,22,22,51,19
8.776,0.05366490012229923,2018,7,22,16,40,16,2018,7,22,19,23,48
3.802,0.056493313521545324,2018,7,22,16,43,7,2018,7,22,17,50,25
8.988,0.05818731117824773,2018,7,22,17,0,13,2018,7,22,19,34,41
16.657,0.055705924976311244,2018,7,22,18,23,16,2018,7,22,23,22,17
36.079,0.1006107083100948,2018,7,22,18,33,54,2018,7,23,0,32,30
10.55,0.0771574841540712,2018,7,22,18,51,37,2018,7,22,21,8,21
1.746,0.0395619335347432,2018,7,22,18,56,53,2018,7,22,19,41,1
10.622,0.05396900668981285,2018,7,22,19,42,13,2018,7,22,22,59,2
13.867,0.08558995988067071,2018,7,22,19,48,20,2018,7,22,22,30,21
30.129,0.10269499517127763,2018,7,22,19,50,30,2018,7,23,0,43,53
8.424,0.11189727695373035,2018,7,22,20,8,23,2018,7,22,21,23,40
4.103,0.10313364055299538,2018,7,22,20,22,43,2018,7,22,21,2,30
13.883,0.04492880258899676,2018,7,22,20,25,33,2018,7,23,1,34,33
17.077,0.05572827151093224,2018,7,22,21,1,20,2018,7,23,2,7,46
13.538,0.09250427058421593,2018,7,22,21,4,45,2018,7,22,23,31,6
1.225,0.10137931034482758,2018,7,22,22,53,4,2018,7,22,23,5,9
3.535,0.10832482124616957,2018,7,22,23,41,29,2018,7,23,0,14,7
2.847,0.06004217926186292,2018,7,23,0,14,56,2018,7,23,1,2,21
2.595,0.03271008403361345,2018,7,23,0,30,52,2018,7,23,1,50,12
13.503,0.056798934380257994,2018,7,23,1,33,33,2018,7,23,5,31,17
2.327,0.048614206128133705,2018,7,23,1,33,42,2018,7,23,2,21,34
1.352,0.09577331759149942,2018,7,23,1,42,30,2018,7,23,1,56,37
37.562,0.08916795252225519,2018,7,23,1,45,43,2018,7,23,8,46,58
3.286,0.0925199436884092,2018,7,23,2,1,33,2018,7,23,2,37,4
5.975,0.10269263821254655,2018,7,23,2,8,35,2018,7,23,3,6,46
3.335,0.07058201058201058,2018,7,23,2,17,22,2018,7,23,3,4,37
13.756,0.10119666503187837,2018,7,23,3,3,9,2018,7,23,5,19,5
0.822,0.09,2018,7,23,3,46,23,2018,7,23,3,55,31
8.597,0.10008149010477298,2018,7,23,4,52,8,2018,7,23,6,18,2
2.862,0.10979539641943735,2018,7,23,5,32,41,2018,7,23,5,58,45
13.91,0.020870217554388597,2018,7,23,5,57,14,2018,7,23,17,3,44
11.578,0.054664778092540126,2018,7,23,11,43,28,2018,7,23,15,15,16
3.14,0.08103225806451614,2018,7,23,12,54,40,2018,7,23,13,33,25
3.488,0.05693144722524483,2018,7,23,13,37,11,2018,7,23,14,38,27
10.939,0.021569555358375236,2018,7,23,13,50,25,2018,7,23,22,17,34
14.126,0.042533246349174485,2018,7,23,14,4,41,2018,7,23,19,36,48
12.2,0.052924589689827196,2018,7,23,14,5,59,2018,7,23,17,56,30
3.908,0.007013639626704953,2018,7,23,14,6,22,2018,7,23,23,23,34
15.706,0.10284404670959292,2018,7,23,14,33,27,2018,7,23,17,6,10
7.742,0.07706038487060385,2018,7,23,14,58,1,2018,7,23,16,38,29
21.71,0.043661594154320575,2018,7,23,15,2,45,2018,7,23,23,19,59
21.184,0.04187802708312741,2018,7,23,15,5,46,2018,7,23,23,31,37
11.15,0.038510246373474555,2018,7,23,15,28,28,2018,7,23,20,18,0
5.187,0.03451863354037267,2018,7,23,15,31,6,2018,7,23,18,1,22
13.91,0.03442927271977229,2018,7,23,15,31,12,2018,7,23,22,15,13
6.425,0.05431872622234747,2018,7,23,15,33,6,2018,7,23,17,31,23
11.47,0.03021203740287107,2018,7,23,15,36,20,2018,7,23,21,55,59
4.808,0.04422504982370075,2018,7,23,15,37,46,2018,7,23,17,26,29
24.088,0.08778425655976678,2018,7,23,15,38,29,2018,7,23,20,12,53
1.761,0.035385130609511053,2018,7,23,15,39,48,2018,7,23,16,29,34
6.803,0.03838442730863269,2018,7,23,15,45,9,2018,7,23,18,42,23
12.861,0.02346540976128934,2018,7,23,15,46,47,2018,7,24,0,54,52
27.747,0.05614907251264755,2018,7,23,15,48,22,2018,7,24,0,2,32
4.603,0.046675680243366574,2018,7,23,15,49,13,2018,7,23,17,27,50
11.111,0.032219805712628675,2018,7,23,15,54,18,2018,7,23,21,39,9
2.663,0.02955058257813945,2018,7,23,16,0,24,2018,7,23,17,30,31
13.882,0.03235143323234677,2018,7,23,16,1,47,2018,7,23,23,10,53
1.627,0.041329381879762914,2018,7,23,16,2,31,2018,7,23,16,41,53
3.035,0.04747132429614182,2018,7,23,16,9,53,2018,7,23,17,13,49
5.071,0.030786198522715774,2018,7,23,16,17,1,2018,7,23,19,1,44
8.287,0.02724642446161434,2018,7,23,16,19,41,2018,7,23,21,23,50
5.312,0.08746432491767289,2018,7,23,16,30,33,2018,7,23,17,31,17
5.018,0.03240206629358588,2018,7,23,16,33,38,2018,7,23,19,8,30
1.827,0.02882461214830397,2018,7,23,16,42,37,2018,7,23,17,46,0
17.755,0.03988692526583795,2018,7,23,16,44,12,2018,7,24,0,9,20
8.243,0.012121761721526434,2018,7,23,16,46,55,2018,7,24,4,6,56
14.096,0.041780368522452205,2018,7,23,16,47,49,2018,7,23,22,25,12
12.66,0.0973097617217525,2018,7,23,16,54,18,2018,7,23,19,4,24
10.78,0.05010457820125493,2018,7,23,16,58,53,2018,7,23,20,34,2
13.93,0.04394090741811682,2018,7,23,17,4,38,2018,7,23,22,21,39
9.952,0.07543203638201111,2018,7,23,17,6,3,2018,7,23,19,17,59
13.945,0.07865200225606317,2018,7,23,17,8,16,2018,7,23,20,5,34
16.302,0.0363653939101015,2018,7,23,17,32,9,2018,7,24,1,0,26
8.254,0.02635517002820499,2018,7,23,17,33,51,2018,7,23,22,47,2
8.764,0.02936669272869429,2018,7,23,17,33,58,2018,7,23,22,32,24
13.934,0.04644408643964224,2018,7,23,17,46,44,2018,7,23,22,46,45
4.667,0.02573949811563563,2018,7,23,17,51,11,2018,7,23,20,52,30
19.944,0.05638145495665284,2018,7,23,18,6,34,2018,7,24,0,0,18
13.926,0.014661262304574407,2018,7,23,19,21,26,2018,7,24,11,11,17
2.29,0.0232802439850898,2018,7,23,19,34,50,2018,7,23,21,13,12
1.006,0.02824520355638746,2018,7,23,20,34,35,2018,7,23,21,10,12
6.677,0.10419245773732119,2018,7,23,20,47,33,2018,7,23,21,51,38
6.535,0.03650498091425379,2018,7,23,21,1,39,2018,7,24,0,0,40
6.198,0.0425394646533974,2018,7,23,21,7,24,2018,7,23,23,33,6
4.448,0.08231955582973474,2018,7,23,22,5,28,2018,7,23,22,59,30
28.619,0.10659507107827922,2018,7,23,22,13,15,2018,7,24,2,41,44
8.874,0.08748603351955307,2018,7,23,22,30,45,2018,7,24,0,12,11
12.642,0.10412079615648592,2018,7,23,22,41,34,2018,7,24,0,42,59
0.697,0.002936591531493575,2018,7,23,22,46,18,2018,7,24,2,43,39
13.898,0.10067366896052155,2018,7,23,22,57,8,2018,7,24,1,15,11
10.842,0.10832972522897587,2018,7,23,23,49,41,2018,7,24,1,29,46
16.682,0.025911773842808326,2018,7,24,0,4,10,2018,7,24,10,47,58
0.935,0.03669064748201439,2018,7,24,0,14,8,2018,7,24,0,39,37
11.023,0.05403872865430182,2018,7,24,0,35,0,2018,7,24,3,58,59
4.765,0.05686157517899761,2018,7,24,0,49,26,2018,7,24,2,13,14
13.899,0.05775207756232687,2018,7,24,1,5,46,2018,7,24,5,6,26
5.304,0.05453050034270048,2018,7,24,1,5,57,2018,7,24,2,43,13
0.954,0.0850520059435364,2018,7,24,1,34,7,2018,7,24,1,45,20
11.813,0.09497253115369154,2018,7,24,1,46,55,2018,7,24,3,51,18
13.889,0.04399429838454229,2018,7,24,1,47,13,2018,7,24,7,2,55
13.957,0.1058417593528817,2018,7,24,1,50,42,2018,7,24,4,2,34
5.24,0.10204479065238559,2018,7,24,1,58,45,2018,7,24,2,50,6
13.578,0.10081425566142803,2018,7,24,2,12,29,2018,7,24,4,27,10
2.081,0.03583811710677382,2018,7,24,2,26,24,2018,7,24,3,24,28
16.801,0.0324677918062355,2018,7,24,2,45,49,2018,7,24,11,23,17
8.485,0.09583960843373493,2018,7,24,2,47,25,2018,7,24,4,15,57
2.752,0.03423595272651876,2018,7,24,3,39,9,2018,7,24,4,59,32
1.947,0.04803453947368421,2018,7,24,3,56,50,2018,7,24,4,37,22
4.49,0.0567396798652064,2018,7,24,4,17,20,2018,7,24,5,36,28
2.328,0.036738558653340345,2018,7,24,4,25,21,2018,7,24,5,28,43
1.485,0.10372526193247963,2018,7,24,4,48,43,2018,7,24,5,3,2
1.261,0.038250758341759346,2018,7,24,7,28,33,2018,7,24,8,1,31
12.373,0.0505089127772486,2018,7,24,11,45,42,2018,7,24,15,50,40
13.918,0.051861880511737665,2018,7,24,13,31,18,2018,7,24,17,59,40
8.939,0.05783265042053052,2018,7,24,13,36,36,2018,7,24,16,11,10
6.151,0.07825699745547074,2018,7,24,13,48,50,2018,7,24,15,7,26
10.761,0.04723880597014925,2018,7,24,14,21,46,2018,7,24,18,9,34
16.269,0.04372799354925413,2018,7,24,14,28,59,2018,7,24,20,41,2
4.517,0.10780429594272077,2018,7,24,14,32,56,2018,7,24,15,14,50
13.903,0.04464914628271691,2018,7,24,14,41,12,2018,7,24,19,52,35
11.103,0.051988450132667396,2018,7,24,14,45,22,2018,7,24,18,18,56
4.135,0.03396303901437372,2018,7,24,14,51,35,2018,7,24,16,53,20
9.308,0.09286331892251413,2018,7,24,14,52,42,2018,7,24,16,32,56
13.91,0.04938461538461538,2018,7,24,14,52,58,2018,7,24,19,34,38
11.786,0.03498540543214763,2018,7,24,15,0,58,2018,7,24,20,37,51
4.031,0.013665178823662352,2018,7,24,15,7,43,2018,7,24,20,2,42
10.009,0.07125533934504034,2018,7,24,15,8,32,2018,7,24,17,29,0
41.907,0.09868210361067503,2018,7,24,15,11,37,2018,7,24,22,16,17
3.186,0.005671225561456077,2018,7,24,15,13,9,2018,7,25,0,34,56
13.585,0.022903787793638306,2018,7,24,15,14,18,2018,7,25,1,7,26
8.38,0.02676603673143466,2018,7,24,15,27,12,2018,7,24,20,40,17
5.815,0.03178174530879942,2018,7,24,15,30,26,2018,7,24,18,33,24
4.407,0.008440911702738939,2018,7,24,15,33,22,2018,7,25,0,15,28
13.91,0.026599101252509798,2018,7,24,15,41,17,2018,7,25,0,24,14
23.11,0.06764232401580565,2018,7,24,15,43,33,2018,7,24,21,25,12
5.058,0.03179132620993086,2018,7,24,15,43,36,2018,7,24,18,22,42
11.769,0.020953709198813057,2018,7,24,15,46,41,2018,7,25,1,8,21
3.143,0.02961834458928852,2018,7,24,15,49,51,2018,7,24,17,35,58
4.605,0.041103838143409704,2018,7,24,15,57,57,2018,7,24,17,49,59
13.903,0.053946840845890194,2018,7,24,15,58,9,2018,7,24,20,15,52
1.616,0.08703770197486535,2018,7,24,16,1,13,2018,7,24,16,19,47
5.838,0.050772575735613855,2018,7,24,16,8,21,2018,7,24,18,3,20
4.174,0.0457759093401572,2018,7,24,16,14,34,2018,7,24,17,45,45
15.143,0.059767135903170635,2018,7,24,16,15,38,2018,7,24,20,29,0
2.224,0.031010922612131075,2018,7,24,16,22,57,2018,7,24,17,34,40
8.044,0.05408337068579113,2018,7,24,16,29,37,2018,7,24,18,58,21
6.531,0.012750878563061303,2018,7,24,16,31,3,2018,7,25,1,3,15
10.251,0.021560626774634557,2018,7,24,16,31,48,2018,7,25,0,27,15
19.018,0.09560787599497278,2018,7,24,16,35,6,2018,7,24,19,54,1
13.913,0.05511554205730886,2018,7,24,16,37,12,2018,7,24,20,49,38
2.172,0.041201391084413536,2018,7,24,16,43,11,2018,7,24,17,35,54
17.209,0.0431069177138563,2018,7,24,16,48,21,2018,7,24,23,27,34
11.65,0.0342378526645768,2018,7,24,16,53,8,2018,7,24,22,33,24
4.653,0.03540197818919604,2018,7,24,16,56,41,2018,7,24,19,8,7
7.54,0.05970700805067969,2018,7,24,16,59,5,2018,7,24,19,5,22
10.473,0.07800148957298908,2018,7,24,17,5,59,2018,7,24,19,20,15
4.118,0.02501316055881758,2018,7,24,17,27,46,2018,7,24,20,12,24
19.921,0.05190238395067089,2018,7,24,18,14,46,2018,7,25,0,38,35
5.637,0.05221861973135711,2018,7,24,18,45,24,2018,7,24,20,33,21
13.909,0.07988322006317604,2018,7,24,19,33,40,2018,7,24,22,27,47
9.249,0.06401430384127352,2018,7,24,19,54,45,2018,7,24,22,19,14
9.345,0.06664685605610365,2018,7,24,20,11,34,2018,7,24,22,31,47
6.564,0.0632878033103005,2018,7,24,20,29,34,2018,7,24,22,13,17
2.498,0.0400855843808505,2018,7,24,20,32,54,2018,7,24,21,35,13
2.395,0.031533903884134296,2018,7,24,21,10,35,2018,7,24,22,26,32
2.399,0.048611955420466056,2018,7,24,21,16,33,2018,7,24,22,5,54
9.431,0.05414928229665072,2018,7,24,21,33,28,2018,7,25,0,27,38
21.653,0.1059690048939641,2018,7,24,22,29,38,2018,7,25,1,53,58
6.716,0.10754203362690153,2018,7,24,23,5,2,2018,7,25,0,7,29
2.187,0.036849199663016,2018,7,24,23,16,12,2018,7,25,0,15,33
22.738,0.08769557112553833,2018,7,24,23,21,3,2018,7,25,3,40,20
0.61,0.050762829403606095,2018,7,24,23,45,3,2018,7,24,23,57,4
16.368,0.026208368915456873,2018,7,24,23,58,0,2018,7,25,10,22,32
12.383,0.09522942835170468,2018,7,24,23,59,46,2018,7,25,2,9,48
3.96,0.055945373204615026,2018,7,25,0,13,48,2018,7,25,1,24,35
6.085,0.04909897794513179,2018,7,25,0,39,26,2018,7,25,2,43,22
10.173,0.05254648760330579,2018,7,25,0,45,59,2018,7,25,3,59,35
6.306,0.07039255813953489,2018,7,25,1,1,46,2018,7,25,2,31,21
2.581,0.03176615384615385,2018,7,25,1,33,24,2018,7,25,2,54,39
13.824,0.03026821880815969,2018,7,25,1,42,15,2018,7,25,9,18,58
6.451,0.06369261148593056,2018,7,25,1,48,21,2018,7,25,3,29,38
1.179,0.09624489795918367,2018,7,25,1,52,12,2018,7,25,2,4,27
10.448,0.054200242088881204,2018,7,25,1,56,48,2018,7,25,5,9,34
2.527,0.031886435331230284,2018,7,25,1,57,11,2018,7,25,3,16,26
13.301,0.09499583382930603,2018,7,25,2,34,58,2018,7,25,4,54,59
5.17,0.1021066491112574,2018,7,25,2,36,15,2018,7,25,3,26,53
14.56,0.056975151633731166,2018,7,25,2,45,49,2018,7,25,7,1,22
16.651,0.09458108491905708,2018,7,25,2,47,15,2018,7,25,5,43,18
16.794,0.026372487437185933,2018,7,25,3,7,4,2018,7,25,13,43,52
8.224,0.09744075829383886,2018,7,25,3,7,26,2018,7,25,4,31,50
11.411,0.1048002449104546,2018,7,25,3,14,25,2018,7,25,5,3,18
17.343,0.10675900277008311,2018,7,25,3,39,35,2018,7,25,6,22,2
1.75,0.08300395256916997,2018,7,25,4,10,0,2018,7,25,4,31,5
1.57,0.10572390572390573,2018,7,25,4,34,8,2018,7,25,4,48,59
12.353,0.05188519425971298,2018,7,25,11,48,15,2018,7,25,15,46,20
2.926,0.11392602206359508,2018,7,25,12,1,13,2018,7,25,12,26,54
6.378,0.08522939866369711,2018,7,25,13,47,58,2018,7,25,15,2,48
13.175,0.023097826086956524,2018,7,25,13,55,6,2018,7,25,23,25,30
8.64,0.07924182207276063,2018,7,25,14,13,3,2018,7,25,16,2,5
4.256,0.007354626882866278,2018,7,25,14,32,25,2018,7,26,0,11,6
2.87,0.00525978191148172,2018,7,25,15,1,21,2018,7,26,0,7,0
6.042,0.041497252747252744,2018,7,25,15,10,53,2018,7,25,17,36,29
10.014,0.04509118198874296,2018,7,25,15,11,17,2018,7,25,18,53,22
14.052,0.02527186619507224,2018,7,25,15,14,2,2018,7,26,0,30,4
6.833,0.10231594709258798,2018,7,25,15,18,4,2018,7,25,16,24,51
10.58,0.039450624572742524,2018,7,25,15,22,28,2018,7,25,19,50,39
9.698,0.03539631364438226,2018,7,25,15,25,37,2018,7,25,19,59,36
5.276,0.029875424688561723,2018,7,25,15,30,51,2018,7,25,18,27,27
23.502,0.08968517458500286,2018,7,25,15,39,52,2018,7,25,20,1,55
4.43,0.021013518855245474,2018,7,25,15,45,25,2018,7,25,19,16,14
4.672,0.007313140799874774,2018,7,25,15,45,34,2018,7,26,2,24,25
2.792,0.034014213197969545,2018,7,25,15,46,0,2018,7,25,17,8,5
7.914,0.014746583850931678,2018,7,25,15,47,19,2018,7,26,0,43,59
13.512,0.05369006622516557,2018,7,25,15,51,12,2018,7,25,20,2,52
7.738,0.07606159895150721,2018,7,25,15,53,13,2018,7,25,17,34,57
2.989,0.0923480947476828,2018,7,25,15,57,56,2018,7,25,16,30,18
3.943,0.028214669051878354,2018,7,25,16,6,43,2018,7,25,18,26,28
5.594,0.04904149620105202,2018,7,25,16,12,4,2018,7,25,18,6,8
4.597,0.05227824109173616,2018,7,25,16,14,22,2018,7,25,17,42,18
6.546,0.02925586592178771,2018,7,25,16,14,34,2018,7,25,19,58,19
15.135,0.02999603620268217,2018,7,25,16,18,20,2018,7,26,0,42,54
11.633,0.045264591439688716,2018,7,25,16,19,42,2018,7,25,20,36,42
0.661,0.024496602841260037,2018,7,25,16,20,27,2018,7,25,16,47,26
13.474,0.04546906636670416,2018,7,25,16,29,23,2018,7,25,21,25,43
2.032,0.03238247011952191,2018,7,25,16,29,33,2018,7,25,17,32,18
11.625,0.034300467174821735,2018,7,25,16,31,47,2018,7,25,22,10,42
11.068,0.07424865831842575,2018,7,25,16,37,24,2018,7,25,19,6,28
5.642,0.03044244604316547,2018,7,25,16,45,53,2018,7,25,19,51,13
13.13,0.06819598337950139,2018,7,25,16,51,32,2018,7,25,20,4,4
7.849,0.045713453698311014,2018,7,25,16,59,54,2018,7,25,19,51,36
11.795,0.08159806295399515,2018,7,25,17,9,54,2018,7,25,19,34,27
16.004,0.027092514741980083,2018,7,25,17,14,18,2018,7,26,3,5,1
13.947,0.030298707411564502,2018,7,25,17,16,19,2018,7,26,0,56,38
13.991,0.03711304655378222,2018,7,25,17,22,30,2018,7,25,23,39,29
2.274,0.026779195289499506,2018,7,25,17,27,2,2018,7,25,18,51,57
10.001,0.039647175421209116,2018,7,25,19,3,22,2018,7,25,23,15,37
3.035,0.03727737973387922,2018,7,25,19,12,0,2018,7,25,20,33,25
2.021,0.03257925846319183,2018,7,25,19,22,19,2018,7,25,20,24,21
5.981,0.04022643201434817,2018,7,25,19,35,6,2018,7,25,22,3,47
6.685,0.03590225563909775,2018,7,25,19,53,3,2018,7,25,22,59,15
1.601,0.033717093717093714,2018,7,25,19,57,58,2018,7,25,20,45,27
5.384,0.030501369086960627,2018,7,25,20,4,22,2018,7,25,23,0,53
5.968,0.10897139379184419,2018,7,25,20,13,23,2018,7,25,21,8,9
7.326,0.037125,2018,7,25,20,17,59,2018,7,25,23,35,19
10.395,0.060156249999999994,2018,7,25,20,18,49,2018,7,25,23,11,37
5.263,0.050744014141089505,2018,7,25,20,24,33,2018,7,25,22,8,16
15.396,0.059109291016124915,2018,7,25,20,44,59,2018,7,26,1,5,27
13.985,0.06730028873917228,2018,7,25,21,0,8,2018,7,26,0,27,56
1.335,0.1052562417871222,2018,7,25,21,14,14,2018,7,25,21,26,55
2.096,0.052487479131886484,2018,7,25,21,56,57,2018,7,25,22,36,53
14.758,0.05515291186546247,2018,7,25,22,38,41,2018,7,26,3,6,16
6.755,0.05127134724857685,2018,7,25,23,2,23,2018,7,26,1,14,8
10.065,0.10519073332172095,2018,7,25,23,5,5,2018,7,26,0,40,46
7.389,0.09269077984528538,2018,7,25,23,15,18,2018,7,26,0,35,1
13.962,0.08698162184612189,2018,7,25,23,18,30,2018,7,26,1,59,1
5.594,0.05578195113844109,2018,7,25,23,45,31,2018,7,26,1,25,48
16.521,0.021756765654836373,2018,7,26,0,2,52,2018,7,26,12,42,13
2.489,0.03362756136005404,2018,7,26,0,53,5,2018,7,26,2,7,6
5.818,0.09712854757929883,2018,7,26,0,55,43,2018,7,26,1,55,37
5.486,0.05434373452204061,2018,7,26,1,6,3,2018,7,26,2,47,0
9.829,0.10822903285006424,2018,7,26,1,16,45,2018,7,26,2,47,34
13.898,0.06046113689095127,2018,7,26,1,25,36,2018,7,26,5,15,28
0.58,0.08854961832061069,2018,7,26,1,58,10,2018,7,26,2,4,43
2.799,0.09162029459901799,2018,7,26,2,18,14,2018,7,26,2,48,47
16.234,0.02562319145577945,2018,7,26,3,8,37,2018,7,26,13,42,11
6.469,0.05293058775398882,2018,7,26,3,9,51,2018,7,26,5,12,4
13.423,0.10129291912966921,2018,7,26,3,10,16,2018,7,26,5,22,47
13.088,0.11127674649284398,2018,7,26,4,19,50,2018,7,26,6,17,27
2.327,0.10273730684326711,2018,7,26,4,28,28,2018,7,26,4,51,7
3.594,0.05729011689691817,2018,7,26,4,32,9,2018,7,26,5,34,53
1.384,0.03939278937381404,2018,7,26,8,23,23,2018,7,26,8,58,31
12.45,0.05042867751299534,2018,7,26,11,52,23,2018,7,26,15,59,16
3.922,0.0497084917617237,2018,7,26,13,18,25,2018,7,26,14,37,19
14.099,0.02538302277432712,2018,7,26,13,30,28,2018,7,26,22,45,55
9.357,0.06258165198974472,2018,7,26,13,56,59,2018,7,26,16,26,30
6.949,0.006641921814764074,2018,7,26,13,59,54,2018,7,27,7,26,8
3.214,0.10503267973856209,2018,7,26,14,2,38,2018,7,26,14,33,14
13.943,0.03744259947187038,2018,7,26,14,17,53,2018,7,26,20,30,16
8.193,0.0978658172406928,2018,7,26,14,24,39,2018,7,26,15,48,22
2.74,0.04589614740368509,2018,7,26,14,26,43,2018,7,26,15,26,25
4.376,0.10686202686202687,2018,7,26,14,32,58,2018,7,26,15,13,55
6.857,0.013628594143368226,2018,7,26,14,49,27,2018,7,26,23,12,35
6.577,0.03582244008714597,2018,7,26,14,58,2,2018,7,26,18,1,38
2.172,0.04879071508798204,2018,7,26,15,2,13,2018,7,26,15,46,44
8.915,0.04398848684210526,2018,7,26,15,11,27,2018,7,26,18,34,7
3.052,0.005654295065769159,2018,7,26,15,15,55,2018,7,27,0,15,41
5.074,0.05323308270676692,2018,7,26,15,17,34,2018,7,26,16,52,53
22.933,0.0453490211587898,2018,7,26,15,25,53,2018,7,26,23,51,35
8.234,0.031736365388321454,2018,7,26,15,26,8,2018,7,26,19,45,35
10.435,0.033645010478800585,2018,7,26,15,27,57,2018,7,26,20,38,6
1.169,0.032203856749311296,2018,7,26,15,31,17,2018,7,26,16,7,35
6.065,0.04962498295377063,2018,7,26,15,33,7,2018,7,26,17,35,20
7.036,0.05412307692307692,2018,7,26,15,38,6,2018,7,26,17,48,6
6.551,0.1026266318537859,2018,7,26,15,45,19,2018,7,26,16,49,9
3.63,0.02950419940395557,2018,7,26,15,46,53,2018,7,26,17,49,55
6.275,0.053110452814219215,2018,7,26,15,49,6,2018,7,26,17,47,15
18.567,0.044507391130643226,2018,7,26,15,52,32,2018,7,26,22,49,42
5.086,0.01093920275308288,2018,7,26,15,55,28,2018,7,26,23,40,24
1.757,0.03265799256505576,2018,7,26,15,57,55,2018,7,26,16,51,43
4.346,0.039743941472336536,2018,7,26,15,58,18,2018,7,26,17,47,39
7.847,0.0624926997610831,2018,7,26,15,59,31,2018,7,26,18,5,5
5.184,0.023457013574660634,2018,7,26,16,1,50,2018,7,26,19,42,50
3.903,0.027762892708950798,2018,7,26,16,14,49,2018,7,26,18,35,24
3.299,0.031044542032622333,2018,7,26,16,16,45,2018,7,26,18,3,1
8.995,0.05190421234852856,2018,7,26,16,17,30,2018,7,26,19,10,48
2.415,0.02775330396475771,2018,7,26,16,18,37,2018,7,26,17,45,38
4.868,0.050708333333333334,2018,7,26,16,23,29,2018,7,26,17,59,29
18.292,0.07861891117478512,2018,7,26,16,27,33,2018,7,26,20,20,13
10.392,0.03021955120438133,2018,7,26,16,37,43,2018,7,26,22,21,36
14.95,0.036264402668283804,2018,7,26,16,50,22,2018,7,26,23,42,37
12.983,0.032746763073818734,2018,7,26,16,51,29,2018,7,26,23,27,57
2.292,0.005998691384950927,2018,7,26,16,56,20,2018,7,26,23,18,25
5.282,0.054202154951257055,2018,7,26,16,57,48,2018,7,26,18,35,15
12.583,0.07897280334728034,2018,7,26,17,6,10,2018,7,26,19,45,30
21.938,0.04070507468225252,2018,7,26,17,6,53,2018,7,27,2,5,50
1.697,0.025954626561305122,2018,7,26,17,10,2,2018,7,26,18,15,25
14.207,0.0934876069313446,2018,7,26,17,20,6,2018,7,26,19,52,4
2.451,0.03481534090909091,2018,7,26,18,45,10,2018,7,26,19,55,34
13.874,0.038428584618225466,2018,7,26,18,50,31,2018,7,27,0,51,33
2.094,0.03264224473889321,2018,7,26,19,37,52,2018,7,26,20,42,1
5.52,0.041665618316769404,2018,7,26,19,49,13,2018,7,26,22,1,42
8.836,0.04951527038386103,2018,7,26,19,57,40,2018,7,26,22,56,7
16.124,0.10435120267500807,2018,7,26,20,32,19,2018,7,26,23,6,50
6.141,0.04780848579213702,2018,7,26,20,34,45,2018,7,26,22,43,12
3.458,0.029848942598187315,2018,7,26,20,51,30,2018,7,26,22,47,21
6.651,0.0525009867122747,2018,7,26,21,5,30,2018,7,26,23,12,11
20.189,0.10212798246353595,2018,7,26,22,2,47,2018,7,27,1,20,28
8.299,0.0557104497650481,2018,7,26,22,28,6,2018,7,27,0,57,4
3.39,0.1038815117466803,2018,7,26,23,11,28,2018,7,26,23,44,6
14.007,0.08155458515283842,2018,7,26,23,16,57,2018,7,27,2,8,42
4.392,0.0495152198421646,2018,7,26,23,31,48,2018,7,27,1,0,30
0.945,0.053948620361560416,2018,7,26,23,49,56,2018,7,27,0,7,27
16.266,0.027153747704635245,2018,7,27,0,7,15,2018,7,27,10,6,17
1.008,0.026514686540990793,2018,7,27,0,21,51,2018,7,27,0,59,52
12.226,0.052649106437953064,2018,7,27,0,40,46,2018,7,27,4,32,59
13.985,0.09556947608200454,2018,7,27,0,57,30,2018,7,27,3,23,50
13.88,0.09580121937190844,2018,7,27,1,0,34,2018,7,27,3,25,27
13.919,0.01771954764380132,2018,7,27,1,32,4,2018,7,27,14,37,35
11.603,0.09363550773369199,2018,7,27,1,50,6,2018,7,27,3,54,1
2.537,0.031027313493681204,2018,7,27,1,58,27,2018,7,27,3,20,13
7.468,0.09871777924653007,2018,7,27,1,59,40,2018,7,27,3,15,19
9.213,0.05492101341281669,2018,7,27,2,3,37,2018,7,27,4,51,22
21.892,0.10419800095192766,2018,7,27,2,23,24,2018,7,27,5,53,30
13.577,0.10249370910920987,2018,7,27,2,33,26,2018,7,27,4,45,54
0.993,0.08161643835616439,2018,7,27,2,40,54,2018,7,27,2,53,4
12.554,0.09483066851315625,2018,7,27,3,1,46,2018,7,27,5,14,9
4.777,0.061998702141466584,2018,7,27,3,10,51,2018,7,27,4,27,54
10.094,0.10623399403613401,2018,7,27,3,14,30,2018,7,27,4,49,31
6.669,0.052636148382004734,2018,7,27,3,31,23,2018,7,27,5,38,5
4.174,0.1023457294646506,2018,7,27,3,31,29,2018,7,27,4,12,16
3.713,0.10026102610261027,2018,7,27,3,44,31,2018,7,27,4,21,33
0.949,0.08869158878504672,2018,7,27,3,51,26,2018,7,27,4,2,8
21.826,0.10777384577401036,2018,7,27,4,7,11,2018,7,27,7,29,42
14.554,0.02542405450257664,2018,7,27,4,11,45,2018,7,27,13,44,12
4.591,0.1043409090909091,2018,7,27,4,31,17,2018,7,27,5,15,17
0.571,0.053447737909516374,2018,7,27,11,44,7,2018,7,27,11,54,48
11.889,0.051642655469485266,2018,7,27,11,56,44,2018,7,27,15,46,57
1.377,0.10237918215613384,2018,7,27,13,36,14,2018,7,27,13,49,41
3.629,0.05028637413394919,2018,7,27,13,38,2,2018,7,27,14,50,12
13.901,0.05737497420375593,2018,7,27,13,57,51,2018,7,27,18,0,8
11.841,0.01796677035126318,2018,7,27,14,7,27,2018,7,28,1,6,30
10.372,0.04321666666666667,2018,7,27,14,14,31,2018,7,27,18,14,31
4.404,0.05765655684049748,2018,7,27,14,24,17,2018,7,27,15,40,40
8.506,0.06554842024145903,2018,7,27,14,25,34,2018,7,27,16,35,20
12.87,0.0535394855439229,2018,7,27,14,33,52,2018,7,27,18,34,15
5.214,0.010082181185342745,2018,7,27,14,48,40,2018,7,27,23,25,49
14.346,0.049986062717770036,2018,7,27,15,6,16,2018,7,27,19,53,16
2.949,0.04330396475770925,2018,7,27,15,12,32,2018,7,27,16,20,38
7.662,0.01571208858812673,2018,7,27,15,13,44,2018,7,27,23,21,23
10.404,0.031956588512337465,2018,7,27,15,20,30,2018,7,27,20,46,4
7.555,0.02231246308328411,2018,7,27,15,22,34,2018,7,27,21,1,10
0.656,0.02313932980599647,2018,7,27,15,25,46,2018,7,27,15,54,7
20.514,0.04158243243243243,2018,7,27,15,26,12,2018,7,27,23,39,32
26.641,0.05714091656538214,2018,7,27,15,29,20,2018,7,27,23,15,34
3.198,0.03172619047619048,2018,7,27,15,29,53,2018,7,27,17,10,41
4.296,0.05958391123439668,2018,7,27,15,44,26,2018,7,27,16,56,32
3.741,0.0072203815099559305,2018,7,27,15,45,18,2018,7,28,0,23,25
11.548,0.05230072463768116,2018,7,27,15,45,42,2018,7,27,19,26,30
3.619,0.02105702094647013,2018,7,27,15,47,41,2018,7,27,18,39,33
6.037,0.04825096576528574,2018,7,27,15,47,44,2018,7,27,17,52,51
5.873,0.09485329744279947,2018,7,27,15,51,15,2018,7,27,16,53,10
3.112,0.028854891052387577,2018,7,27,15,52,54,2018,7,27,17,40,45
5.883,0.050584694754944114,2018,7,27,15,54,34,2018,7,27,17,50,52
21.012,0.040863477246207695,2018,7,27,15,56,19,2018,7,28,0,30,31
4.425,0.0323307355090112,2018,7,27,15,56,34,2018,7,27,18,13,26
3.245,0.006205973289133969,2018,7,27,16,1,9,2018,7,28,0,44,2
1.146,0.03037102473498233,2018,7,27,16,2,6,2018,7,27,16,39,50
1.804,0.032033145901154185,2018,7,27,16,18,16,2018,7,27,17,14,35
11.316,0.0835540241201083,2018,7,27,16,20,20,2018,7,27,18,35,46
8.843,0.04524430800716296,2018,7,27,16,21,31,2018,7,27,19,36,58
11.638,0.06066724587315377,2018,7,27,16,22,24,2018,7,27,19,34,14
4.061,0.04582659394395336,2018,7,27,16,23,16,2018,7,27,17,51,53
21.652,0.061505539248177254,2018,7,27,16,30,14,2018,7,27,22,22,16
2.15,0.031363967906637494,2018,7,27,16,31,21,2018,7,27,17,39,54
9.071,0.028780075088572787,2018,7,27,16,32,1,2018,7,27,21,47,12
11.085,0.032088580112896226,2018,7,27,16,33,33,2018,7,27,22,19,0
0.569,0.02711675933280381,2018,7,27,16,35,13,2018,7,27,16,56,12
10.562,0.01833309225561952,2018,7,27,16,41,45,2018,7,28,2,17,52
18.463,0.06197370629370629,2018,7,27,16,46,42,2018,7,27,21,44,37
13.699,0.026142298272955694,2018,7,27,16,47,26,2018,7,28,1,31,27
8.097,0.06931373947781423,2018,7,27,17,9,47,2018,7,27,19,6,36
19.44,0.09131047440112729,2018,7,27,17,23,56,2018,7,27,20,56,50
10.76,0.03275162337662337,2018,7,27,18,0,39,2018,7,27,23,29,11
6.554,0.029010697159719663,2018,7,27,18,16,24,2018,7,27,22,2,19
1.86,0.031776765375854214,2018,7,27,18,54,24,2018,7,27,19,52,56
12.849,0.038317097415506964,2018,7,27,19,21,0,2018,7,28,0,56,20
1.84,0.06143572621035059,2018,7,27,19,45,29,2018,7,27,20,15,26
13.917,0.06245474943904263,2018,7,27,20,21,45,2018,7,28,0,4,35
6.158,0.04486703096539162,2018,7,27,20,24,12,2018,7,27,22,41,27
7.56,0.0337223998215746,2018,7,27,20,36,46,2018,7,28,0,20,57
8.698,0.09481831395348837,2018,7,27,21,1,38,2018,7,27,22,33,22
5.692,0.037620621282220754,2018,7,27,21,7,22,2018,7,27,23,38,40
3.371,0.09871156661786237,2018,7,27,22,10,4,2018,7,27,22,44,13
12.829,0.10468380252957978,2018,7,27,23,4,18,2018,7,28,1,6,51
4.06,0.05512559402579768,2018,7,27,23,19,28,2018,7,28,0,33,7
4.101,0.09471131639722864,2018,7,27,23,53,19,2018,7,28,0,36,37
5.278,0.05546059544658493,2018,7,28,0,3,58,2018,7,28,1,39,8
1.635,0.03618590925857618,2018,7,28,0,16,33,2018,7,28,1,1,44
1.422,0.0999063231850117,2018,7,28,0,18,15,2018,7,28,0,32,29
13.54,0.09921836834391792,2018,7,28,0,25,51,2018,7,28,2,42,19
13.887,0.08526606631191158,2018,7,28,0,37,56,2018,7,28,3,20,48
1.641,0.08894308943089431,2018,7,28,0,52,23,2018,7,28,1,10,50
14.002,0.014147721531777306,2018,7,28,0,58,19,2018,7,28,17,28,1
7.792,0.10613393870601588,2018,7,28,1,2,15,2018,7,28,2,15,40
13.742,0.008735432470229267,2018,7,28,1,13,18,2018,7,29,3,26,26
9.059,0.09195398409744543,2018,7,28,1,13,45,2018,7,28,2,52,16
33.72,0.10566668407583432,2018,7,28,1,19,17,2018,7,28,6,38,24
1.902,0.09085987261146496,2018,7,28,1,23,42,2018,7,28,1,44,38
13.894,0.043473091364205255,2018,7,28,1,49,15,2018,7,28,7,8,51
7.316,0.1057734939759036,2018,7,28,1,56,29,2018,7,28,3,5,39
6.793,0.054989206691851054,2018,7,28,2,54,47,2018,7,28,4,58,19
13.922,0.10531013615733738,2018,7,28,2,57,10,2018,7,28,5,9,22
7.841,0.10258613170518971,2018,7,28,3,10,50,2018,7,28,4,27,16
3.035,0.05083752093802345,2018,7,28,4,5,46,2018,7,28,5,5,28
41.902,0.046970070619885666,2018,7,28,5,27,14,2018,7,28,20,19,20
34.797,0.053247130833970924,2018,7,28,6,32,1,2018,7,28,17,25,31
16.71,0.05631318804762975,2018,7,28,7,45,58,2018,7,28,12,42,42
8.444,0.054801514332071394,2018,7,28,7,49,27,2018,7,28,10,23,32
1.718,0.05318885448916409,2018,7,28,8,36,19,2018,7,28,9,8,37
13.896,0.03666974534899064,2018,7,28,10,41,30,2018,7,28,17,0,27
18.423,0.10520414961454268,2018,7,28,13,10,4,2018,7,28,16,5,11
1.924,0.03251830985915493,2018,7,28,13,40,22,2018,7,28,14,39,32
2.292,0.07184952978056426,2018,7,28,14,53,31,2018,7,28,15,25,25
37.226,0.06778017175977907,2018,7,28,14,59,39,2018,7,29,0,8,52
10.772,0.10775591863954652,2018,7,28,15,6,28,2018,7,28,16,46,26
3.413,0.10092656481025133,2018,7,28,15,21,34,2018,7,28,15,55,23
22.825,0.1110705596107056,2018,7,28,15,26,0,2018,7,28,18,51,30
18.894,0.09156287860431306,2018,7,28,15,26,36,2018,7,28,18,52,57
2.165,0.09969301611665389,2018,7,28,15,46,18,2018,7,28,16,8,1
14.212760833333334,0.05244883756688603,2018,7,28,15,46,51,2018,7,28,20,17,50
2.7,0.049617151607963254,2018,7,28,16,8,40,2018,7,28,17,3,5
8.838,0.06775875287503194,2018,7,28,16,15,17,2018,7,28,18,25,43
11.231,0.05237525260376185,2018,7,28,17,20,54,2018,7,28,20,55,20
1.87,0.10398517145505097,2018,7,28,17,26,36,2018,7,28,17,44,35
1.145,0.10585516178736518,2018,7,28,17,58,30,2018,7,28,18,9,19
34.095,0.05988407833494335,2018,7,28,18,12,38,2018,7,29,3,41,59
6.271,0.06540239874847904,2018,7,28,18,33,24,2018,7,28,20,9,17
5.481,0.10367591424968474,2018,7,28,18,48,54,2018,7,28,19,41,46
18.681,0.06679737783075089,2018,7,28,19,0,7,2018,7,28,23,39,47
4.264,0.04987134502923977,2018,7,28,19,24,58,2018,7,28,20,50,28
2.132,0.08614141414141414,2018,7,28,19,29,1,2018,7,28,19,53,46
2.471,0.09248908296943233,2018,7,28,19,45,28,2018,7,28,20,12,11
2.352,0.031669658886894075,2018,7,28,19,51,44,2018,7,28,21,6,0
16.858,0.05721364330561684,2018,7,28,19,58,34,2018,7,29,0,53,13
10.144,0.08706050636532685,2018,7,28,20,18,25,2018,7,28,22,14,56
4.12,0.05188916876574307,2018,7,28,20,26,33,2018,7,28,21,45,57
13.9,0.07790751985053714,2018,7,28,20,36,47,2018,7,28,23,35,12
0.635,0.049161290322580646,2018,7,28,21,28,54,2018,7,28,21,41,49
2.389,0.03133799737647573,2018,7,28,21,46,11,2018,7,28,23,2,25
12.936,0.02150027700831025,2018,7,28,21,55,35,2018,7,29,7,57,15
2.503,0.10279260780287475,2018,7,28,22,3,7,2018,7,28,22,27,28
2.102,0.10397361912613355,2018,7,28,22,39,18,2018,7,28,22,59,31
1.026,0.05501340482573727,2018,7,28,22,47,3,2018,7,28,23,5,42
0.781,0.097625,2018,7,28,23,6,29,2018,7,28,23,14,29
2.971,0.05067083570210347,2018,7,28,23,13,38,2018,7,29,0,12,16
13.993,0.06350832072617246,2018,7,28,23,47,13,2018,7,29,3,27,33
8.394,0.0990053076469432,2018,7,28,23,48,46,2018,7,29,1,13,33
3.213,0.0871125169453231,2018,7,28,23,49,24,2018,7,29,0,26,17
0.827,0.10168032786885246,2018,7,29,0,5,4,2018,7,29,0,13,12
13.891,0.07381631387831016,2018,7,29,0,18,29,2018,7,29,3,26,40
4.308,0.09464664957890882,2018,7,29,0,20,59,2018,7,29,1,6,30
6.541,0.05315005417118094,2018,7,29,0,23,20,2018,7,29,2,26,24
11.178,0.053186360031720864,2018,7,29,0,28,3,2018,7,29,3,58,13
12.49,0.05563061391136515,2018,7,29,0,49,15,2018,7,29,4,33,46
13.879,0.0903874959296646,2018,7,29,0,53,7,2018,7,29,3,26,40
7.657,0.09511801242236025,2018,7,29,2,13,25,2018,7,29,3,33,55
6.914,0.10230332922318126,2018,7,29,2,24,4,2018,7,29,3,31,39
2.177,0.10078703703703704,2018,7,29,2,24,44,2018,7,29,2,46,20
41.897,0.06176461916461916,2018,7,29,3,19,14,2018,7,29,14,37,34
5.681,0.039487951807228916,2018,7,29,4,6,50,2018,7,29,6,30,42
15.471,0.020502705687465487,2018,7,29,4,42,26,2018,7,29,17,17,1
2.785,0.10555906506632975,2018,7,29,4,56,50,2018,7,29,5,23,13
8.348,0.09115195632393086,2018,7,29,5,28,42,2018,7,29,7,0,17
13.883,0.05239856576712587,2018,7,29,5,52,47,2018,7,29,10,17,44
14.937,0.056122487319180916,2018,7,29,6,19,34,2018,7,29,10,45,43
0.862,0.1068595041322314,2018,7,29,6,31,40,2018,7,29,6,39,44
42.377,0.10503655967282192,2018,7,29,9,12,20,2018,7,29,15,55,47
2.294,0.04603344481605351,2018,7,29,10,16,57,2018,7,29,11,6,47
10.692,0.11268575443527137,2018,7,29,15,40,37,2018,7,29,17,15,30
2.956,0.05662835249042145,2018,7,29,16,19,2,2018,7,29,17,11,14
12.321,0.05566716867469879,2018,7,29,16,39,57,2018,7,29,20,21,17
5.428,0.05339016393442623,2018,7,29,17,2,37,2018,7,29,18,44,17
23.657,0.048469182175175006,2018,7,29,17,7,43,2018,7,30,1,15,48
13.869,0.10863446475195822,2018,7,29,17,8,2,2018,7,29,19,15,42
4.674,0.10456375838926174,2018,7,29,17,35,15,2018,7,29,18,19,57
10.588,0.07004189636163176,2018,7,29,18,46,39,2018,7,29,21,17,49
12.279,0.025241195011648624,2018,7,29,19,1,45,2018,7,30,3,8,13
13.887,0.08902874238700717,2018,7,29,19,26,56,2018,7,29,22,2,55
15.794,0.0565755223880597,2018,7,29,19,27,42,2018,7,30,0,6,52
9.184,0.09910791366906474,2018,7,29,20,5,7,2018,7,29,21,37,47
10.884,0.05121079046424091,2018,7,29,20,18,14,2018,7,29,23,50,46
4.912,0.10952062430323299,2018,7,29,21,15,20,2018,7,29,22,0,11
1.681,0.04075151515151515,2018,7,29,21,43,50,2018,7,29,22,25,5
9.774,0.09983656792645555,2018,7,29,22,0,19,2018,7,29,23,38,13
2.728,0.10210854647535872,2018,7,29,22,0,39,2018,7,29,22,27,22
2.294,0.03146057142857143,2018,7,29,22,8,35,2018,7,29,23,21,30
13.923,0.09869801512287335,2018,7,29,23,30,17,2018,7,30,1,51,21
8.117,0.10722589167767504,2018,7,29,23,36,44,2018,7,30,0,52,26
13.515,0.05806243734784477,2018,7,29,23,45,35,2018,7,30,3,38,21
5.461,0.053962450592885375,2018,7,30,0,0,25,2018,7,30,1,41,37
5.045,0.053755993606819395,2018,7,30,0,4,12,2018,7,30,1,38,3
4.388,0.05600510529674538,2018,7,30,0,41,17,2018,7,30,1,59,38
30.398,0.10819076996084946,2018,7,30,0,47,50,2018,7,30,5,28,48
21.555,0.10114178462500976,2018,7,30,0,54,51,2018,7,30,4,27,58
18.651,0.11089683876721831,2018,7,30,0,55,9,2018,7,30,3,43,20
13.958,0.07972203712517849,2018,7,30,1,0,45,2018,7,30,3,55,50
21.49,0.09658426966292134,2018,7,30,1,3,13,2018,7,30,4,45,43
21.848,0.10645444209842456,2018,7,30,1,12,2,2018,7,30,4,37,16
16.335,0.025567381436844578,2018,7,30,1,16,55,2018,7,30,11,55,49
5.293,0.11147069147069147,2018,7,30,1,27,31,2018,7,30,2,15,0
23.181,0.11151860166773572,2018,7,30,1,33,40,2018,7,30,5,1,32
2.139,0.0969335347432024,2018,7,30,2,22,21,2018,7,30,2,44,25
12.047,0.1065163572060124,2018,7,30,2,45,44,2018,7,30,4,38,50
5.836,0.05455905266438143,2018,7,30,3,1,31,2018,7,30,4,48,29
13.818,0.09941007194244604,2018,7,30,3,6,22,2018,7,30,5,25,22
6.852,0.10363498865641545,2018,7,30,3,55,8,2018,7,30,5,1,15
1.695,0.10452209660842755,2018,7,30,4,16,31,2018,7,30,4,32,44
6.189,0.10472081218274111,2018,7,30,4,35,6,2018,7,30,5,34,12
3.231,0.054654637722018604,2018,7,30,4,35,46,2018,7,30,5,34,53
39.836,0.10901527936145951,2018,7,30,5,50,31,2018,7,30,11,55,56
2.546,0.10803394625176803,2018,7,30,6,43,27,2018,7,30,7,7,1
12.537,0.052379360768748696,2018,7,30,11,47,27,2018,7,30,15,46,48
4.729,0.08352664115395937,2018,7,30,13,53,0,2018,7,30,14,49,37
13.142,0.08164423276040587,2018,7,30,14,2,7,2018,7,30,16,43,5
10.777,0.05401102572669562,2018,7,30,14,10,38,2018,7,30,17,30,10
8.065,0.015364831396456467,2018,7,30,14,32,28,2018,7,30,23,17,22
20.966,0.05054281007674073,2018,7,30,15,8,29,2018,7,30,22,3,18
6.343596176817001,0.012884322487695747,2018,7,30,15,8,54,2018,7,30,23,21,15
8.376,0.018570689527751087,2018,7,30,15,10,59,2018,7,30,22,42,1
2.542,0.05909337466098411,2018,7,30,15,26,7,2018,7,30,16,9,8
32.61,0.05374831744636431,2018,7,30,15,27,18,2018,7,31,1,34,1
7.55,0.10515320334261839,2018,7,30,15,28,0,2018,7,30,16,39,48
4.419,0.0522031896042528,2018,7,30,15,28,3,2018,7,30,16,52,42
4.796,0.054171686746987954,2018,7,30,15,35,27,2018,7,30,17,3,59
13.957,0.02083186148909177,2018,7,30,15,35,52,2018,7,31,2,45,51
7.835,0.018845460012026458,2018,7,30,15,46,5,2018,7,30,22,41,50
3.838,0.013252762430939227,2018,7,30,15,51,35,2018,7,30,20,41,11
13.897,0.06094284461336062,2018,7,30,15,51,55,2018,7,30,19,39,57
25.197,0.05670742685671418,2018,7,30,15,56,30,2018,7,30,23,20,50
14.308,0.05823756868597788,2018,7,30,15,57,0,2018,7,30,20,2,41
0.856,0.027348242811501597,2018,7,30,16,2,5,2018,7,30,16,33,23
6.672,0.01960622979723773,2018,7,30,16,6,8,2018,7,30,21,46,26
9.915,0.020842968257305024,2018,7,30,16,7,22,2018,7,31,0,3,4
1.87,0.024129032258064516,2018,7,30,16,12,37,2018,7,30,17,30,7
8.522,0.02175181860722338,2018,7,30,16,14,6,2018,7,30,22,45,53
5.814,0.027864845434938893,2018,7,30,16,14,55,2018,7,30,19,43,34
1.407,0.009696760854583047,2018,7,30,16,20,20,2018,7,30,18,45,26
7.393,0.037674537115678614,2018,7,30,16,22,36,2018,7,30,19,38,50
5.821,0.02892661918171277,2018,7,30,16,23,16,2018,7,30,19,44,30
12.52,0.04810450819672131,2018,7,30,16,26,41,2018,7,30,20,46,57
13.877,0.031747883779455505,2018,7,30,16,27,43,2018,7,30,23,44,49
2.715,0.01438029661016949,2018,7,30,16,29,12,2018,7,30,19,38,0
14.058,0.02102340420228808,2018,7,30,16,38,19,2018,7,31,3,47,0
14.398,0.046603010195824565,2018,7,30,16,54,18,2018,7,30,22,3,15
8.264,0.038737499999999994,2018,7,30,17,4,49,2018,7,30,20,38,9
12.314,0.03288849321166259,2018,7,30,17,7,1,2018,7,30,23,21,26
10.056,0.03750839239089891,2018,7,30,17,8,44,2018,7,30,21,36,50
15.873,0.032536640360766624,2018,7,30,17,10,55,2018,7,31,1,18,46
27.713,0.06776070744529117,2018,7,30,17,20,16,2018,7,31,0,9,15
11.268,0.06907939102891592,2018,7,30,18,44,36,2018,7,30,21,27,43
7.104,0.026112846903142802,2018,7,30,18,52,21,2018,7,30,23,24,24
13.59,0.0886304347826087,2018,7,30,19,32,29,2018,7,30,22,5,49
4.695,0.024882960869181167,2018,7,30,19,36,20,2018,7,30,22,45,1
13.871,0.03546058798466127,2018,7,30,19,43,36,2018,7,31,2,14,46
3.165,0.07713241267262388,2018,7,30,19,49,14,2018,7,30,20,30,16
8.805,0.03636175924014041,2018,7,30,19,56,58,2018,7,30,23,59,7
6.353,0.030030725596785626,2018,7,30,20,22,38,2018,7,30,23,54,11
7.281,0.037676584734799484,2018,7,30,20,51,0,2018,7,31,0,4,15
4.908,0.043210564930300815,2018,7,30,21,53,17,2018,7,30,23,46,52
2.078,0.09710280373831776,2018,7,30,22,17,12,2018,7,30,22,38,36
13.956,0.10106940253470126,2018,7,30,22,21,21,2018,7,31,0,39,26
0.703,0.0275146771037182,2018,7,30,23,21,26,2018,7,30,23,46,59
10.902,0.10765635286372613,2018,7,30,23,25,50,2018,7,31,1,7,6
6.604,0.044531355360755226,2018,7,30,23,40,44,2018,7,31,2,9,2
2.499,0.04764537654909438,2018,7,30,23,47,54,2018,7,31,0,40,21
7.483,0.10492638466931527,2018,7,30,23,49,0,2018,7,31,1,0,19
16.728,0.0263904080774085,2018,7,30,23,53,59,2018,7,31,10,27,51
8.064,0.1099136756019991,2018,7,31,0,8,42,2018,7,31,1,22,4
10.497,0.0513091649694501,2018,7,31,0,20,21,2018,7,31,3,44,56
3.856,0.04176173285198556,2018,7,31,0,22,52,2018,7,31,1,55,12
2.83,0.060773085182534,2018,7,31,1,17,51,2018,7,31,2,4,25
4.91,0.056642953278215724,2018,7,31,1,34,28,2018,7,31,3,1,9
11.822,0.10877472780248428,2018,7,31,1,47,35,2018,7,31,3,36,16
10.736,0.08806015037593985,2018,7,31,1,48,17,2018,7,31,3,50,12
11.834,0.09911222780569513,2018,7,31,2,2,27,2018,7,31,4,1,51
6.045,0.05212704800229951,2018,7,31,2,17,21,2018,7,31,4,13,19
13.304,0.10091529709228823,2018,7,31,2,49,38,2018,7,31,5,1,28
2.251,0.0367110627888013,2018,7,31,3,19,18,2018,7,31,4,20,37
6.6,0.05368763557483731,2018,7,31,3,49,13,2018,7,31,5,52,9
39.935,0.06033540654193841,2018,7,31,3,57,8,2018,7,31,14,59,1
2.682,0.03226142742582197,2018,7,31,4,9,5,2018,7,31,5,32,13
8.73,0.09037267080745343,2018,7,31,4,11,39,2018,7,31,5,48,15
7.413,0.08663420335021427,2018,7,31,4,45,40,2018,7,31,6,11,14
15.212,0.058575279168271085,2018,7,31,6,18,56,2018,7,31,10,38,38
1.624,0.04080402010050252,2018,7,31,7,19,23,2018,7,31,7,59,11
0.5081750298685943,0.00348065088951092,2018,7,31,10,56,15,2018,7,31,13,22,15
12.274,0.05160033632286995,2018,7,31,11,51,12,2018,7,31,15,49,4
1.42,0.05062388591800356,2018,7,31,12,51,5,2018,7,31,13,19,8
7.485,0.08152114721365039,2018,7,31,13,47,1,2018,7,31,15,18,50
10.903,0.0208185087356395,2018,7,31,13,57,23,2018,7,31,22,41,6
13.667,0.07065483370670343,2018,7,31,14,6,28,2018,7,31,17,19,54
4.268,0.09792734225621413,2018,7,31,14,32,26,2018,7,31,15,16,1
14.692,0.04696430474160895,2018,7,31,14,45,0,2018,7,31,19,57,50
3.805,0.016251423690205012,2018,7,31,14,45,12,2018,7,31,18,39,20
7.527,0.0662199413489736,2018,7,31,15,3,37,2018,7,31,16,57,17
6.649,0.07031018681706028,2018,7,31,15,8,22,2018,7,31,16,42,56
8.478,0.025388301058095426,2018,7,31,15,13,2,2018,7,31,20,46,58
6.501,0.03648489383593677,2018,7,31,15,14,30,2018,7,31,18,12,41
25.773,0.049335758039816234,2018,7,31,15,23,7,2018,8,1,0,5,31
12.042,0.03932937782374394,2018,7,31,15,31,2,2018,7,31,20,37,13
6.961,0.04499676793794442,2018,7,31,15,41,43,2018,7,31,18,16,25
2.585,0.04493047508690614,2018,7,31,15,42,41,2018,7,31,16,40,13
14.236,0.0387637848876787,2018,7,31,15,43,14,2018,7,31,21,50,29
2.886,0.06255780346820809,2018,7,31,15,43,37,2018,7,31,16,29,45
20.429,0.03768377040612414,2018,7,31,15,44,29,2018,8,1,0,46,36
2.275,0.004258970358814352,2018,7,31,15,46,3,2018,8,1,0,40,13
7.191,0.013680205459906782,2018,7,31,15,54,54,2018,8,1,0,40,33
1.72,0.03217960710944808,2018,7,31,15,56,0,2018,7,31,16,49,27
2.129,0.021669211195928753,2018,7,31,15,56,1,2018,7,31,17,34,16
6.511,0.042991086167051835,2018,7,31,15,58,28,2018,7,31,18,29,55
4.148,0.044690249595977734,2018,7,31,16,4,32,2018,7,31,17,37,21
1.5,0.02053856686444546,2018,7,31,16,5,7,2018,7,31,17,18,9
9.11,0.029746938775510202,2018,7,31,16,8,47,2018,7,31,21,15,2
12.728,0.02844139883058359,2018,7,31,16,9,25,2018,7,31,23,36,56
6.149,0.05088125775755069,2018,7,31,16,13,29,2018,7,31,18,14,20
5.097,0.05382259767687434,2018,7,31,16,18,56,2018,7,31,17,53,38
13.876,0.03197603410531167,2018,7,31,16,20,51,2018,7,31,23,34,48
8.499,0.02826091775659499,2018,7,31,16,24,10,2018,7,31,21,24,54
20.576,0.043278412676155086,2018,7,31,16,41,8,2018,8,1,0,36,34
11.144,0.03381409932234247,2018,7,31,16,50,30,2018,7,31,22,20,4
7.262,0.02824764991896272,2018,7,31,17,2,7,2018,7,31,21,19,12
12.631,0.031816120906801006,2018,7,31,17,6,35,2018,7,31,23,43,35
10.174,0.03204409448818898,2018,7,31,17,26,58,2018,7,31,22,44,28
15.727,0.03959964748835453,2018,7,31,17,27,17,2018,8,1,0,4,26
5.64,0.03263259402121504,2018,7,31,17,38,59,2018,7,31,20,31,49
13.914,0.032976773581924475,2018,7,31,17,39,25,2018,8,1,0,41,21
6.821,0.0365345474022496,2018,7,31,18,6,47,2018,7,31,21,13,29
8.893,0.021992416123979886,2018,7,31,18,29,51,2018,8,1,1,14,13
2.023,0.031187050359712237,2018,7,31,18,49,44,2018,7,31,19,54,36
8.387,0.0316291640477687,2018,7,31,18,58,43,2018,7,31,23,23,53
7.345,0.03148531828248911,2018,7,31,19,3,43,2018,7,31,22,57,0
9.366,0.030333585231566446,2018,7,31,19,23,3,2018,8,1,0,31,49
4.383,0.029425981873111785,2018,7,31,19,35,52,2018,7,31,22,4,49
13.145,0.04912794319172792,2018,7,31,20,20,34,2018,8,1,0,48,8
1.633,0.03722644376899696,2018,7,31,20,35,15,2018,7,31,21,19,7
4.81,0.028622433799464442,2018,7,31,20,43,48,2018,7,31,23,31,51
3.14,0.03189436262061961,2018,7,31,20,55,34,2018,7,31,22,34,1
12.973,0.05098781606183676,2018,7,31,21,23,23,2018,8,1,1,37,49
4.169,0.034727197001249474,2018,7,31,22,11,53,2018,8,1,0,11,56
1.675,0.03397565922920893,2018,7,31,22,25,48,2018,7,31,23,15,6
14.121,0.08528890678477954,2018,7,31,22,29,56,2018,8,1,1,15,30
6.779,0.04214922279792746,2018,7,31,22,44,1,2018,8,1,1,24,51
13.973,0.04280725044677049,2018,7,31,23,9,33,2018,8,1,4,35,58
2.525,0.029994060582062956,2018,7,31,23,15,53,2018,8,1,0,40,4
5.938,0.04703987325059414,2018,7,31,23,16,31,2018,8,1,1,22,45
1.812,0.0343724312361682,2018,7,31,23,36,43,2018,8,1,0,29,26
8.928,0.08714494875549049,2018,7,31,23,54,7,2018,8,1,1,36,34
0.909,0.053786982248520715,2018,8,1,0,10,58,2018,8,1,0,27,52
15.793,0.04707536390282676,2018,8,1,0,18,11,2018,8,1,5,53,40
2.906,0.07551320918146384,2018,8,1,0,25,42,2018,8,1,1,4,11
16.784,0.028438620767558105,2018,8,1,0,27,21,2018,8,1,10,17,32
1.287,0.06738219895287957,2018,8,1,0,43,46,2018,8,1,1,2,52
13.959,0.026587727373734167,2018,8,1,1,23,22,2018,8,1,10,8,23
2.24,0.10803858520900322,2018,8,1,1,34,55,2018,8,1,1,55,39
4.616,0.09842217484008528,2018,8,1,1,38,49,2018,8,1,2,25,43
6.006,0.04859223300970874,2018,8,1,1,58,26,2018,8,1,4,2,2
21.818,0.10000611153552331,2018,8,1,2,24,33,2018,8,1,6,2,43
14.504,0.09369509043927647,2018,8,1,2,40,17,2018,8,1,5,15,5
31.707,0.08187381649165089,2018,8,1,2,53,44,2018,8,1,9,21,0
2.51,0.031638655462184875,2018,8,1,3,4,4,2018,8,1,4,23,24
11.698,0.10052706960756232,2018,8,1,3,4,6,2018,8,1,5,0,28
6.643,0.051370021910039955,2018,8,1,3,16,34,2018,8,1,5,25,53
16.706,0.05513834644369877,2018,8,1,3,44,13,2018,8,1,8,47,12
32.347,0.08626250055558025,2018,8,1,4,0,35,2018,8,1,10,15,34
13.595,0.0937155330882353,2018,8,1,4,14,24,2018,8,1,6,39,28
1.29,0.08295819935691318,2018,8,1,4,15,7,2018,8,1,4,30,40
4.201,0.09724537037037036,2018,8,1,4,26,44,2018,8,1,5,9,56
12.356,0.041668165467625896,2018,8,1,11,52,58,2018,8,1,16,49,30
13.893,0.08794893437434058,2018,8,1,13,16,38,2018,8,1,15,54,36
13.953,0.041632105027599585,2018,8,1,13,27,26,2018,8,1,19,2,35
10.835,0.020515005206854117,2018,8,1,14,8,27,2018,8,1,22,56,36
14.115,0.05797905113986445,2018,8,1,14,12,12,2018,8,1,18,15,39
14.99,0.046934196107081355,2018,8,1,14,17,7,2018,8,1,19,36,30
5.361,0.10399612027158099,2018,8,1,14,33,45,2018,8,1,15,25,18
13.999,0.021904240337975278,2018,8,1,14,37,33,2018,8,2,1,16,39
10.092,0.04584494245911569,2018,8,1,14,43,22,2018,8,1,18,23,30
23.525,0.04173072374645222,2018,8,1,14,49,20,2018,8,2,0,13,4
2.486,0.031933204881181766,2018,8,1,14,51,11,2018,8,1,16,9,2
6.486,0.043520465220308654,2018,8,1,15,9,50,2018,8,1,17,38,52
11.101,0.04109705682729685,2018,8,1,15,11,16,2018,8,1,19,41,23
9.23,0.045337699549733934,2018,8,1,15,18,13,2018,8,1,18,41,48
1.358,0.0025797872340425536,2018,8,1,15,20,11,2018,8,2,0,6,35
7.417,0.04449310137972406,2018,8,1,15,24,40,2018,8,1,18,11,22
4.874,0.009402913089611265,2018,8,1,15,27,1,2018,8,2,0,5,22
6.001,0.03913695652173913,2018,8,1,15,27,20,2018,8,1,18,0,40
4.644,0.011335123260922626,2018,8,1,15,37,3,2018,8,1,22,26,45
5.163,0.03994584139264991,2018,8,1,15,37,16,2018,8,1,17,46,31
13.898,0.027589081885856077,2018,8,1,15,49,23,2018,8,2,0,13,8
6.524,0.03311955326169727,2018,8,1,15,49,50,2018,8,1,19,6,49
3.932,0.04574752763234438,2018,8,1,15,50,3,2018,8,1,17,16,0
20.327,0.03792940444720884,2018,8,1,15,53,2,2018,8,2,0,48,57
9.543,0.017057824649209043,2018,8,1,15,55,36,2018,8,2,1,15,3
1.917,0.0049947889525794684,2018,8,1,16,11,2,2018,8,1,22,34,50
2.0,0.032388663967611336,2018,8,1,16,14,50,2018,8,1,17,16,35
4.669,0.041106382978723405,2018,8,1,16,18,53,2018,8,1,18,12,28
12.985,0.037621324062002026,2018,8,1,16,26,22,2018,8,1,22,11,31
33.813,0.053621778776265366,2018,8,1,16,27,31,2018,8,2,2,58,6
11.206,0.030252418447694034,2018,8,1,16,27,36,2018,8,1,22,38,1
10.49,0.02843974515385658,2018,8,1,16,29,15,2018,8,1,22,38,6
2.615,0.02830597149558001,2018,8,1,16,29,18,2018,8,1,18,1,41
11.217,0.028873825560942125,2018,8,1,16,33,57,2018,8,1,23,2,26
11.617,0.029302560221969986,2018,8,1,16,44,35,2018,8,1,23,21,2
5.331,0.0360608793686584,2018,8,1,16,49,8,2018,8,1,19,16,58
9.569,0.03245195568618585,2018,8,1,17,9,29,2018,8,1,22,4,21
7.274,0.02718744159970099,2018,8,1,17,15,45,2018,8,1,21,43,18
16.485,0.03497648431698434,2018,8,1,17,15,47,2018,8,2,1,7,6
12.572,0.028283464566929133,2018,8,1,17,18,22,2018,8,2,0,42,52
2.272,0.014023248636971502,2018,8,1,17,33,54,2018,8,1,20,15,55
5.882,0.02206991432680883,2018,8,1,17,43,16,2018,8,1,22,9,47
13.516,0.030783480109322806,2018,8,1,18,17,44,2018,8,2,1,36,48
12.442,0.035905920831128854,2018,8,1,18,34,14,2018,8,2,0,20,45
7.283,0.02902171747360032,2018,8,1,18,58,5,2018,8,1,23,9,2
15.424,0.04299772336570181,2018,8,1,19,13,38,2018,8,2,1,12,21
1.954,0.026663634296110985,2018,8,1,19,20,38,2018,8,1,20,33,55
5.116,0.028722747263029848,2018,8,1,19,40,3,2018,8,1,22,38,10
9.022,0.029015866209262435,2018,8,1,19,49,24,2018,8,2,1,0,20
2.697,0.030694233687405162,2018,8,1,19,52,12,2018,8,1,21,20,4
1.59,0.024734249416645062,2018,8,1,20,15,57,2018,8,1,21,20,14
1.682,0.004059696689327809,2018,8,1,20,20,35,2018,8,2,3,14,54
2.644,0.03741509433962264,2018,8,1,20,47,12,2018,8,1,21,57,52
6.327,0.038183464091732046,2018,8,1,21,23,56,2018,8,2,0,9,38
5.294,0.038113750899928,2018,8,1,21,45,57,2018,8,2,0,4,51
4.636,0.032116383789400765,2018,8,1,22,28,21,2018,8,2,0,52,42
0.799,0.028810096153846155,2018,8,1,23,4,54,2018,8,1,23,32,38
11.225,0.05304820415879017,2018,8,1,23,23,49,2018,8,2,2,55,25
2.01,0.030037359900373595,2018,8,1,23,28,13,2018,8,2,0,35,8
2.215,0.03764872521246459,2018,8,1,23,50,12,2018,8,2,0,49,2
3.096,0.04301991662806855,2018,8,1,23,59,48,2018,8,2,1,11,46
9.018,0.0975974025974026,2018,8,2,0,31,17,2018,8,2,2,3,41
21.237,0.09516206123973114,2018,8,2,1,5,47,2018,8,2,4,48,57
5.552,0.09086743044189852,2018,8,2,1,6,12,2018,8,2,2,7,18
24.583,0.10862213712349951,2018,8,2,1,30,26,2018,8,2,5,16,45
2.788,0.10723076923076923,2018,8,2,1,49,3,2018,8,2,2,15,3
16.546,0.02898738612473721,2018,8,2,1,51,41,2018,8,2,11,22,29
1.43,0.10902160101651842,2018,8,2,1,53,12,2018,8,2,2,6,19
8.782,0.052087781731909845,2018,8,2,2,0,8,2018,8,2,4,48,44
6.011,0.04896280206353516,2018,8,2,2,16,54,2018,8,2,4,19,40
4.838,0.09705115346038114,2018,8,2,2,19,13,2018,8,2,3,9,4
6.938,0.05543009320905459,2018,8,2,2,39,47,2018,8,2,4,44,57
6.463,0.10033117723156533,2018,8,2,2,53,2,2018,8,2,3,57,27
6.686,0.05398465886152604,2018,8,2,3,17,39,2018,8,2,5,21,30
21.122,0.10631879194630874,2018,8,2,3,19,24,2018,8,2,6,38,4
16.587,0.05674972914409534,2018,8,2,3,21,23,2018,8,2,8,13,40
13.901,0.10463680843056078,2018,8,2,3,23,20,2018,8,2,5,36,11
2.035,0.05737781954887218,2018,8,2,5,37,40,2018,8,2,6,13,8
16.509,0.035161691100777395,2018,8,2,5,52,53,2018,8,2,13,42,24
9.001,0.05582592516022328,2018,8,2,6,30,37,2018,8,2,9,11,51
3.268,0.04736231884057971,2018,8,2,7,44,40,2018,8,2,8,53,40
3.138,0.05176794061039318,2018,8,2,12,9,16,2018,8,2,13,9,53
11.848,0.060351472960353175,2018,8,2,13,48,58,2018,8,2,17,5,17
14.071,0.06451627693718477,2018,8,2,14,2,45,2018,8,2,17,40,51
26.378,0.04482623842297561,2018,8,2,14,18,4,2018,8,3,0,6,31
11.656,0.04462765618020548,2018,8,2,14,29,46,2018,8,2,18,50,57
4.519,0.06257558273713362,2018,8,2,14,31,16,2018,8,2,15,43,29
10.188,0.018702729164117,2018,8,2,14,33,38,2018,8,2,23,38,22
13.896,0.04635863219349458,2018,8,2,14,35,19,2018,8,2,19,35,4
10.327,0.05499911237351322,2018,8,2,14,38,46,2018,8,2,17,46,32
7.389,0.058021201413427564,2018,8,2,15,1,1,2018,8,2,17,8,22
8.294,0.016531791907514453,2018,8,2,15,1,28,2018,8,2,23,23,10
1.403,0.0037101679227819653,2018,8,2,15,12,11,2018,8,2,21,30,20
9.839,0.01826038541247796,2018,8,2,15,13,52,2018,8,3,0,12,41
9.082,0.04558092848180678,2018,8,2,15,18,42,2018,8,2,18,37,57
4.886,0.03913496195434522,2018,8,2,15,22,17,2018,8,2,17,27,8
1.029,0.07112903225806451,2018,8,2,15,23,55,2018,8,2,15,38,23
9.169,0.036529880478087653,2018,8,2,15,30,28,2018,8,2,19,41,28
0.6,0.022900763358778626,2018,8,2,15,31,1,2018,8,2,15,57,13
8.404,0.0276887595409368,2018,8,2,15,31,31,2018,8,2,20,35,2
15.865,0.03132692687421839,2018,8,2,15,33,9,2018,8,2,23,59,35
6.81,0.012843805991261432,2018,8,2,15,35,8,2018,8,3,0,25,21
2.892,0.03933801858988891,2018,8,2,15,38,19,2018,8,2,16,51,50
4.866,0.011492225939775634,2018,8,2,15,39,3,2018,8,2,22,42,28
2.357,0.042919575113808804,2018,8,2,15,45,46,2018,8,2,16,40,41
11.816,0.03261535630491788,2018,8,2,15,48,26,2018,8,2,21,50,43
13.862,0.04067488262910798,2018,8,2,15,53,19,2018,8,2,21,34,7
3.819,0.042020905923344946,2018,8,2,16,0,33,2018,8,2,17,31,26
10.264,0.029536690647482013,2018,8,2,16,4,6,2018,8,2,21,51,36
15.254,0.03209116409537167,2018,8,2,16,10,50,2018,8,3,0,6,10
10.59,0.029375866851595007,2018,8,2,16,17,23,2018,8,2,22,17,53
6.779,0.02145026895897057,2018,8,2,16,18,45,2018,8,2,21,34,47
1.892,0.030623145400593473,2018,8,2,16,20,56,2018,8,2,17,22,43
3.938,0.0443801652892562,2018,8,2,16,26,30,2018,8,2,17,55,14
6.915,0.033759153783563874,2018,8,2,16,39,3,2018,8,2,20,3,53
4.338,0.03087910784197414,2018,8,2,16,53,9,2018,8,2,19,13,38
1.842,0.03805785123966943,2018,8,2,16,53,23,2018,8,2,17,41,47
6.852,0.02867945587722358,2018,8,2,16,57,6,2018,8,2,20,56,1
18.263,0.03937971681161504,2018,8,2,17,0,36,2018,8,3,0,44,22
11.173,0.029515255580504555,2018,8,2,17,7,9,2018,8,2,23,25,42
16.806,0.03698367870896754,2018,8,2,17,8,21,2018,8,3,0,42,46
14.388,0.03753880940992303,2018,8,2,17,10,52,2018,8,2,23,34,9
7.757,0.026941823444283645,2018,8,2,17,12,54,2018,8,2,22,0,49
10.991,0.03657165039929015,2018,8,2,17,35,2,2018,8,2,22,35,34
7.134,0.03768621236133122,2018,8,2,17,53,46,2018,8,2,21,3,4
13.916,0.03150673559488321,2018,8,2,17,59,34,2018,8,3,1,21,15
8.493,0.03261520737327189,2018,8,2,18,42,10,2018,8,2,23,2,34
0.802,0.03439599714081487,2018,8,2,18,53,51,2018,8,2,19,17,10
45.398,0.07015969503399959,2018,8,2,19,3,5,2018,8,3,5,50,9
9.38,0.036583463338533545,2018,8,2,19,6,1,2018,8,2,23,22,25
5.023,0.03169418445683037,2018,8,2,19,34,34,2018,8,2,22,13,3
12.577,0.0462106552357624,2018,8,2,19,37,13,2018,8,3,0,9,23
2.933,0.02507552009119407,2018,8,2,19,42,16,2018,8,2,21,39,14
9.357,0.03498379860418744,2018,8,2,20,6,11,2018,8,3,0,33,39
2.345,0.02860919072793819,2018,8,2,21,2,33,2018,8,2,22,24,31
7.252,0.03503945885005637,2018,8,2,21,21,28,2018,8,3,0,48,26
7.87,0.08021063359945643,2018,8,2,23,21,24,2018,8,3,0,59,31
9.55,0.07865477007549761,2018,8,3,0,16,21,2018,8,3,2,17,46
10.749,0.08266341963599078,2018,8,3,0,20,11,2018,8,3,2,30,13
12.661,0.08425687666370896,2018,8,3,0,20,53,2018,8,3,2,51,9
14.96,0.0550202280250092,2018,8,3,0,30,29,2018,8,3,5,2,23
14.402,0.05362874697449264,2018,8,3,0,34,27,2018,8,3,5,3,0
3.547,0.08871196331804919,2018,8,3,0,41,52,2018,8,3,1,21,51
4.684,0.05041076233183856,2018,8,3,1,6,38,2018,8,3,2,39,33
7.047,0.10460663038099952,2018,8,3,1,12,31,2018,8,3,2,19,53
6.323,0.054430416068866574,2018,8,3,1,17,45,2018,8,3,3,13,55
7.918,0.048716160787530764,2018,8,3,1,29,15,2018,8,3,4,11,47
1.014,0.08581100141043724,2018,8,3,1,46,24,2018,8,3,1,58,13
11.183,0.0905261737722612,2018,8,3,1,46,47,2018,8,3,3,50,19
10.14,0.05607890128122408,2018,8,3,1,58,4,2018,8,3,4,58,53
2.473,0.031999137373301706,2018,8,3,2,12,33,2018,8,3,3,29,50
2.906,0.10390941597139453,2018,8,3,2,14,47,2018,8,3,2,42,45
6.55,0.051622225141205826,2018,8,3,2,52,5,2018,8,3,4,58,58
6.058,0.04824528802760818,2018,8,3,2,58,38,2018,8,3,5,4,12
1.791,0.10422890397672162,2018,8,3,3,4,17,2018,8,3,3,21,28
8.216,0.10382476832350461,2018,8,3,3,5,19,2018,8,3,4,24,27
6.707,0.053328915981977205,2018,8,3,3,13,3,2018,8,3,5,18,49
4.679,0.1082684149633629,2018,8,3,3,14,17,2018,8,3,3,57,30
7.644,0.10878557874762809,2018,8,3,3,21,26,2018,8,3,4,31,42
13.457,0.1021921275787875,2018,8,3,3,42,27,2018,8,3,5,54,8
12.305,0.05166911610329624,2018,8,3,11,45,5,2018,8,3,15,43,14
0.722,0.10388489208633093,2018,8,3,12,22,58,2018,8,3,12,29,55
2.215,0.10752427184466018,2018,8,3,12,23,55,2018,8,3,12,44,31
8.063,0.09909463334698895,2018,8,3,12,56,43,2018,8,3,14,18,5
4.013,0.04996472297157087,2018,8,3,13,17,23,2018,8,3,14,37,42
12.896,0.04953649167733675,2018,8,3,13,51,20,2018,8,3,18,11,40
15.841,0.0822126113657988,2018,8,3,13,58,14,2018,8,3,17,10,55
13.92,0.02178062900954467,2018,8,3,14,20,2,2018,8,4,0,59,8
8.149,0.06225362872421695,2018,8,3,14,28,30,2018,8,3,16,39,24
15.439,0.07134473197781885,2018,8,3,14,31,33,2018,8,3,18,7,57
3.573,0.05205925206410879,2018,8,3,14,36,6,2018,8,3,15,44,44
8.704,0.040489998449372,2018,8,3,15,4,10,2018,8,3,18,39,8
3.139,0.047656882591093117,2018,8,3,15,6,29,2018,8,3,16,12,21
6.083,0.040770777479892766,2018,8,3,15,9,3,2018,8,3,17,38,15
4.93,0.039715359828141776,2018,8,3,15,26,40,2018,8,3,17,30,48
1.956,0.043971524915698765,2018,8,3,15,27,49,2018,8,3,16,12,18
11.767,0.04442612635288195,2018,8,3,15,29,47,2018,8,3,19,54,39
13.294,0.026168432794199666,2018,8,3,15,39,49,2018,8,4,0,7,50
7.216,0.04324842673059635,2018,8,3,15,41,49,2018,8,3,18,28,40
5.854,0.05047276907601667,2018,8,3,15,43,19,2018,8,3,17,39,18
6.127,0.011577124141840396,2018,8,3,15,44,22,2018,8,4,0,33,36
14.45,0.029796886276935764,2018,8,3,15,48,9,2018,8,3,23,53,6
13.413,0.039732411750185145,2018,8,3,15,48,47,2018,8,3,21,26,22
15.284,0.04202172020345508,2018,8,3,15,57,18,2018,8,3,22,1,1
17.338,0.0371502035568888,2018,8,3,16,0,27,2018,8,3,23,47,9
4.234,0.008407188006751167,2018,8,3,16,12,22,2018,8,4,0,35,59
8.837,0.03163603818615752,2018,8,3,16,12,58,2018,8,3,20,52,18
2.249,0.03286410131514856,2018,8,3,16,27,44,2018,8,3,17,36,10
4.122,0.038320421444065694,2018,8,3,16,34,53,2018,8,3,18,22,27
9.648,0.01875036439607424,2018,8,3,16,35,2,2018,8,4,1,9,35
4.174,0.033153296266878476,2018,8,3,16,44,52,2018,8,3,18,50,46
15.37,0.036187411709307796,2018,8,3,16,46,35,2018,8,3,23,51,19
3.855,0.03684881312729011,2018,8,3,16,56,6,2018,8,3,18,40,43
13.405,0.031811889411857766,2018,8,3,16,56,53,2018,8,3,23,58,16
7.312,0.03726492822560095,2018,8,3,17,0,16,2018,8,3,20,16,29
9.394,0.035223097112860896,2018,8,3,17,11,15,2018,8,3,21,37,57
17.908,0.03626202288144174,2018,8,3,17,11,26,2018,8,4,1,25,17
7.573,0.030908101489694577,2018,8,3,17,21,23,2018,8,3,21,26,24
6.548,0.04478796169630643,2018,8,3,17,24,6,2018,8,3,19,50,18
14.967,0.037830482770241806,2018,8,3,17,38,8,2018,8,4,0,13,46
5.574,0.013819263666790628,2018,8,3,17,47,51,2018,8,4,0,31,12
3.058,0.01117690058479532,2018,8,3,18,24,26,2018,8,3,22,58,2
13.236,0.039002062665749924,2018,8,3,18,29,12,2018,8,4,0,8,34
3.339,0.03631979695431472,2018,8,3,19,28,13,2018,8,3,21,0,9
0.89,0.029983155530600786,2018,8,3,19,30,40,2018,8,3,20,0,21
4.692,0.028577809359455895,2018,8,3,19,32,56,2018,8,3,22,17,7
2.047,0.03209302325581396,2018,8,3,19,34,55,2018,8,3,20,38,42
1.452,0.04285292670929661,2018,8,3,19,44,12,2018,8,3,20,18,5
2.058,0.00850999310820124,2018,8,3,19,44,54,2018,8,3,23,46,44
7.675,0.03739645931460127,2018,8,3,20,17,34,2018,8,3,23,42,48
5.854,0.028362403100775195,2018,8,3,20,23,14,2018,8,3,23,49,38
12.275,0.043435951875442316,2018,8,3,20,45,27,2018,8,4,1,28,3
1.901,0.03076881575397896,2018,8,3,21,29,39,2018,8,3,22,31,26
1.313,0.028025613660618995,2018,8,3,21,43,26,2018,8,3,22,30,17
2.354,0.04238895558223289,2018,8,3,21,59,11,2018,8,3,22,54,43
9.094,0.04758350047963721,2018,8,3,22,22,53,2018,8,4,1,34,0
6.463,0.04216833405828621,2018,8,3,22,36,9,2018,8,4,1,9,25
4.395,0.04141667975498665,2018,8,3,23,0,8,2018,8,4,0,46,15
7.97,0.0650789330430049,2018,8,3,23,0,38,2018,8,4,1,3,6
11.894,0.05328853046594982,2018,8,3,23,11,27,2018,8,4,2,54,39
5.725,0.04873031635693006,2018,8,3,23,21,52,2018,8,4,1,19,21
0.652,0.03461946902654867,2018,8,3,23,28,10,2018,8,3,23,47,0
5.028,0.06903432494279176,2018,8,3,23,54,10,2018,8,4,1,7,0
1.675,0.06238361266294227,2018,8,3,23,58,50,2018,8,4,0,25,41
1.231,0.023848886018727804,2018,8,4,0,14,44,2018,8,4,1,6,21
13.892,0.05611795596849121,2018,8,4,0,16,5,2018,8,4,4,23,38
3.679,0.05670177241202157,2018,8,4,0,27,45,2018,8,4,1,32,38
7.684,0.09774008903964385,2018,8,4,0,30,45,2018,8,4,1,49,22
12.703,0.0746796002351558,2018,8,4,0,39,41,2018,8,4,3,29,47
13.67542611111111,0.010157659375167638,2018,8,4,1,0,9,2018,8,4,23,26,28
2.673,0.0765171755725191,2018,8,4,1,6,5,2018,8,4,1,41,1
14.263684722222225,0.0814602211434736,2018,8,4,1,20,54,2018,8,4,4,16,0
4.509,0.08013625592417062,2018,8,4,1,24,22,2018,8,4,2,20,38
11.224,0.09333887733887734,2018,8,4,1,29,40,2018,8,4,3,29,55
1.042,0.054554973821989525,2018,8,4,1,41,21,2018,8,4,2,0,27
13.237,0.04912295893122217,2018,8,4,1,49,5,2018,8,4,6,18,33
12.313,0.10907721836704562,2018,8,4,1,57,12,2018,8,4,3,50,5
4.389,0.05473706090209936,2018,8,4,2,2,18,2018,8,4,3,22,29
12.114,0.05238486486486487,2018,8,4,2,38,17,2018,8,4,6,29,32
6.652,0.05306035628822122,2018,8,4,2,44,24,2018,8,4,4,49,46
13.581,0.009231658132052385,2018,8,4,3,7,50,2018,8,5,3,38,58
13.919,0.053329501915708816,2018,8,4,3,33,14,2018,8,4,7,54,14
13.987,0.05176855221763001,2018,8,4,4,9,46,2018,8,4,8,39,57
6.175,0.10579668760708166,2018,8,4,4,12,29,2018,8,4,5,10,51
10.507,0.10125602312881464,2018,8,4,4,29,28,2018,8,4,6,13,14
1.526,0.06683211678832117,2018,8,4,4,47,59,2018,8,4,5,10,49
1.012,0.07865284974093265,2018,8,4,5,14,33,2018,8,4,5,27,25
13.223,0.024735923177651678,2018,8,4,5,44,54,2018,8,4,14,39,28
6.089,0.05148534385569335,2018,8,4,6,0,39,2018,8,4,7,58,55
9.886,0.10867717112495419,2018,8,4,6,30,25,2018,8,4,8,1,23
18.614,0.09637069634998706,2018,8,4,7,8,50,2018,8,4,10,21,59
3.822,0.05552542372881356,2018,8,4,7,13,45,2018,8,4,8,22,35
13.192,0.03201294236602629,2018,8,4,7,45,10,2018,8,4,14,37,15
13.226,0.05463407917383821,2018,8,4,8,19,11,2018,8,4,12,21,16
10.874,0.07384719864176571,2018,8,4,13,42,13,2018,8,4,16,9,28
2.411,0.03356380510440835,2018,8,4,14,6,9,2018,8,4,15,17,59
13.266,0.05704988532110092,2018,8,4,14,38,34,2018,8,4,18,31,6
6.247,0.05789620018535681,2018,8,4,14,55,52,2018,8,4,16,43,46
7.646,0.11030536186583313,2018,8,4,14,58,57,2018,8,4,16,8,16
7.131,0.10448351648351649,2018,8,4,15,1,32,2018,8,4,16,9,47
3.91,0.04937907808882341,2018,8,4,15,21,0,2018,8,4,16,40,11
2.085,0.05353016688061617,2018,8,4,16,28,23,2018,8,4,17,7,20
3.371,0.1097449810092241,2018,8,4,16,29,33,2018,8,4,17,0,16
13.974,0.05286173633440514,2018,8,4,16,38,31,2018,8,4,21,2,52
13.951,0.03310238462451062,2018,8,4,16,47,11,2018,8,4,23,48,38
8.167,0.09646062992125984,2018,8,4,16,54,55,2018,8,4,18,19,35
3.579,0.10025210084033613,2018,8,4,17,6,41,2018,8,4,17,42,23
13.195,0.05122282608695652,2018,8,4,17,28,4,2018,8,4,21,45,40
13.206,0.04670832350860646,2018,8,4,17,53,56,2018,8,4,22,36,40
13.209,0.055329516894722146,2018,8,4,18,4,12,2018,8,4,22,2,56
13.93,0.09037629757785468,2018,8,4,18,26,51,2018,8,4,21,0,59
13.916,0.1073489328876318,2018,8,4,18,43,43,2018,8,4,20,53,21
7.984,0.01996748780792797,2018,8,4,18,43,58,2018,8,5,1,23,49
13.477,0.10604852459016394,2018,8,4,18,49,15,2018,8,4,20,56,20
14.094,0.023792695965336782,2018,8,4,18,55,10,2018,8,5,4,47,32
13.901,0.0712141393442623,2018,8,4,19,7,28,2018,8,4,22,22,40
14.083,0.022623293172690764,2018,8,4,19,25,3,2018,8,5,5,47,33
13.197,0.10406360888421606,2018,8,4,20,12,37,2018,8,4,22,19,26
4.428,0.054209345031626194,2018,8,4,20,42,48,2018,8,4,22,4,29
0.607,0.09737967914438503,2018,8,4,21,25,11,2018,8,4,21,31,25
3.905,0.10326134861172322,2018,8,4,21,43,39,2018,8,4,22,21,28
11.489,0.09990434782608697,2018,8,4,21,58,33,2018,8,4,23,53,33
6.325,0.05169595422966899,2018,8,4,22,4,22,2018,8,5,0,6,43
4.432,0.05040181956027294,2018,8,4,22,47,9,2018,8,5,0,15,5
13.884,0.05343768041567772,2018,8,4,22,58,59,2018,8,5,3,18,48
8.577,0.10323370110330994,2018,8,4,23,5,17,2018,8,5,0,28,22
2.254,0.050861226024821356,2018,8,4,23,6,17,2018,8,4,23,50,36
2.585,0.03205207687538748,2018,8,4,23,13,31,2018,8,5,0,34,10
11.186,0.05415637860082304,2018,8,4,23,24,49,2018,8,5,2,51,22
8.707,0.10876951905059339,2018,8,4,23,27,31,2018,8,5,0,47,34
3.339,0.05274881516587678,2018,8,4,23,27,39,2018,8,5,0,30,57
14.123,0.04550179885088332,2018,8,4,23,30,31,2018,8,5,4,40,54
2.618,0.03380972879896685,2018,8,4,23,38,28,2018,8,5,0,55,54
13.989,0.0124170069234866,2018,8,4,23,47,47,2018,8,5,18,34,23
0.632,0.10248648648648648,2018,8,5,0,11,15,2018,8,5,0,17,25
13.154,0.1031551431185466,2018,8,5,0,19,38,2018,8,5,2,27,9
6.115,0.050034092458748125,2018,8,5,0,34,53,2018,8,5,2,37,6
14.057,0.04857850478055523,2018,8,5,0,43,56,2018,8,5,5,33,18
1.268,0.09854922279792745,2018,8,5,1,45,26,2018,8,5,1,58,18
1.858,0.10162260711030081,2018,8,5,2,28,10,2018,8,5,2,46,27
13.204,0.0735121091212768,2018,8,5,3,27,23,2018,8,5,6,27,0
3.593,0.047203853733304144,2018,8,5,4,30,55,2018,8,5,5,47,2
3.45,0.10786868160500261,2018,8,5,5,32,11,2018,8,5,6,4,10
11.186,0.10639822447685478,2018,8,5,5,42,49,2018,8,5,7,27,57
13.211,0.09841817730320339,2018,8,5,6,2,7,2018,8,5,8,16,21
1.33,0.1076923076923077,2018,8,5,8,4,46,2018,8,5,8,17,7
6.044,0.04911159263271939,2018,8,5,8,15,15,2018,8,5,10,18,19
3.385,0.10447530864197531,2018,8,5,14,5,49,2018,8,5,14,38,13
13.898,0.10038280967858433,2018,8,5,14,8,26,2018,8,5,16,26,53
3.67,0.05615914307574599,2018,8,5,15,5,5,2018,8,5,16,10,26
13.204,0.1063552154651631,2018,8,5,15,33,20,2018,8,5,17,37,29
5.748,0.05059116913598358,2018,8,5,15,39,44,2018,8,5,17,33,21
13.286,0.07060761736049602,2018,8,5,16,29,3,2018,8,5,19,37,13
6.776,0.02114746423927178,2018,8,5,16,54,25,2018,8,5,22,14,50
13.878,0.10343850931677019,2018,8,5,16,56,37,2018,8,5,19,10,47
13.988,0.07720356912887498,2018,8,5,16,57,25,2018,8,5,19,58,36
1.687,0.08435000000000001,2018,8,5,17,44,55,2018,8,5,18,4,55
1.578,0.02941286113699907,2018,8,5,18,2,31,2018,8,5,18,56,10
10.914,0.06663003663003662,2018,8,5,18,20,38,2018,8,5,21,4,26
13.872,0.09160466651992076,2018,8,5,18,34,38,2018,8,5,21,6,4
9.977,0.09810226155358899,2018,8,5,18,36,25,2018,8,5,20,18,7
3.164,0.10879083094555875,2018,8,5,18,39,6,2018,8,5,19,8,11
13.298,0.08147452261819667,2018,8,5,18,48,37,2018,8,5,21,31,50
11.983,0.10509866978511914,2018,8,5,18,57,56,2018,8,5,20,51,57
11.266,0.06780619921757448,2018,8,5,19,12,10,2018,8,5,21,58,19
4.31,0.05102604577742699,2018,8,5,19,14,20,2018,8,5,20,38,48
13.883,0.05450013085579691,2018,8,5,19,26,30,2018,8,5,23,41,14
13.196,0.05110766847405113,2018,8,5,19,36,30,2018,8,5,23,54,42
5.365,0.0925,2018,8,5,19,43,43,2018,8,5,20,41,43
5.224,0.050932726681832956,2018,8,5,19,54,3,2018,8,5,21,36,37
0.779,0.097375,2018,8,5,20,24,55,2018,8,5,20,32,55
1.13,0.10694006309148264,2018,8,5,20,33,32,2018,8,5,20,44,6
6.449,0.05355570934256055,2018,8,5,20,40,54,2018,8,5,22,41,19
9.629,0.053923837969012504,2018,8,5,20,41,19,2018,8,5,23,39,53
3.051,0.10255462184873951,2018,8,5,20,47,32,2018,8,5,21,17,17
1.381,0.11258152173913043,2018,8,5,20,54,21,2018,8,5,21,6,37
13.877,0.10114431486880468,2018,8,5,21,5,25,2018,8,5,23,22,37
1.076,0.031158301158301163,2018,8,5,21,33,3,2018,8,5,22,7,35
11.884,0.09170932475884244,2018,8,5,22,1,0,2018,8,6,0,10,35
0.667,0.10261538461538462,2018,8,5,22,9,30,2018,8,5,22,16,0
5.039,0.04610950129632454,2018,8,5,22,14,35,2018,8,6,0,3,52
4.289,0.09928240740740739,2018,8,5,22,27,5,2018,8,5,23,10,17
7.319,0.09691900242772016,2018,8,5,22,59,18,2018,8,6,0,14,49
34.056,0.09413368959321876,2018,8,5,23,1,22,2018,8,6,5,3,9
4.021,0.08992172940737979,2018,8,5,23,7,18,2018,8,5,23,52,1
13.877,0.08215293537247165,2018,8,5,23,7,55,2018,8,6,1,56,50
2.197,0.03474433315761729,2018,8,5,23,16,24,2018,8,6,0,19,38
6.22,0.06706199460916441,2018,8,5,23,54,4,2018,8,6,1,26,49
13.881,0.09218151632540121,2018,8,6,0,4,34,2018,8,6,2,35,9
42.98,0.10717759029134283,2018,8,6,0,6,41,2018,8,6,6,47,42
13.87,0.09374788779993241,2018,8,6,0,17,41,2018,8,6,2,45,38
12.897,0.09562778052397429,2018,8,6,1,35,27,2018,8,6,3,50,19
7.947,0.10504957038995373,2018,8,6,2,4,41,2018,8,6,3,20,20
13.194,0.025818276694279566,2018,8,6,2,45,33,2018,8,6,11,16,35
13.871,0.07007325082091438,2018,8,6,3,32,56,2018,8,6,6,50,53
3.886,0.05066492829204693,2018,8,6,3,37,37,2018,8,6,4,54,19
8.027,0.10420164430982258,2018,8,6,3,37,51,2018,8,6,4,54,53
4.177,0.10429463171036205,2018,8,6,3,39,43,2018,8,6,4,19,46
13.212,0.022528774831613946,2018,8,6,3,49,32,2018,8,6,13,35,59
2.111,0.10563803169307757,2018,8,6,3,51,35,2018,8,6,4,11,34
13.202,0.023378095209987307,2018,8,6,4,31,20,2018,8,6,13,56,3
1.089,0.10177570093457944,2018,8,6,5,49,51,2018,8,6,6,0,33
9.316,0.1115911359552805,2018,8,6,5,54,11,2018,8,6,7,17,40
6.15,0.051285615010423904,2018,8,6,6,48,41,2018,8,6,8,48,36
12.311,0.04576579925650558,2018,8,6,11,48,6,2018,8,6,16,17,6
1.145,0.09676056338028169,2018,8,6,12,16,21,2018,8,6,12,28,11
2.495,0.10026791694574683,2018,8,6,12,43,34,2018,8,6,13,8,27
6.659,0.09971050661342651,2018,8,6,12,52,59,2018,8,6,13,59,46
3.803,0.053362956033676336,2018,8,6,13,5,21,2018,8,6,14,16,37
1.832,0.09017227235438885,2018,8,6,13,35,21,2018,8,6,13,55,40
13.23,0.0465763069882063,2018,8,6,13,49,17,2018,8,6,18,33,20
1.263,0.10296195652173912,2018,8,6,14,0,50,2018,8,6,14,13,6
13.887,0.0797950584179276,2018,8,6,14,5,46,2018,8,6,16,59,48
13.522,0.043233507407012685,2018,8,6,14,6,53,2018,8,6,19,19,39
11.336,0.0448447286872816,2018,8,6,14,7,3,2018,8,6,18,19,50
3.363,0.08575435614109647,2018,8,6,14,14,36,2018,8,6,14,53,49
10.575,0.07689976972488181,2018,8,6,14,16,3,2018,8,6,16,33,34
13.205,0.0442897870199564,2018,8,6,14,17,42,2018,8,6,19,15,51
5.465,0.009364023188736898,2018,8,6,14,27,33,2018,8,7,0,11,10
6.417,0.04188186663765909,2018,8,6,14,38,56,2018,8,6,17,12,9
13.912,0.04491847387397084,2018,8,6,14,52,10,2018,8,6,20,1,53
10.601,0.0643069457082196,2018,8,6,14,58,41,2018,8,6,17,43,32
20.584,0.07924034389837034,2018,8,6,14,59,37,2018,8,6,19,19,23
13.244,0.04293494704992436,2018,8,6,15,14,57,2018,8,6,20,23,25
0.989,0.10769509981851179,2018,8,6,15,16,5,2018,8,6,15,25,16
6.507,0.04099328013439731,2018,8,6,15,16,49,2018,8,6,17,55,33
7.562,0.03921860143486905,2018,8,6,15,42,46,2018,8,6,18,55,35
13.874,0.03866778149386845,2018,8,6,15,44,15,2018,8,6,21,43,3
13.904,0.040516755706653716,2018,8,6,15,53,47,2018,8,6,21,36,57
13.636,0.03548423472264388,2018,8,6,15,54,48,2018,8,6,22,19,5
13.256,0.038976771537783006,2018,8,6,16,0,10,2018,8,6,21,40,16
13.219,0.039020958378431565,2018,8,6,16,0,52,2018,8,6,21,39,38
13.875,0.04056424499342201,2018,8,6,16,1,56,2018,8,6,21,43,59
9.218,0.035588443472106046,2018,8,6,16,2,17,2018,8,6,20,21,18
12.244,0.038472898664571875,2018,8,6,16,13,39,2018,8,6,21,31,54
5.108,0.03136307818256242,2018,8,6,16,15,30,2018,8,6,18,58,22
13.228,0.03711386485854571,2018,8,6,16,29,1,2018,8,6,22,25,26
5.606,0.028969081043837736,2018,8,6,16,29,34,2018,8,6,19,43,5
10.508,0.019206726375434104,2018,8,6,16,30,16,2018,8,7,1,37,22
50.525,0.09223817927341325,2018,8,6,16,38,9,2018,8,7,1,45,55
2.225,0.027418361059765865,2018,8,6,16,38,44,2018,8,6,17,59,53
1.855,0.02719276814072807,2018,8,6,16,50,55,2018,8,6,17,59,8
8.899,0.04485383064516128,2018,8,6,16,54,3,2018,8,6,20,12,27
13.871,0.029183673469387755,2018,8,6,17,3,11,2018,8,7,0,58,29
10.04,0.03755142750280513,2018,8,6,17,8,3,2018,8,6,21,35,25
13.401,0.03802421261704341,2018,8,6,17,16,32,2018,8,6,23,8,58
13.875,0.028782326095975662,2018,8,6,17,16,38,2018,8,7,1,18,42
13.863,0.04446356978671085,2018,8,6,17,42,57,2018,8,6,22,54,44
13.208,0.03385219991456642,2018,8,6,17,54,15,2018,8,7,0,24,25
10.177,0.047386310724817624,2018,8,6,19,4,50,2018,8,6,22,39,36
7.343,0.044966319657072866,2018,8,6,19,11,19,2018,8,6,21,54,37
13.87,0.06699943643828998,2018,8,6,20,1,18,2018,8,6,23,28,19
13.265,0.04217359050445103,2018,8,6,20,33,51,2018,8,7,1,48,23
21.369,0.10691627751834556,2018,8,6,20,33,53,2018,8,6,23,53,45
3.716,0.03932275132275132,2018,8,6,20,39,52,2018,8,6,22,14,22
2.769,0.06201567749160135,2018,8,6,21,16,55,2018,8,6,22,1,34
3.478,0.05475728155339806,2018,8,6,21,28,30,2018,8,6,22,32,1
4.3,0.05179682794619554,2018,8,6,21,29,5,2018,8,6,22,52,6
10.095,0.09037600716204118,2018,8,6,21,42,6,2018,8,6,23,33,48
7.052,0.05523038767784884,2018,8,6,21,43,39,2018,8,6,23,51,20
8.508,0.0920115356885364,2018,8,6,22,24,13,2018,8,6,23,56,41
9.13,0.11000000000000001,2018,8,6,22,50,33,2018,8,7,0,13,33
12.627,0.10978408926242574,2018,8,6,23,9,36,2018,8,7,1,4,37
2.207,0.054404272801972055,2018,8,6,23,29,4,2018,8,7,0,9,38
4.589,0.05353684619871671,2018,8,6,23,31,40,2018,8,7,0,57,23
5.844,0.049991445680068435,2018,8,6,23,32,13,2018,8,7,1,29,7
13.311,0.01777209105676584,2018,8,7,0,23,6,2018,8,7,12,52,5
2.531,0.032970039079461576,2018,8,7,0,39,20,2018,8,7,1,56,6
5.681,0.054337637494022,2018,8,7,1,11,13,2018,8,7,2,55,46
5.108,0.10593847217421361,2018,8,7,1,16,50,2018,8,7,2,5,3
6.091,0.09579554390563565,2018,8,7,1,17,47,2018,8,7,2,21,22
14.009,0.09317592284669106,2018,8,7,1,20,26,2018,8,7,3,50,47
13.373,0.10529921259842519,2018,8,7,1,31,43,2018,8,7,3,38,43
3.871,0.10639486944571691,2018,8,7,1,48,54,2018,8,7,2,25,17
0.943,0.10555970149253731,2018,8,7,2,10,22,2018,8,7,2,19,18
1.951,0.03571079926784625,2018,8,7,2,34,5,2018,8,7,3,28,43
12.352,0.10512340425531916,2018,8,7,2,39,17,2018,8,7,4,36,47
6.155,0.09163771712158808,2018,8,7,2,41,43,2018,8,7,3,48,53
6.031,0.05124044180118946,2018,8,7,2,42,26,2018,8,7,4,40,8
13.889,0.08840865690642903,2018,8,7,3,6,0,2018,8,7,5,43,6
2.286,0.08492879256965943,2018,8,7,3,6,28,2018,8,7,3,33,23
13.199,0.04583781906581004,2018,8,7,3,19,19,2018,8,7,8,7,16
7.685,0.10728245695672405,2018,8,7,3,38,49,2018,8,7,4,50,27
6.823,0.054172290591504565,2018,8,7,3,49,55,2018,8,7,5,55,52
12.627,0.09790902041871286,2018,8,7,3,59,24,2018,8,7,6,8,22
4.562,0.10495398773006136,2018,8,7,4,5,37,2018,8,7,4,49,5
5.017,0.10121721587088096,2018,8,7,4,24,45,2018,8,7,5,14,19
13.197,0.10758423913043477,2018,8,7,5,15,7,2018,8,7,7,17,47
13.195,0.021997165958156206,2018,8,7,5,40,35,2018,8,7,15,40,26
7.427,0.05726291441788743,2018,8,7,5,42,1,2018,8,7,7,51,43
2.183,0.04385001673920321,2018,8,7,6,35,47,2018,8,7,7,25,34
12.412,0.02585294730264528,2018,8,7,11,46,27,2018,8,7,19,46,33
7.064,0.06671493782464977,2018,8,7,12,58,25,2018,8,7,14,44,18
12.171,0.022678177696344837,2018,8,7,13,18,22,2018,8,7,22,15,3
13.59703277777778,0.01956032335922765,2018,8,7,14,1,55,2018,8,8,1,37,3
13.894,0.06402764976958525,2018,8,7,14,4,39,2018,8,7,17,41,39
6.367,0.04607646845977566,2018,8,7,14,27,49,2018,8,7,16,46,0
4.395,0.007604244766134147,2018,8,7,14,31,18,2018,8,8,0,9,16
13.725,0.05829263113187513,2018,8,7,14,50,40,2018,8,7,18,46,7
13.897,0.05730721649484536,2018,8,7,14,52,57,2018,8,7,18,55,27
4.674,0.006486861584011844,2018,8,7,14,57,58,2018,8,8,2,58,30
1.791,0.030571834992887622,2018,8,7,15,9,24,2018,8,7,16,7,59
8.444,0.07752716143840857,2018,8,7,15,10,22,2018,8,7,16,59,17
13.618821944444443,0.04003181053628584,2018,8,7,15,11,27,2018,8,7,20,51,39
13.667335,0.02195614608155506,2018,8,7,15,13,25,2018,8,8,1,35,54
13.873,0.028683965677659466,2018,8,7,15,21,43,2018,8,7,23,25,22
8.545,0.053317387687188016,2018,8,7,15,24,50,2018,8,7,18,5,6
13.9,0.034958293163432116,2018,8,7,15,26,27,2018,8,7,22,4,4
6.395,0.039577101598762245,2018,8,7,15,29,15,2018,8,7,18,10,50
13.942,0.03573192089188843,2018,8,7,15,32,57,2018,8,7,22,3,8
6.875,0.01178369422384734,2018,8,7,15,46,37,2018,8,8,1,30,3
5.097,0.03819885086185361,2018,8,7,15,47,48,2018,8,7,18,1,14
1.767,0.03269195189639223,2018,8,7,15,54,44,2018,8,7,16,48,47
10.131,0.012506378075878528,2018,8,7,15,56,26,2018,8,8,5,26,30
4.447471624850433,0.007734733260609449,2018,8,7,15,58,42,2018,8,8,1,33,42
5.004369772998546,0.00893743857542305,2018,8,7,16,12,45,2018,8,8,1,32,41
12.346,0.011138075691280617,2018,8,7,16,16,26,2018,8,8,10,44,53
10.054,0.03883602652417434,2018,8,7,16,16,35,2018,8,7,20,35,28
3.964,0.03914417379855168,2018,8,7,16,21,10,2018,8,7,18,2,26
3.747,0.04321799307958477,2018,8,7,16,22,14,2018,8,7,17,48,56
5.06,0.038581776591688904,2018,8,7,16,25,10,2018,8,7,18,36,19
10.056,0.037899497487437185,2018,8,7,16,25,42,2018,8,7,20,51,2
4.927,0.021015141821283854,2018,8,7,16,27,40,2018,8,7,20,22,7
13.88,0.026948839918454523,2018,8,7,16,43,41,2018,8,8,1,18,44
10.749,0.03885648873358236,2018,8,7,16,54,15,2018,8,7,21,30,53
5.931,0.013664324386591407,2018,8,7,16,57,51,2018,8,8,0,11,54
8.603,0.027273591884180493,2018,8,7,16,58,19,2018,8,7,22,13,45
13.532,0.03556061667834618,2018,8,7,16,58,21,2018,8,7,23,18,53
23.567,0.05471578377123399,2018,8,7,17,4,42,2018,8,8,0,15,25
13.88,0.03670824701370829,2018,8,7,17,19,59,2018,8,7,23,38,6
10.833,0.02850289422908262,2018,8,7,17,20,34,2018,8,7,23,40,38
1.738,0.03292706030944111,2018,8,7,17,31,44,2018,8,7,18,24,31
7.667,0.03762021589793915,2018,8,7,18,0,14,2018,8,7,21,24,2
13.88,0.04114827807698009,2018,8,7,18,6,40,2018,8,7,23,43,59
12.016,0.027550154763269517,2018,8,7,18,34,2,2018,8,8,1,50,11
2.276,0.0332667478684531,2018,8,7,18,41,59,2018,8,7,19,50,24
5.451,0.015164835164835164,2018,8,7,18,45,17,2018,8,8,0,44,44
6.014,0.010739924995535449,2018,8,7,18,57,19,2018,8,8,4,17,17
13.828,0.041187450357426526,2018,8,7,19,2,50,2018,8,8,0,38,34
11.77080972222222,0.03085806717059174,2018,8,7,19,6,17,2018,8,8,1,27,44
13.883,0.03454914973040232,2018,8,7,19,39,33,2018,8,8,2,21,23
1.085,0.005856423173803526,2018,8,7,19,53,7,2018,8,7,22,58,23
6.866,0.0390853889943074,2018,8,7,19,55,45,2018,8,7,22,51,25
9.599,0.03647729431882957,2018,8,7,20,26,58,2018,8,8,0,50,7
5.626,0.042327272727272734,2018,8,7,20,31,59,2018,8,7,22,44,54
7.25,0.03958143767060965,2018,8,7,21,49,58,2018,8,8,0,53,8
4.702,0.023559081419624216,2018,8,7,23,33,31,2018,8,8,2,53,6
3.107,0.03346257404415725,2018,8,8,1,10,44,2018,8,8,2,43,35
2.451,0.02365449573749397,2018,8,8,1,23,50,2018,8,8,3,7,27
12.304,0.10260458651841556,2018,8,8,2,36,34,2018,8,8,4,36,29
0.83,0.1004032258064516,2018,8,8,2,41,22,2018,8,8,2,49,38
13.871,0.10629118773946361,2018,8,8,3,1,6,2018,8,8,5,11,36
13.99,0.06277295842058031,2018,8,8,3,3,2,2018,8,8,6,45,54
9.223,0.10711962833914054,2018,8,8,3,16,2,2018,8,8,4,42,8
6.52,0.05289345592212006,2018,8,8,3,16,34,2018,8,8,5,19,50
4.321,0.09677491601343785,2018,8,8,4,9,21,2018,8,8,4,54,0
13.188,0.0265369910792139,2018,8,8,4,44,26,2018,8,8,13,1,24
47.489,0.0781111903064861,2018,8,8,5,15,27,2018,8,8,15,23,25
13.202,0.020799285789307845,2018,8,8,5,17,52,2018,8,8,15,52,36
5.177,0.09734252585396427,2018,8,8,5,27,47,2018,8,8,6,20,58
6.925,0.02036764705882353,2018,8,8,5,28,5,2018,8,8,11,8,5
6.286,0.04632846087704213,2018,8,8,8,26,59,2018,8,8,10,42,40
12.233,0.026645610978000434,2018,8,8,11,55,31,2018,8,8,19,34,37
3.012,0.11006090133982947,2018,8,8,12,38,32,2018,8,8,13,5,54
12.491,0.024183930300096804,2018,8,8,13,25,36,2018,8,8,22,2,6
5.007,0.08361258001669913,2018,8,8,13,49,48,2018,8,8,14,49,41
3.436,0.05468435013262599,2018,8,8,13,52,43,2018,8,8,14,55,33
15.383,0.06905431692353732,2018,8,8,14,0,28,2018,8,8,17,43,14
14.575,0.038058142571155015,2018,8,8,14,3,33,2018,8,8,20,26,31
2.709,0.005041406904252349,2018,8,8,14,4,18,2018,8,8,23,1,39
13.894,0.03297757031528146,2018,8,8,14,25,0,2018,8,8,21,26,19
4.6,0.007846481876332622,2018,8,8,14,28,44,2018,8,9,0,14,59
6.961,0.016791701845374502,2018,8,8,14,45,27,2018,8,8,21,40,0
12.01,0.025152710391287653,2018,8,8,14,50,37,2018,8,8,22,48,6
1.71,0.030810810810810812,2018,8,8,14,59,18,2018,8,8,15,54,48
10.148,0.06307022995649471,2018,8,8,15,1,17,2018,8,8,17,42,11
13.224,0.03854457128977411,2018,8,8,15,6,8,2018,8,8,20,49,13
5.861,0.04237888647866955,2018,8,8,15,6,19,2018,8,8,17,24,37
23.88,0.060399629036337575,2018,8,8,15,8,22,2018,8,8,21,43,44
13.193,0.03744996924823769,2018,8,8,15,9,44,2018,8,8,21,2,1
4.806,0.050132127955493745,2018,8,8,15,17,3,2018,8,8,16,52,55
13.883,0.06102417582417582,2018,8,8,15,24,1,2018,8,8,19,11,31
7.562,0.048160492516717966,2018,8,8,15,24,11,2018,8,8,18,1,12
5.975,0.05228996499416569,2018,8,8,15,28,53,2018,8,8,17,23,9
5.996,0.052048611111111115,2018,8,8,15,40,57,2018,8,8,17,36,9
13.288,0.007368917232774158,2018,8,8,15,48,19,2018,8,9,21,51,34
1.361,0.046985040276179516,2018,8,8,15,56,17,2018,8,8,16,25,15
13.222,0.03660406957966133,2018,8,8,16,5,40,2018,8,8,22,6,53
5.493,0.013100926183567198,2018,8,8,16,9,19,2018,8,8,23,8,36
6.984,0.05243243243243244,2018,8,8,16,10,18,2018,8,8,18,23,30
10.939,0.022251830756712773,2018,8,8,16,13,29,2018,8,9,0,25,5
3.42,0.05126155383462403,2018,8,8,16,15,16,2018,8,8,17,21,59
1.945,0.035438809596112966,2018,8,8,16,19,13,2018,8,8,17,14,6
11.568,0.05024104234527687,2018,8,8,16,24,22,2018,8,8,20,14,37
5.797,0.03442399049881235,2018,8,8,16,29,3,2018,8,8,19,17,27
11.526,0.02970363370844429,2018,8,8,16,45,13,2018,8,8,23,13,15
39.375,0.0920550187032419,2018,8,8,16,56,26,2018,8,9,0,4,10
7.506,0.028902579899884484,2018,8,8,17,3,46,2018,8,8,21,23,28
13.025,0.032293388429752067,2018,8,8,17,7,1,2018,8,8,23,50,21
13.211,0.027902703463813013,2018,8,8,17,12,54,2018,8,9,1,6,22
10.012,0.03898753894080997,2018,8,8,17,18,1,2018,8,8,21,34,49
13.888,0.03974055703929798,2018,8,8,17,21,38,2018,8,8,23,11,6
13.884,0.03436350136127382,2018,8,8,17,22,9,2018,8,9,0,6,11
5.669,0.03272150072150072,2018,8,8,17,22,42,2018,8,8,20,15,57
4.205,0.032984703882860504,2018,8,8,17,31,59,2018,8,8,19,39,28
2.197,0.02793388429752066,2018,8,8,18,3,49,2018,8,8,19,22,28
8.464,0.03657998991572427,2018,8,8,18,14,33,2018,8,8,22,5,56
6.279,0.02085238279736536,2018,8,8,18,30,16,2018,8,8,23,31,23
8.782,0.02885019710906702,2018,8,8,18,49,4,2018,8,8,23,53,28
9.27,0.03860623308114111,2018,8,8,18,56,54,2018,8,8,22,57,1
4.51,0.027643273061599753,2018,8,8,19,12,20,2018,8,8,21,55,29
2.765,0.05363724539282251,2018,8,8,19,42,14,2018,8,8,20,33,47
13.901,0.051966355140186916,2018,8,8,20,17,26,2018,8,9,0,44,56
1.592,0.029878010634970288,2018,8,8,20,24,40,2018,8,8,21,17,57
9.809,0.05292625899280575,2018,8,8,21,21,1,2018,8,9,0,26,21
6.243,0.051298274445357436,2018,8,8,21,34,28,2018,8,8,23,36,10
4.668,0.05588188347964885,2018,8,8,23,10,49,2018,8,9,0,34,21
7.558,0.08185559566787004,2018,8,8,23,10,53,2018,8,9,0,43,13
5.32,0.05507246376811595,2018,8,8,23,22,35,2018,8,9,0,59,11
2.385,0.055357833655705985,2018,8,8,23,25,48,2018,8,9,0,8,53
6.342,0.054313445618041675,2018,8,8,23,37,14,2018,8,9,1,34,0
13.253,0.04358344751986846,2018,8,8,23,54,17,2018,8,9,4,58,22
5.432,0.10090402476780186,2018,8,9,0,20,21,2018,8,9,1,14,11
6.586,0.07067787515650152,2018,8,9,0,22,2,2018,8,9,1,55,13
4.131,0.05567385444743935,2018,8,9,0,35,49,2018,8,9,1,50,1
12.044,0.051817008461207514,2018,8,9,0,52,46,2018,8,9,4,45,12
4.059,0.08048248512888302,2018,8,9,1,5,31,2018,8,9,1,55,57
12.568,0.04646210720887246,2018,8,9,1,56,33,2018,8,9,6,27,3
7.325,0.10066422354557948,2018,8,9,2,27,55,2018,8,9,3,40,41
2.365,0.03503703703703704,2018,8,9,2,36,22,2018,8,9,3,43,52
13.912,0.09068115154807171,2018,8,9,2,50,52,2018,8,9,5,24,17
5.833,0.04998286203941731,2018,8,9,2,52,58,2018,8,9,4,49,40
13.218,0.03975338345864662,2018,8,9,2,56,30,2018,8,9,8,29,0
11.704,0.10000569638279692,2018,8,9,2,57,16,2018,8,9,4,54,18
8.47,0.10235649546827795,2018,8,9,3,8,9,2018,8,9,4,30,54
6.586,0.05411668036154478,2018,8,9,3,58,49,2018,8,9,6,0,31
10.756,0.09627927793525287,2018,8,9,4,11,16,2018,8,9,6,2,59
6.999,0.09816269284712482,2018,8,9,4,23,54,2018,8,9,5,35,12
5.243,0.10743852459016395,2018,8,9,4,32,51,2018,8,9,5,21,39
1.361,0.10271698113207547,2018,8,9,4,57,26,2018,8,9,5,10,41
3.566,0.00959332825180469,2018,8,9,5,0,38,2018,8,9,11,12,21
1.772,0.10183908045977012,2018,8,9,5,23,17,2018,8,9,5,40,41
3.737,0.10521820741435946,2018,8,9,5,31,3,2018,8,9,6,6,34
1.905,0.09422918384171476,2018,8,9,6,7,22,2018,8,9,6,27,35
1.832,0.11159390862944162,2018,8,9,6,41,39,2018,8,9,6,58,4
1.641,0.04142196045435423,2018,8,9,7,15,59,2018,8,9,7,55,36
12.498,0.056500904159132004,2018,8,9,8,25,14,2018,8,9,12,6,26
3.422,0.04965417170495768,2018,8,9,8,28,12,2018,8,9,9,37,7
12.526,0.025994742667404536,2018,8,9,11,50,16,2018,8,9,19,52,8
4.706,0.057554015491235226,2018,8,9,12,56,45,2018,8,9,14,18,31
13.874,0.022555682002926354,2018,8,9,13,30,34,2018,8,9,23,45,40
3.891,0.05386709736963544,2018,8,9,13,42,24,2018,8,9,14,54,38
9.015,0.08633679169992019,2018,8,9,13,45,27,2018,8,9,15,29,52
11.657,0.07736946902654868,2018,8,9,14,17,21,2018,8,9,16,48,1
2.704,0.005010190846766722,2018,8,9,14,31,20,2018,8,9,23,31,2
4.571,0.007884659613615454,2018,8,9,14,35,12,2018,8,10,0,14,56
5.585,0.05043648404575557,2018,8,9,14,49,58,2018,8,9,16,40,42
7.874,0.02583333333333333,2018,8,9,15,8,17,2018,8,9,20,13,5
30.397,0.05953580988444212,2018,8,9,15,9,38,2018,8,9,23,40,12
13.29,0.020285946881042027,2018,8,9,15,14,48,2018,8,10,2,9,56
9.917,0.050216895940585704,2018,8,9,15,17,20,2018,8,9,18,34,49
18.298,0.03400061938680706,2018,8,9,15,18,48,2018,8,10,0,16,58
13.897,0.024869362920544025,2018,8,9,15,25,56,2018,8,10,0,44,44
8.99,0.09846659364731654,2018,8,9,15,32,15,2018,8,9,17,3,33
6.183,0.04686457806973218,2018,8,9,15,32,48,2018,8,9,17,44,44
5.053,0.03595588235294118,2018,8,9,15,34,46,2018,8,9,17,55,18
6.745,0.03229848363926576,2018,8,9,15,45,29,2018,8,9,19,14,19
11.668,0.04230857557261134,2018,8,9,15,49,49,2018,8,9,20,25,36
8.708,0.04136817102137767,2018,8,9,15,53,21,2018,8,9,19,23,51
1.664,0.03247885491216656,2018,8,9,15,57,58,2018,8,9,16,49,12
3.295,0.03408033097741769,2018,8,9,16,1,46,2018,8,9,17,38,27
4.428,0.009693166478164107,2018,8,9,16,6,0,2018,8,9,23,42,49
13.216,0.02853708568755173,2018,8,9,16,9,41,2018,8,9,23,52,48
11.952,0.028959334490974438,2018,8,9,16,13,41,2018,8,9,23,6,24
4.962,0.012990662361462606,2018,8,9,16,14,41,2018,8,9,22,36,39
13.198,0.028844934979783632,2018,8,9,16,17,32,2018,8,9,23,55,5
7.171,0.03871681814091604,2018,8,9,16,18,20,2018,8,9,19,23,33
13.893,0.02609912645981402,2018,8,9,16,22,35,2018,8,10,1,14,54
3.58,0.042576808721506446,2018,8,9,16,22,44,2018,8,9,17,46,49
7.767,0.02982718894009217,2018,8,9,16,24,25,2018,8,9,20,44,49
3.755,0.03764411027568922,2018,8,9,16,37,48,2018,8,9,18,17,33
4.316,0.034657387580299785,2018,8,9,16,41,49,2018,8,9,18,46,21
12.648,0.04037025215448452,2018,8,9,16,52,25,2018,8,9,22,5,43
13.876,0.03775611083397579,2018,8,9,17,2,20,2018,8,9,23,9,51
7.367,0.03630256241787122,2018,8,9,17,4,8,2018,8,9,20,27,4
13.04,0.035235307363206486,2018,8,9,17,7,59,2018,8,9,23,18,4
11.04,0.0355250455861847,2018,8,9,17,9,40,2018,8,9,22,20,26
13.99,0.007405120242779258,2018,8,9,17,20,0,2018,8,11,0,49,14
9.807,0.036732630001872775,2018,8,9,17,22,5,2018,8,9,21,49,4
7.826,0.03809817444219067,2018,8,9,17,34,47,2018,8,9,21,0,12
1.46,0.03762886597938145,2018,8,9,17,56,24,2018,8,9,18,35,12
2.04,0.033081081081081085,2018,8,9,18,15,3,2018,8,9,19,16,43
1.071,0.02732142857142857,2018,8,9,18,51,11,2018,8,9,19,30,23
10.124,0.04081435194517234,2018,8,9,19,6,15,2018,8,9,23,14,18
8.284,0.04167002012072435,2018,8,9,19,23,35,2018,8,9,22,42,23
13.902,0.04409134157944814,2018,8,9,19,29,12,2018,8,10,0,44,30
2.061,0.030860993261791866,2018,8,9,19,38,18,2018,8,9,20,45,5
1.417,0.04042796005706135,2018,8,9,20,12,15,2018,8,9,20,47,18
13.896,0.05889799378355468,2018,8,9,20,12,44,2018,8,10,0,8,40
7.071,0.052287404486073455,2018,8,9,21,9,22,2018,8,9,23,24,36
11.778,0.06895111718216412,2018,8,9,21,16,13,2018,8,10,0,7,2
4.159,0.06563387690689111,2018,8,9,22,15,32,2018,8,9,23,18,54
11.38,0.0950445434298441,2018,8,9,22,34,34,2018,8,10,0,34,18
9.329,0.05570660828025478,2018,8,9,23,39,32,2018,8,10,2,27,0
13.866,0.05203978232313755,2018,8,9,23,47,0,2018,8,10,4,13,27
6.423,0.05070122352322063,2018,8,9,23,48,23,2018,8,10,1,55,4
5.243,0.02279730415247482,2018,8,10,0,9,13,2018,8,10,3,59,12
11.303,0.10730696202531646,2018,8,10,0,15,53,2018,8,10,2,1,13
4.202,0.10774358974358975,2018,8,10,0,21,39,2018,8,10,1,0,39
2.324,0.03419323197645904,2018,8,10,0,25,8,2018,8,10,1,33,6
13.195,0.02089579814189189,2018,8,10,0,31,31,2018,8,10,11,2,59
6.23,0.11055900621118013,2018,8,10,0,47,3,2018,8,10,1,43,24
3.221,0.05535949584646234,2018,8,10,1,3,16,2018,8,10,2,1,27
11.664,0.07196298200514138,2018,8,10,1,4,0,2018,8,10,3,46,5
11.904,0.10339316734221192,2018,8,10,1,5,51,2018,8,10,3,0,59
1.246,0.058224299065420565,2018,8,10,1,14,51,2018,8,10,1,36,15
33.969,0.1077070231992813,2018,8,10,1,54,37,2018,8,10,7,10,0
2.468,0.03223334784501524,2018,8,10,1,55,42,2018,8,10,3,12,16
13.869,0.07693602071005916,2018,8,10,2,15,44,2018,8,10,5,16,0
3.991,0.10642666666666667,2018,8,10,2,39,31,2018,8,10,3,17,1
4.846,0.10646649578908825,2018,8,10,2,42,3,2018,8,10,3,27,34
13.291,0.08839060075371315,2018,8,10,2,42,53,2018,8,10,5,13,15
5.854,0.0510226612434631,2018,8,10,2,55,31,2018,8,10,4,50,15
0.7,0.09610983981693363,2018,8,10,3,1,11,2018,8,10,3,8,28
6.667,0.05371559017053847,2018,8,10,3,10,52,2018,8,10,5,14,59
11.344,0.10710306845003933,2018,8,10,3,13,41,2018,8,10,4,59,36
5.958,0.10790220344099004,2018,8,10,3,13,41,2018,8,10,4,8,54
13.895,0.036328380321582636,2018,8,10,3,28,39,2018,8,10,9,51,8
1.59,0.05454545454545455,2018,8,10,3,52,13,2018,8,10,4,21,22
2.707,0.005211448373227235,2018,8,10,4,17,59,2018,8,10,12,57,25
10.69,0.09854048240897219,2018,8,10,4,18,30,2018,8,10,6,6,59
9.257,0.09943071965628357,2018,8,10,4,53,24,2018,8,10,6,26,30
8.531,0.10701651683044115,2018,8,10,5,9,20,2018,8,10,6,29,3
0.542,0.07441647597254006,2018,8,10,5,12,24,2018,8,10,5,19,41
2.374,0.0961782579338285,2018,8,10,5,15,6,2018,8,10,5,39,47
12.492,0.05587595049947816,2018,8,10,5,23,44,2018,8,10,9,7,18
4.862,0.056262295081967215,2018,8,10,8,42,17,2018,8,10,10,8,42
2.417,0.08235093696763202,2018,8,10,11,7,41,2018,8,10,11,37,2
12.75,0.025631575420491857,2018,8,10,11,48,37,2018,8,10,20,6,3
13.788,0.025409423183242213,2018,8,10,12,54,9,2018,8,10,21,56,47
10.307,0.10647727272727274,2018,8,10,13,2,29,2018,8,10,14,39,17
8.809,0.10897731958762887,2018,8,10,13,19,34,2018,8,10,14,40,24
3.769,0.05389418493803622,2018,8,10,13,29,51,2018,8,10,14,39,47
6.964,0.10746913580246914,2018,8,10,13,36,50,2018,8,10,14,41,38
13.228,0.03293141363428903,2018,8,10,13,59,50,2018,8,10,20,41,31
8.595,0.056477932318475525,2018,8,10,14,13,42,2018,8,10,16,45,53
13.633,0.023766052646870824,2018,8,10,14,31,51,2018,8,11,0,5,29
3.626,0.04996784565916399,2018,8,10,14,49,38,2018,8,10,16,2,12
4.578,0.04488235294117647,2018,8,10,14,56,35,2018,8,10,16,38,35
6.55,0.1073184052430366,2018,8,10,15,1,17,2018,8,10,16,2,19
13.259,0.03598751470189089,2018,8,10,15,9,49,2018,8,10,21,18,15
2.925,0.006980351602895552,2018,8,10,15,22,10,2018,8,10,22,21,12
6.077,0.06778583379810373,2018,8,10,15,42,53,2018,8,10,17,12,32
3.811,0.006088345714513939,2018,8,10,15,44,53,2018,8,11,2,10,50
6.314,0.03728740157480315,2018,8,10,15,47,43,2018,8,10,18,37,3
13.711,0.03841154223280572,2018,8,10,15,51,30,2018,8,10,21,48,27
3.943,0.0534161210205464,2018,8,10,15,58,19,2018,8,10,17,12,8
1.717,0.0325189393939394,2018,8,10,16,0,11,2018,8,10,16,52,59
13.875,0.041141586360266866,2018,8,10,16,1,47,2018,8,10,21,39,2
13.223,0.02780277544154752,2018,8,10,16,1,56,2018,8,10,23,57,32
3.236,0.0396730690641602,2018,8,10,16,4,14,2018,8,10,17,25,48
8.026,0.05715167339188226,2018,8,10,16,8,32,2018,8,10,18,28,58
10.803,0.027786684957345566,2018,8,10,16,10,53,2018,8,10,22,39,40
8.292,0.048505410938871014,2018,8,10,16,18,4,2018,8,10,19,9,1
3.174,0.04674521354933726,2018,8,10,16,20,45,2018,8,10,17,28,39
11.602,0.04814440832699357,2018,8,10,16,24,14,2018,8,10,20,25,13
10.526,0.028485859907085832,2018,8,10,16,28,38,2018,8,10,22,38,9
13.218,0.04082149474984558,2018,8,10,16,31,46,2018,8,10,21,55,34
10.462,0.04783721993598537,2018,8,10,16,34,44,2018,8,10,20,13,26
8.977,0.04550692801622169,2018,8,10,16,37,57,2018,8,10,19,55,13
13.212,0.02403201358151943,2018,8,10,16,45,1,2018,8,11,1,54,47
4.243,0.03577571669477235,2018,8,10,16,47,57,2018,8,10,18,46,33
7.561,0.03229586388552716,2018,8,10,17,2,15,2018,8,10,20,56,22
10.11318611111111,0.044528595190919985,2018,8,10,17,4,6,2018,8,10,20,51,13
5.044,0.031384423934460226,2018,8,10,17,9,43,2018,8,10,19,50,26
13.884,0.03045961461113752,2018,8,10,17,13,15,2018,8,11,0,49,4
9.557,0.03733203125,2018,8,10,17,16,0,2018,8,10,21,32,0
43.605,0.10329266848276679,2018,8,10,17,26,8,2018,8,11,0,28,17
10.97,0.03313865673144698,2018,8,10,17,28,45,2018,8,10,22,59,47
12.414,0.034867521767624754,2018,8,10,17,30,13,2018,8,10,23,26,15
1.9,0.027351247600767754,2018,8,10,17,33,47,2018,8,10,18,43,15
2.126,0.02649221183800623,2018,8,10,18,29,18,2018,8,10,19,49,33
6.703,0.037128877400295426,2018,8,10,18,40,27,2018,8,10,21,40,59
7.861,0.023867017508349356,2018,8,10,18,49,55,2018,8,11,0,19,17
2.656,0.03017610301079341,2018,8,10,19,22,1,2018,8,10,20,50,2
3.763,0.03247698504027618,2018,8,10,19,33,6,2018,8,10,21,28,58
3.713,0.035627698704621784,2018,8,10,20,1,56,2018,8,10,21,46,9
3.949,0.04181048173636845,2018,8,10,20,28,34,2018,8,10,22,3,1
6.714,0.04768465909090909,2018,8,10,20,38,54,2018,8,10,22,59,42
4.89,0.04288846659845052,2018,8,10,20,40,44,2018,8,10,22,34,45
6.314,0.044303590223365684,2018,8,10,21,4,17,2018,8,10,23,26,48
13.904,0.047518796992481196,2018,8,10,21,27,24,2018,8,11,2,20,0
11.859,0.07075072089092174,2018,8,10,21,29,39,2018,8,11,0,17,16
5.165,0.05557747489239598,2018,8,10,21,36,9,2018,8,10,23,9,5
1.856,0.053231357552581265,2018,8,10,22,7,20,2018,8,10,22,42,12
11.449,0.05401320962415474,2018,8,10,22,59,24,2018,8,11,2,31,22
17.536,0.10223085891954917,2018,8,10,23,0,46,2018,8,11,1,52,18
4.277,0.09622047244094488,2018,8,10,23,10,16,2018,8,10,23,54,43
13.253,0.02994013328815091,2018,8,10,23,31,14,2018,8,11,6,53,53
7.295,0.07832856120257695,2018,8,10,23,36,48,2018,8,11,1,9,56
10.515,0.10651696775282796,2018,8,10,23,42,16,2018,8,11,1,20,59
4.678,0.10555848063181646,2018,8,10,23,48,33,2018,8,11,0,32,52
1.825,0.04091928251121076,2018,8,11,0,2,57,2018,8,11,0,47,33
11.288,0.10984106389879987,2018,8,11,0,41,24,2018,8,11,2,24,10
7.784,0.10699656357388315,2018,8,11,0,57,28,2018,8,11,2,10,13
13.189,0.05684097112483839,2018,8,11,2,0,47,2018,8,11,5,52,49
7.073,0.08799087704748082,2018,8,11,2,2,22,2018,8,11,3,22,45
5.937,0.08737306843267108,2018,8,11,2,6,20,2018,8,11,3,14,17
2.464,0.03344796380090497,2018,8,11,2,31,15,2018,8,11,3,44,55
9.109,0.10102402957486137,2018,8,11,2,35,26,2018,8,11,4,5,36
5.96,0.10601838126297064,2018,8,11,2,57,19,2018,8,11,3,53,32
6.127,0.05719931538820601,2018,8,11,2,57,35,2018,8,11,4,44,42
13.433,0.09606436233611441,2018,8,11,3,28,38,2018,8,11,5,48,28
13.094,0.09262438104220702,2018,8,11,3,32,38,2018,8,11,5,54,0
13.881,0.10423779724655821,2018,8,11,3,37,31,2018,8,11,5,50,41
1.683,0.10464248704663213,2018,8,11,3,52,10,2018,8,11,4,8,15
13.901,0.11104513380375448,2018,8,11,4,45,22,2018,8,11,6,50,33
6.567,0.05372511589855468,2018,8,11,5,6,50,2018,8,11,7,9,4
5.796,0.05136779911373708,2018,8,11,5,40,43,2018,8,11,7,33,33
3.349,0.09084086799276674,2018,8,11,5,45,15,2018,8,11,6,22,7
2.726,0.10248120300751878,2018,8,11,6,9,0,2018,8,11,6,35,36
0.766,0.032139860139860144,2018,8,11,6,28,49,2018,8,11,6,52,39
13.902,0.01942614933159439,2018,8,11,6,48,20,2018,8,11,18,43,58
11.229,0.11053978671041838,2018,8,11,13,18,30,2018,8,11,15,0,5
2.286,0.0333155210104445,2018,8,11,13,59,33,2018,8,11,15,8,10
2.402,0.05318081180811809,2018,8,11,14,36,32,2018,8,11,15,21,42
6.573,0.09803131991051456,2018,8,11,15,2,50,2018,8,11,16,9,53
13.869,0.042840815485996706,2018,8,11,15,50,51,2018,8,11,21,14,35
0.997,0.07997326203208556,2018,8,11,15,55,4,2018,8,11,16,7,32
43.266,0.10318626281898402,2018,8,11,16,12,38,2018,8,11,23,11,56
4.038,0.10845120859444943,2018,8,11,16,21,23,2018,8,11,16,58,37
13.309,0.028858371580354883,2018,8,11,16,37,44,2018,8,12,0,18,55
11.474,0.10922417896239886,2018,8,11,16,51,39,2018,8,11,18,36,42
11.388,0.09496594857539958,2018,8,11,17,30,5,2018,8,11,19,30,0
2.507,0.03041860465116279,2018,8,11,18,31,1,2018,8,11,19,53,26
13.776,0.09365057783820531,2018,8,11,18,39,24,2018,8,11,21,6,30
7.936,0.09502294951107564,2018,8,11,19,0,57,2018,8,11,20,24,28
13.207,0.07398188777891887,2018,8,11,20,0,44,2018,8,11,22,59,15
2.732,0.09631022326674502,2018,8,11,20,17,37,2018,8,11,20,45,59
11.149,0.10390493942218079,2018,8,11,21,6,0,2018,8,11,22,53,18
7.197,0.10776640878462691,2018,8,11,21,13,40,2018,8,11,22,20,27
3.928,0.099864406779661,2018,8,11,21,27,50,2018,8,11,22,7,10
7.396,0.10755210857973825,2018,8,11,21,30,11,2018,8,11,22,38,57
2.281,0.05657709797436957,2018,8,11,21,57,5,2018,8,11,22,37,24
11.505,0.10408624849215924,2018,8,11,22,18,24,2018,8,12,0,8,56
5.715,0.05119438638399522,2018,8,11,22,19,58,2018,8,12,0,11,36
13.254,0.1005868960283329,2018,8,11,22,29,42,2018,8,12,0,41,28
4.523,0.02811645254869457,2018,8,11,22,39,4,2018,8,12,1,19,56
13.883,0.10427891837756635,2018,8,11,22,39,47,2018,8,12,0,52,55
10.738,0.054122983870967735,2018,8,11,23,23,43,2018,8,12,2,42,7
1.927,0.048074844074844074,2018,8,11,23,24,53,2018,8,12,0,4,58
7.587,0.09758199356913183,2018,8,11,23,47,59,2018,8,12,1,5,44
9.72,0.10578632323598766,2018,8,12,0,14,20,2018,8,12,1,46,13
13.917,0.014014400080559892,2018,8,12,1,18,11,2018,8,12,17,51,14
13.883,0.10643751597239968,2018,8,12,1,36,9,2018,8,12,3,46,35
13.196,0.09966767371601208,2018,8,12,2,1,35,2018,8,12,4,13,59
10.02,0.05812626897418544,2018,8,12,2,15,54,2018,8,12,5,8,17
13.872,0.10740998838559813,2018,8,12,2,16,22,2018,8,12,4,25,31
13.72,0.0997213809812235,2018,8,12,3,51,57,2018,8,12,6,9,32
4.277,0.0993111455108359,2018,8,12,4,26,21,2018,8,12,5,9,25
13.911,0.019152802955551985,2018,8,12,6,22,16,2018,8,12,18,28,35
5.967,0.0532292595896521,2018,8,12,10,17,10,2018,8,12,12,9,16
13.872,0.11012437152685896,2018,8,12,15,46,42,2018,8,12,17,52,40
5.515,0.049684684684684684,2018,8,12,15,51,23,2018,8,12,17,42,23
4.252,0.10846938775510202,2018,8,12,16,20,30,2018,8,12,16,59,42
22.38,0.10579892845887173,2018,8,12,16,42,1,2018,8,12,20,13,33
3.581,0.051961305925030225,2018,8,12,16,55,31,2018,8,12,18,4,26
13.85,0.10307615976184568,2018,8,12,17,35,52,2018,8,12,19,50,14
0.636,0.10871794871794872,2018,8,12,18,0,47,2018,8,12,18,6,38
4.714,0.04303712720632989,2018,8,12,18,13,47,2018,8,12,20,3,19
13.881,0.08370452261306532,2018,8,12,18,36,47,2018,8,12,21,22,37
5.359,0.10436222005842259,2018,8,12,19,36,34,2018,8,12,20,27,55
6.753,0.07879813302217036,2018,8,12,20,12,30,2018,8,12,21,38,12
2.951,0.05118820468343452,2018,8,12,20,23,39,2018,8,12,21,21,18
4.051,0.05819008858032081,2018,8,12,21,19,26,2018,8,12,22,29,3
2.976,0.11029030265596046,2018,8,12,21,38,1,2018,8,12,22,5,0
13.256,0.10458382642998028,2018,8,12,22,27,13,2018,8,13,0,33,58
6.124,0.051426172148355494,2018,8,12,22,39,42,2018,8,13,0,38,47
9.262,0.05803258145363409,2018,8,12,22,49,51,2018,8,13,1,29,27
13.224,0.040508500536069844,2018,8,12,22,50,45,2018,8,13,4,17,12
2.999,0.10258836944127708,2018,8,12,23,30,58,2018,8,13,0,0,12
5.481,0.05574843193761655,2018,8,12,23,34,48,2018,8,13,1,13,7
0.629,0.051,2018,8,13,0,11,57,2018,8,13,0,24,17
7.624,0.1117342452369321,2018,8,13,0,20,13,2018,8,13,1,28,27
6.642,0.05469667856162504,2018,8,13,0,48,47,2018,8,13,2,50,13
13.185,0.055364266218769685,2018,8,13,0,50,28,2018,8,13,4,48,37
13.911,0.09190266461131909,2018,8,13,0,52,41,2018,8,13,3,24,3
5.458,0.012897991335171327,2018,8,13,1,8,36,2018,8,13,8,11,46
10.531,0.09596901579586878,2018,8,13,1,47,46,2018,8,13,3,37,30
11.991,0.09666263603385732,2018,8,13,2,28,23,2018,8,13,4,32,26
13.948,0.11131683958499601,2018,8,13,2,56,26,2018,8,13,5,1,44
13.602,0.10861325525685388,2018,8,13,3,23,13,2018,8,13,5,28,27
13.223,0.018528690534575773,2018,8,13,3,31,37,2018,8,13,15,25,16
10.713,0.053892848159637796,2018,8,13,3,36,44,2018,8,13,6,55,31
13.865,0.10422199949887247,2018,8,13,3,55,56,2018,8,13,6,8,58
4.273,0.10651433319484835,2018,8,13,4,41,19,2018,8,13,5,21,26
9.184,0.09489237127604615,2018,8,13,4,54,9,2018,8,13,6,30,56
6.609,0.00939935526690054,2018,8,13,5,20,45,2018,8,13,17,3,53
1.85,0.10183486238532109,2018,8,13,5,29,0,2018,8,13,5,47,10
16.188,0.055689467347055786,2018,8,13,5,40,58,2018,8,13,10,31,39
6.006,0.05022439024390244,2018,8,13,6,55,26,2018,8,13,8,55,1
2.859,0.10472527472527472,2018,8,13,8,55,25,2018,8,13,9,22,43
1.121,0.06594117647058824,2018,8,13,10,33,54,2018,8,13,10,50,54
12.176,0.04731912688645638,2018,8,13,11,50,7,2018,8,13,16,7,26
1.787,0.0352465483234714,2018,8,13,13,27,43,2018,8,13,14,18,25
13.888,0.06575238696441253,2018,8,13,13,58,9,2018,8,13,17,29,22
12.195,0.042942660954281356,2018,8,13,14,1,8,2018,8,13,18,45,7
9.664,0.04562436068927531,2018,8,13,14,16,52,2018,8,13,17,48,41
5.024,0.0942294467020944,2018,8,13,14,22,59,2018,8,13,15,16,18
13.876,0.05025411963541981,2018,8,13,14,31,1,2018,8,13,19,7,8
5.531,0.009517882238219519,2018,8,13,14,31,14,2018,8,14,0,12,21
12.994,0.0343438615038985,2018,8,13,14,42,44,2018,8,13,21,1,5
8.218,0.03414208558371417,2018,8,13,14,47,19,2018,8,13,18,48,1
13.872,0.039303017424564386,2018,8,13,14,52,56,2018,8,13,20,45,53
6.702,0.01792218210990774,2018,8,13,14,59,0,2018,8,13,21,12,57
6.458,0.033941836019621585,2018,8,13,15,6,45,2018,8,13,18,17,1
10.579,0.04733333333333334,2018,8,13,15,8,40,2018,8,13,18,52,10
17.242,0.08988010425716768,2018,8,13,15,9,22,2018,8,13,18,21,12
14.56,0.06692201624023288,2018,8,13,15,12,26,2018,8,13,18,50,0
13.905,0.03937420359620558,2018,8,13,15,13,26,2018,8,13,21,6,35
13.874,0.02493156428763964,2018,8,13,15,16,53,2018,8,14,0,33,22
13.892,0.03840928989447491,2018,8,13,15,21,30,2018,8,13,21,23,11
4.664,0.009123333224660125,2018,8,13,15,23,33,2018,8,13,23,54,46
13.892,0.03749696342615502,2018,8,13,15,24,18,2018,8,13,21,34,47
6.755,0.035093947527924496,2018,8,13,15,30,39,2018,8,13,18,43,8
7.899,0.03493329402225989,2018,8,13,15,36,15,2018,8,13,19,22,22
11.221,0.03424690981229971,2018,8,13,15,43,14,2018,8,13,21,10,53
4.036,0.04180217503883998,2018,8,13,15,44,24,2018,8,13,17,20,57
5.621,0.03651185449821371,2018,8,13,15,47,58,2018,8,13,18,21,55
1.551,0.030501474926253686,2018,8,13,16,4,37,2018,8,13,16,55,28
4.233,0.02986945783840997,2018,8,13,16,14,10,2018,8,13,18,35,53
13.873,0.03322211135501896,2018,8,13,16,17,20,2018,8,13,23,14,55
8.834,0.028806521739130432,2018,8,13,16,18,42,2018,8,13,21,25,22
4.239,0.03632390745501285,2018,8,13,16,19,9,2018,8,13,18,15,51
5.262,0.031123817034700314,2018,8,13,16,19,54,2018,8,13,19,8,58
10.281,0.03305964949890133,2018,8,13,16,30,57,2018,8,13,21,41,56
7.393,0.032225208863058484,2018,8,13,16,35,3,2018,8,13,20,24,28
13.883,0.03453912178131608,2018,8,13,16,35,21,2018,8,13,23,17,18
5.528,0.018650472334682863,2018,8,13,16,39,13,2018,8,13,21,35,37
12.488,0.03524033486972063,2018,8,13,16,44,53,2018,8,13,22,39,15
7.367,0.02024457268480352,2018,8,13,16,48,3,2018,8,13,22,51,57
3.775,0.029720509119538118,2018,8,13,16,54,1,2018,8,13,19,1,2
7.982,0.02905186533212011,2018,8,13,16,54,40,2018,8,13,21,29,25
13.918,0.02870282532480924,2018,8,13,16,56,25,2018,8,14,1,1,19
13.951,0.011140301844605925,2018,8,13,17,3,59,2018,8,14,13,56,17
8.003,0.029917757009345795,2018,8,13,17,7,9,2018,8,13,21,34,39
3.639,0.030396770151747177,2018,8,13,17,7,30,2018,8,13,19,7,13
5.31,0.03057288168122061,2018,8,13,17,13,20,2018,8,13,20,7,1
11.185,0.03539743657365895,2018,8,13,17,26,24,2018,8,13,22,42,23
4.423,0.03804731182795699,2018,8,13,18,23,50,2018,8,13,20,20,5
13.216,0.042142857142857135,2018,8,13,18,47,45,2018,8,14,0,1,21
13.884,0.05067153284671533,2018,8,13,19,6,56,2018,8,13,23,40,56
1.878,0.03181253529079616,2018,8,13,19,7,21,2018,8,13,20,6,23
4.156,0.02905616406432067,2018,8,13,19,15,27,2018,8,13,21,38,29
8.218,0.042060905911456115,2018,8,13,19,22,52,2018,8,13,22,38,15
7.647,0.03515592674890813,2018,8,13,19,27,27,2018,8,13,23,4,58
5.017,0.047659911336288795,2018,8,13,19,37,29,2018,8,13,21,22,45
10.915,0.058562103192345526,2018,8,13,20,13,13,2018,8,13,23,19,36
1.964,0.030091930541368744,2018,8,13,20,24,51,2018,8,13,21,30,7
13.902,0.06895263288418615,2018,8,13,20,32,49,2018,8,13,23,54,26
13.708,0.06818769689935335,2018,8,13,20,45,6,2018,8,14,0,6,8
8.219,0.04921065761900009,2018,8,13,21,45,59,2018,8,14,0,33,0
1.893,0.03763419483101392,2018,8,13,21,49,2,2018,8,13,22,39,20
5.725,0.05515414258188824,2018,8,13,21,50,38,2018,8,13,23,34,26
13.875,0.05456154148643334,2018,8,13,22,40,6,2018,8,14,2,54,24
3.48,0.048266296809986134,2018,8,13,23,24,2,2018,8,14,0,36,8
4.177,0.05323279524214103,2018,8,13,23,38,25,2018,8,14,0,56,53
1.651,0.03660753880266075,2018,8,13,23,50,1,2018,8,14,0,35,7
13.274,0.01758262136565335,2018,8,14,0,1,11,2018,8,14,12,36,8
13.213,0.038787611918391314,2018,8,14,0,14,8,2018,8,14,5,54,47
3.076,0.05009771986970684,2018,8,14,0,29,5,2018,8,14,1,30,29
10.132,0.0875082769540809,2018,8,14,0,32,19,2018,8,14,2,28,6
11.027,0.054819786229182196,2018,8,14,0,33,8,2018,8,14,3,54,17
4.104,0.10682863340563992,2018,8,14,0,36,37,2018,8,14,1,15,2
3.797,0.054191246431969556,2018,8,14,0,43,32,2018,8,14,1,53,36
0.595,0.03112467306015693,2018,8,14,1,0,36,2018,8,14,1,19,43
3.999,0.05461871158661507,2018,8,14,1,3,9,2018,8,14,2,16,22
13.789,0.10476636697480055,2018,8,14,1,23,26,2018,8,14,3,35,3
8.556,0.07947979563399905,2018,8,14,1,44,15,2018,8,14,3,31,54
9.572,0.0811186440677966,2018,8,14,1,48,20,2018,8,14,3,46,20
13.204,0.08724149322761811,2018,8,14,2,4,25,2018,8,14,4,35,46
19.807,0.10025476632360385,2018,8,14,2,9,58,2018,8,14,5,27,32
13.556,0.10024155780133104,2018,8,14,2,16,48,2018,8,14,4,32,2
2.221,0.0366199505358615,2018,8,14,2,18,52,2018,8,14,3,19,31
7.256,0.08417633410672853,2018,8,14,2,32,46,2018,8,14,3,58,58
11.752,0.09741917656811273,2018,8,14,2,37,31,2018,8,14,4,38,9
4.655,0.03794321423719604,2018,8,14,2,57,1,2018,8,14,4,59,42
6.772,0.053456124194184974,2018,8,14,3,47,32,2018,8,14,5,54,13
13.073,0.10201326570425283,2018,8,14,5,37,23,2018,8,14,7,45,32
1.794,0.04108396946564886,2018,8,14,6,24,32,2018,8,14,7,8,12
3.191,0.10496710526315789,2018,8,14,6,34,45,2018,8,14,7,5,9
12.725,0.1002363135092556,2018,8,14,6,34,52,2018,8,14,8,41,49
12.201,0.05161531410843968,2018,8,14,10,46,3,2018,8,14,14,42,26
13.193,0.04626417299824664,2018,8,14,14,1,39,2018,8,14,18,46,49
13.891,0.023799543118218164,2018,8,14,14,2,19,2018,8,14,23,45,59
13.23,0.04162995594713657,2018,8,14,14,26,48,2018,8,14,19,44,36
4.801,0.008084306241580602,2018,8,14,14,34,24,2018,8,15,0,28,16
6.446,0.04202086049543676,2018,8,14,14,49,41,2018,8,14,17,23,5
7.989,0.03983214226358651,2018,8,14,14,50,23,2018,8,14,18,10,57
13.2,0.029442379182156135,2018,8,14,15,4,52,2018,8,14,22,33,12
3.179,0.006128783497204549,2018,8,14,15,10,9,2018,8,14,23,48,51
8.011,0.04481260488532537,2018,8,14,15,19,9,2018,8,14,18,17,55
5.41,0.08492935635792778,2018,8,14,15,23,18,2018,8,14,16,27,0
6.803,0.08105242255758538,2018,8,14,15,24,24,2018,8,14,16,48,20
4.768,0.03065580797256751,2018,8,14,15,25,6,2018,8,14,18,0,38
13.893,0.03661673621787832,2018,8,14,15,27,0,2018,8,14,21,46,25
6.108,0.03396478220574606,2018,8,14,15,28,2,2018,8,14,18,27,52
13.292,0.017743959417968226,2018,8,14,15,28,45,2018,8,15,3,57,51
0.532,0.02190803019903912,2018,8,14,15,28,47,2018,8,14,15,53,4
2.507,0.006095801588588102,2018,8,14,15,33,4,2018,8,14,22,24,20
12.483,0.030488480013026134,2018,8,14,15,37,40,2018,8,14,22,27,6
4.659,0.04588640840446487,2018,8,14,15,43,18,2018,8,14,17,24,50
13.964,0.021389293099486867,2018,8,14,15,49,59,2018,8,15,2,42,50
4.775,0.024941237921128234,2018,8,14,15,57,45,2018,8,14,19,9,12
13.893,0.04616637128932211,2018,8,14,16,0,29,2018,8,14,21,1,25
7.581,0.02382838283828383,2018,8,14,16,1,9,2018,8,14,21,19,18
13.926,0.05692213366033108,2018,8,14,16,1,37,2018,8,14,20,6,16
12.713,0.04536306868867083,2018,8,14,16,5,6,2018,8,14,20,45,21
8.806,0.0504786471768415,2018,8,14,16,6,27,2018,8,14,19,0,54
1.137,0.02937984496124031,2018,8,14,16,9,0,2018,8,14,16,47,42
2.602,0.040847723704866556,2018,8,14,16,11,15,2018,8,14,17,14,57
13.863,0.03449079449328247,2018,8,14,16,25,6,2018,8,14,23,7,2
4.126,0.053607622347336514,2018,8,14,16,26,23,2018,8,14,17,43,21
13.877,0.038165566556655664,2018,8,14,16,38,1,2018,8,14,22,41,37
13.908,0.03328998284597279,2018,8,14,16,42,15,2018,8,14,23,40,2
1.849,0.02585411326031228,2018,8,14,16,46,43,2018,8,14,17,58,14
58.505,0.10729940394314536,2018,8,14,16,47,54,2018,8,15,1,53,9
9.216,0.03730922339923082,2018,8,14,16,49,43,2018,8,14,20,56,44
6.636,0.030047543581616484,2018,8,14,16,52,48,2018,8,14,20,33,39
12.14,0.036953985084470606,2018,8,14,16,56,20,2018,8,14,22,24,51
7.646,0.03619693861448635,2018,8,14,16,59,58,2018,8,14,20,31,12
1.82,0.02562177381511028,2018,8,14,17,18,8,2018,8,14,18,29,10
12.617,0.007732110391600107,2018,8,14,17,27,52,2018,8,15,20,39,38
12.997,0.046159583284006156,2018,8,14,18,33,10,2018,8,14,23,14,44
6.75,0.039589442815249266,2018,8,14,18,56,25,2018,8,14,21,46,55
9.426,0.04253610108303249,2018,8,14,19,7,16,2018,8,14,22,48,52
0.902,0.03137391304347826,2018,8,14,19,32,29,2018,8,14,20,1,14
4.9,0.03232545354590435,2018,8,14,19,34,14,2018,8,14,22,5,49
8.304,0.04822299651567945,2018,8,14,19,46,17,2018,8,14,22,38,29
8.141,0.04722157772621809,2018,8,14,19,48,43,2018,8,14,22,41,7
1.43,0.028801611278952668,2018,8,14,20,31,10,2018,8,14,21,20,49
1.017,0.034513574660633484,2018,8,14,21,59,10,2018,8,14,22,28,38
13.916,0.05426398908169234,2018,8,14,22,26,22,2018,8,15,2,42,49
0.519,0.005217828418230563,2018,8,14,22,27,10,2018,8,15,0,6,38
11.334,0.08088973474485547,2018,8,14,22,31,35,2018,8,15,0,51,42
13.235,0.052140512147078134,2018,8,14,22,48,11,2018,8,15,3,2,1
10.251,0.09975024326954265,2018,8,14,22,57,21,2018,8,15,0,40,7
13.88,0.055050237969328404,2018,8,14,23,23,42,2018,8,15,3,35,50
1.78,0.09861495844875345,2018,8,14,23,39,8,2018,8,14,23,57,11
1.465,0.040228832951945084,2018,8,14,23,50,54,2018,8,15,0,27,19
4.583,0.04920901932712956,2018,8,14,23,57,9,2018,8,15,1,30,17
13.046,0.05303252032520325,2018,8,15,0,9,34,2018,8,15,4,15,34
8.469,0.056459999999999996,2018,8,15,0,27,29,2018,8,15,2,57,29
2.471,0.09431297709923665,2018,8,15,0,32,23,2018,8,15,0,58,35
9.787,0.0642824302134647,2018,8,15,0,37,35,2018,8,15,3,9,50
3.675,0.10119320789352913,2018,8,15,0,38,49,2018,8,15,1,15,8
5.207,0.09447233141820381,2018,8,15,0,46,43,2018,8,15,1,41,50
3.631,0.09215736040609136,2018,8,15,1,44,50,2018,8,15,2,24,14
9.182,0.10000363042294429,2018,8,15,1,45,39,2018,8,15,3,17,28
13.877,0.09548394495412844,2018,8,15,1,48,28,2018,8,15,4,13,48
5.41,0.07706552706552706,2018,8,15,1,51,29,2018,8,15,3,1,41
10.603,0.052725012431626056,2018,8,15,1,56,18,2018,8,15,5,17,24
12.799,0.0994740932642487,2018,8,15,2,5,0,2018,8,15,4,13,40
5.963,0.048943912448700416,2018,8,15,2,14,28,2018,8,15,4,16,18
3.568,0.09757520510483135,2018,8,15,2,19,22,2018,8,15,2,55,56
1.899,0.03436067551266586,2018,8,15,2,28,58,2018,8,15,3,24,14
11.047,0.09952252252252253,2018,8,15,2,45,50,2018,8,15,4,36,50
13.878,0.09466575716234653,2018,8,15,3,3,54,2018,8,15,5,30,30
7.985,0.10768712070128118,2018,8,15,3,11,3,2018,8,15,4,25,12
7.289,0.10343897824030274,2018,8,15,3,14,10,2018,8,15,4,24,38
8.789,0.10819450143619204,2018,8,15,3,18,8,2018,8,15,4,39,22
6.689,0.052047724030605626,2018,8,15,3,22,50,2018,8,15,5,31,21
6.613,0.07526176024279212,2018,8,15,3,51,3,2018,8,15,5,18,55
13.214,0.0806879706900061,2018,8,15,3,52,45,2018,8,15,6,36,31
4.219,0.0551984300043611,2018,8,15,4,3,42,2018,8,15,5,20,8
4.811,0.05001039501039501,2018,8,15,4,6,56,2018,8,15,5,43,8
1.58,0.0575242718446602,2018,8,15,4,10,13,2018,8,15,4,37,41
1.291,0.09854961832061068,2018,8,15,4,47,26,2018,8,15,5,0,32
13.192,0.02468177991206461,2018,8,15,4,55,12,2018,8,15,13,49,41
8.483,0.10864034151547493,2018,8,15,5,5,26,2018,8,15,6,23,31
13.915,0.10255496867706669,2018,8,15,5,5,44,2018,8,15,7,21,25
2.575,0.09638178415470994,2018,8,15,6,19,47,2018,8,15,6,46,30
6.003,0.05042419151616968,2018,8,15,7,35,16,2018,8,15,9,34,19
12.007,0.048598219104155425,2018,8,15,11,47,45,2018,8,15,15,54,49
3.546,0.05399999999999999,2018,8,15,13,23,54,2018,8,15,14,29,34
9.968,0.05505661419497376,2018,8,15,13,56,36,2018,8,15,16,57,39
6.309,0.015120431396045537,2018,8,15,14,1,42,2018,8,15,20,58,57
13.991,0.024157817491150826,2018,8,15,14,7,7,2018,8,15,23,46,16
13.435,0.04660615171137836,2018,8,15,14,16,41,2018,8,15,19,4,57
3.577,0.006248762592441624,2018,8,15,14,33,10,2018,8,16,0,5,36
9.242,0.076803324099723,2018,8,15,14,35,10,2018,8,15,16,35,30
6.787,0.01280203715929454,2018,8,15,14,40,43,2018,8,15,23,30,52
5.034,0.05187017001545595,2018,8,15,14,40,58,2018,8,15,16,18,1
13.903,0.05016115453998797,2018,8,15,14,46,22,2018,8,15,19,23,32
5.816,0.06447893569844788,2018,8,15,15,4,56,2018,8,15,16,35,8
13.266,0.029173141768069198,2018,8,15,15,8,25,2018,8,15,22,43,9
9.709,0.047077743656053016,2018,8,15,15,14,0,2018,8,15,18,40,14
10.688,0.04393532474650589,2018,8,15,15,23,0,2018,8,15,19,26,16
6.064,0.035430908559742916,2018,8,15,15,25,39,2018,8,15,18,16,48
13.98,0.03224541575366163,2018,8,15,15,27,35,2018,8,15,22,41,8
2.711,0.015506196377502382,2018,8,15,15,31,0,2018,8,15,18,25,50
5.319,0.03151377505677891,2018,8,15,15,35,40,2018,8,15,18,24,27
3.601,0.0367012060472227,2018,8,15,15,37,4,2018,8,15,17,15,11
14.013,0.03213745126519379,2018,8,15,15,38,11,2018,8,15,22,54,13
5.364,0.030712854279988547,2018,8,15,15,42,49,2018,8,15,18,37,28
6.525,0.040548938373899536,2018,8,15,15,49,48,2018,8,15,18,30,43
13.927,0.02718878115442181,2018,8,15,15,52,41,2018,8,16,0,24,55
7.479,0.02356085267247716,2018,8,15,15,53,52,2018,8,15,21,11,18
8.226,0.031104108898411906,2018,8,15,15,55,50,2018,8,15,20,20,18
4.694,0.007388635290413978,2018,8,15,15,56,7,2018,8,16,2,31,25
3.296,0.03805272272464884,2018,8,15,16,6,51,2018,8,15,17,33,28
13.869,0.038168057976332444,2018,8,15,16,7,39,2018,8,15,22,11,1
3.457,0.028665008291873965,2018,8,15,16,10,0,2018,8,15,18,10,36
13.908,0.035170059425970415,2018,8,15,16,18,28,2018,8,15,22,53,55
12.186,0.024401281537845414,2018,8,15,16,21,43,2018,8,16,0,41,7
1.767,0.031581769436997316,2018,8,15,16,22,45,2018,8,15,17,18,42
6.535,0.011520493609519612,2018,8,15,16,31,24,2018,8,16,1,58,39
7.361,0.01934644531078891,2018,8,15,16,35,33,2018,8,15,22,56,2
9.1,0.04050745604273314,2018,8,15,16,40,43,2018,8,15,20,25,22
5.978,0.031454880294659295,2018,8,15,16,51,44,2018,8,15,20,1,47
8.619,0.026044520547945205,2018,8,15,16,51,52,2018,8,15,22,22,48
6.328,0.03532235556795981,2018,8,15,16,53,51,2018,8,15,19,53,0
12.85,0.04214957358408047,2018,8,15,16,54,40,2018,8,15,21,59,32
5.776,0.030539302079661615,2018,8,15,16,59,9,2018,8,15,20,8,17
13.889,0.040526187813062296,2018,8,15,17,1,3,2018,8,15,22,43,46
1.776,0.030976744186046512,2018,8,15,17,16,18,2018,8,15,18,13,38
5.711,0.03635264162953533,2018,8,15,17,33,47,2018,8,15,20,10,53
5.963,0.031092378552185627,2018,8,15,18,41,46,2018,8,15,21,53,33
5.569,0.02853946019815511,2018,8,15,19,3,12,2018,8,15,22,18,20
2.256,0.03487760886369492,2018,8,15,19,4,9,2018,8,15,20,8,50
13.896,0.0646676491119212,2018,8,15,19,23,9,2018,8,15,22,58,2
10.921,0.06680191660719748,2018,8,15,20,10,55,2018,8,15,22,54,24
7.607,0.056669977650856726,2018,8,15,20,50,30,2018,8,15,23,4,44
13.886,0.07387480049654194,2018,8,15,21,47,17,2018,8,16,0,55,15
9.775,0.049497847919655676,2018,8,15,21,52,52,2018,8,16,1,10,21
2.73,0.03683382055318192,2018,8,15,22,31,55,2018,8,15,23,46,2
3.3,0.0908673703533731,2018,8,15,22,43,18,2018,8,15,23,19,37
4.35,0.05359342915811088,2018,8,15,23,38,49,2018,8,16,0,59,59
3.334,0.05512262331220722,2018,8,15,23,51,42,2018,8,16,0,52,11
13.882,0.09745173745173746,2018,8,16,0,16,16,2018,8,16,2,38,43
4.451,0.09887449092928545,2018,8,16,0,54,24,2018,8,16,1,39,25
6.289,0.05291543962978544,2018,8,16,1,12,12,2018,8,16,3,11,3
13.25,0.05005036514731805,2018,8,16,1,14,51,2018,8,16,5,39,35
3.88,0.09881154499151104,2018,8,16,1,22,35,2018,8,16,2,1,51
7.093,0.05499160098203903,2018,8,16,1,25,12,2018,8,16,3,34,11
4.321,0.05514996809189534,2018,8,16,1,27,44,2018,8,16,2,46,5
9.901,0.08816562778272484,2018,8,16,1,31,35,2018,8,16,3,23,53
12.573,0.06271865646824078,2018,8,16,1,36,58,2018,8,16,4,57,26
5.496,0.07398698676239623,2018,8,16,1,48,3,2018,8,16,3,2,20
7.474,0.0864545980335454,2018,8,16,2,0,59,2018,8,16,3,27,26
9.056,0.07961318681318681,2018,8,16,2,2,52,2018,8,16,3,56,37
5.607,0.09189292543021033,2018,8,16,2,3,4,2018,8,16,3,4,5
5.906,0.04898534697262925,2018,8,16,2,15,48,2018,8,16,4,16,22
5.294,0.10051898734177214,2018,8,16,2,18,13,2018,8,16,3,10,53
9.472,0.0592061673090947,2018,8,16,2,25,31,2018,8,16,5,5,30
1.183,0.03662538699690403,2018,8,16,2,33,46,2018,8,16,3,6,4
10.794,0.10083138720224195,2018,8,16,2,40,46,2018,8,16,4,27,49
13.921,0.08123516825520326,2018,8,16,2,56,10,2018,8,16,5,47,32
10.43,0.09639556377079482,2018,8,16,3,3,46,2018,8,16,4,51,58
13.212,0.02129765454985089,2018,8,16,3,7,56,2018,8,16,13,28,17
6.463,0.05028267634854772,2018,8,16,3,18,17,2018,8,16,5,26,49
13.236,0.054724366041896365,2018,8,16,3,19,57,2018,8,16,7,21,49
7.811,0.0917142857142857,2018,8,16,3,36,42,2018,8,16,5,1,52
2.118,0.037245017584994135,2018,8,16,4,0,42,2018,8,16,4,57,34
2.794,0.04350895406177005,2018,8,16,4,23,13,2018,8,16,5,27,26
8.417,0.013424956138019032,2018,8,16,4,48,10,2018,8,16,15,15,8
0.619,0.09547557840616966,2018,8,16,5,22,34,2018,8,16,5,29,3
0.505,0.027595628415300544,2018,8,16,7,31,31,2018,8,16,7,49,49
12.055,0.048739892183288405,2018,8,16,11,52,13,2018,8,16,15,59,33
3.988,0.054617667199269575,2018,8,16,13,12,15,2018,8,16,14,25,16
7.841,0.10267568747271935,2018,8,16,13,26,50,2018,8,16,14,43,12
13.25,0.022658610271903325,2018,8,16,13,57,16,2018,8,16,23,42,2
5.304,0.05703225806451613,2018,8,16,14,6,14,2018,8,16,15,39,14
10.588,0.018821995733586158,2018,8,16,14,9,32,2018,8,16,23,32,4
13.229,0.021956239108185113,2018,8,16,14,30,46,2018,8,17,0,33,17
3.68,0.006349206349206349,2018,8,16,14,34,0,2018,8,17,0,13,36
5.26,0.047789218655360385,2018,8,16,14,34,30,2018,8,16,16,24,34
5.018,0.07921073401736385,2018,8,16,14,35,52,2018,8,16,15,39,13
3.775,0.03998234774933804,2018,8,16,14,38,34,2018,8,16,16,12,59
7.235,0.039388440250431,2018,8,16,14,39,7,2018,8,16,17,42,48
7.097,0.07401703459064836,2018,8,16,14,46,2,2018,8,16,16,21,55
4.112,0.050207570207570204,2018,8,16,14,54,10,2018,8,16,16,16,4
7.627,0.05594376528117359,2018,8,16,14,59,5,2018,8,16,17,15,25
9.121,0.042035486596512794,2018,8,16,15,2,47,2018,8,16,18,39,46
1.961,0.03232417582417583,2018,8,16,15,15,20,2018,8,16,16,16,0
11.605,0.02269186899136386,2018,8,16,15,16,48,2018,8,16,23,48,13
1.631,0.05739589442815249,2018,8,16,15,21,59,2018,8,16,15,50,24
1.916,0.04116004296455424,2018,8,16,15,22,38,2018,8,16,16,9,11
13.938,0.04120620842572062,2018,8,16,15,27,13,2018,8,16,21,5,28
6.833,0.039561902923863745,2018,8,16,15,28,8,2018,8,16,18,20,51
5.282,0.03881920627143557,2018,8,16,15,29,29,2018,8,16,17,45,33
13.905,0.03907545314036813,2018,8,16,15,36,57,2018,8,16,21,32,48
4.817,0.0343458110516934,2018,8,16,15,39,1,2018,8,16,17,59,16
5.263,0.03335939150644411,2018,8,16,15,39,50,2018,8,16,18,17,36
13.924,0.0425615161241021,2018,8,16,15,44,50,2018,8,16,21,11,59
13.913,0.042776325903151426,2018,8,16,15,45,24,2018,8,16,21,10,39
5.271,0.009723298284449363,2018,8,16,15,46,25,2018,8,17,0,48,31
4.883,0.04054525325214503,2018,8,16,15,46,44,2018,8,16,17,47,10
13.871,0.04148439836506829,2018,8,16,15,48,8,2018,8,16,21,22,30
10.13,0.039089330503569365,2018,8,16,15,50,16,2018,8,16,20,9,25
6.142,0.011074981217129977,2018,8,16,15,53,8,2018,8,17,1,7,43
11.637,0.04098737892574112,2018,8,16,15,58,22,2018,8,16,20,42,17
7.892,0.02,2018,8,16,16,0,33,2018,8,16,22,35,9
4.246,0.02448202959830867,2018,8,16,16,6,24,2018,8,16,18,59,50
3.798,0.03125068568294021,2018,8,16,16,7,59,2018,8,16,18,9,31
3.435,0.02863295359822173,2018,8,16,16,14,32,2018,8,16,18,14,30
2.812,0.03704061470911086,2018,8,16,16,21,40,2018,8,16,17,37,35
8.675,0.04381313131313132,2018,8,16,16,22,0,2018,8,16,19,40,0
1.691,0.026149484536082474,2018,8,16,16,31,23,2018,8,16,17,36,3
4.162,0.03493564633463906,2018,8,16,16,38,20,2018,8,16,18,37,28
12.044,0.043027091396248884,2018,8,16,17,0,2,2018,8,16,21,39,57
10.286,0.043145973154362416,2018,8,16,17,14,32,2018,8,16,21,12,56
2.562,0.03371792059662206,2018,8,16,17,49,52,2018,8,16,19,5,51
4.713,0.027366689248040258,2018,8,16,18,10,41,2018,8,16,21,2,54
13.884,0.0591353730389721,2018,8,16,18,28,41,2018,8,16,22,23,28
3.734,0.04338497288923315,2018,8,16,19,0,24,2018,8,16,20,26,28
2.056,0.033134568896051576,2018,8,16,19,8,18,2018,8,16,20,10,21
7.596,0.06313339797755922,2018,8,16,19,41,47,2018,8,16,21,42,6
13.911,0.0728388166506676,2018,8,16,19,43,6,2018,8,16,22,54,5
8.134,0.05082161824429866,2018,8,16,20,13,53,2018,8,16,22,53,56
13.291,0.031028364655071788,2018,8,16,20,30,25,2018,8,17,3,38,46
2.725,0.10616883116883116,2018,8,16,22,10,11,2018,8,16,22,35,51
3.765,0.09160583941605839,2018,8,16,22,17,44,2018,8,16,22,58,50
13.889,0.09855014191106906,2018,8,16,22,19,14,2018,8,17,0,40,10
8.802,0.0715997830802603,2018,8,16,22,29,46,2018,8,17,0,32,42
11.784,0.09832290362953693,2018,8,16,22,55,40,2018,8,17,0,55,31
3.093,0.09410750507099391,2018,8,16,23,8,47,2018,8,16,23,41,39
1.926,0.03706221937139192,2018,8,16,23,9,23,2018,8,17,0,1,21
13.196,0.08275083612040134,2018,8,16,23,19,22,2018,8,17,1,58,50
13.923,0.1039935267023528,2018,8,16,23,35,17,2018,8,17,1,49,10
4.236,0.056044101433296585,2018,8,17,0,37,5,2018,8,17,1,52,40
13.206,0.10354939884997386,2018,8,17,0,40,0,2018,8,17,2,47,32
11.381,0.052689814814814814,2018,8,17,0,53,15,2018,8,17,4,29,15
1.654,0.10157625383828044,2018,8,17,1,4,32,2018,8,17,1,20,49
13.899,0.021702493103627752,2018,8,17,1,21,10,2018,8,17,12,1,36
5.532,0.055925863521482724,2018,8,17,1,24,34,2018,8,17,3,3,29
5.508,0.0663481228668942,2018,8,17,1,46,52,2018,8,17,3,9,53
8.957,0.10411080976365751,2018,8,17,1,54,13,2018,8,17,3,20,15
0.958,0.03450180072028811,2018,8,17,1,54,29,2018,8,17,2,22,15
10.289,0.10614511691884455,2018,8,17,1,57,28,2018,8,17,3,34,24
6.745,0.054082587197648004,2018,8,17,3,4,17,2018,8,17,5,9,0
12.895,0.10799832495812395,2018,8,17,3,7,48,2018,8,17,5,7,12
1.836,0.09545927209705372,2018,8,17,3,36,29,2018,8,17,3,55,43
2.554,0.03293359123146357,2018,8,17,3,59,29,2018,8,17,5,17,2
13.271,0.028292353610005688,2018,8,17,4,23,48,2018,8,17,12,12,52
8.779,0.056299700726806325,2018,8,17,4,44,36,2018,8,17,7,20,32
13.874,0.10801089918256132,2018,8,17,4,46,59,2018,8,17,6,55,26
12.687,0.10292320173066521,2018,8,17,5,32,7,2018,8,17,7,35,23
12.138,0.09862946912242687,2018,8,17,5,33,8,2018,8,17,7,36,12
12.692,0.0561468701614687,2018,8,17,6,2,8,2018,8,17,9,48,11
6.015,0.05139561378524637,2018,8,17,8,30,1,2018,8,17,10,27,3
11.843,0.05257324652263983,2018,8,17,11,44,20,2018,8,17,15,29,36
1.512,0.10660399529964747,2018,8,17,12,33,53,2018,8,17,12,48,4
3.744,0.05095032887276026,2018,8,17,13,15,11,2018,8,17,14,28,40
8.747,0.10688798370672098,2018,8,17,13,25,57,2018,8,17,14,47,47
13.883,0.09238908606921029,2018,8,17,13,41,40,2018,8,17,16,11,56
13.215,0.027713117332494493,2018,8,17,13,54,35,2018,8,17,21,51,26
13.195,0.0656141223272004,2018,8,17,14,3,36,2018,8,17,17,24,42
12.35,0.06113356983747215,2018,8,17,14,15,11,2018,8,17,17,37,12
5.309,0.04875861013317006,2018,8,17,14,25,18,2018,8,17,16,14,11
7.961,0.08113810090028878,2018,8,17,14,30,4,2018,8,17,16,8,11
12.4,0.02136212243022855,2018,8,17,14,31,48,2018,8,18,0,12,16
6.613,0.08795832409665263,2018,8,17,14,32,12,2018,8,17,15,47,23
13.957,0.04274295630869743,2018,8,17,14,44,34,2018,8,17,20,11,6
3.772,0.051518324607329836,2018,8,17,14,54,33,2018,8,17,16,7,46
2.694,0.04779420461265523,2018,8,17,15,14,3,2018,8,17,16,10,25
12.622,0.05118064472528215,2018,8,17,15,16,5,2018,8,17,19,22,42
47.614,0.08229885057471265,2018,8,17,15,20,36,2018,8,18,0,59,9
4.761,0.05434931506849316,2018,8,17,15,21,48,2018,8,17,16,49,24
2.482,0.0050812064965197225,2018,8,17,15,22,20,2018,8,17,23,30,48
15.743,0.049822248008861224,2018,8,17,15,23,28,2018,8,17,20,39,27
6.449,0.042945615982241954,2018,8,17,15,24,47,2018,8,17,17,54,57
3.234,0.047142857142857146,2018,8,17,15,33,55,2018,8,17,16,42,31
7.672,0.019812343978651975,2018,8,17,15,44,5,2018,8,17,22,11,19
5.764,0.041245080500894454,2018,8,17,15,44,45,2018,8,17,18,4,30
5.331,0.04817894261183913,2018,8,17,15,46,41,2018,8,17,17,37,20
13.917,0.053578440808469685,2018,8,17,15,47,30,2018,8,17,20,7,15
4.49,0.007731603719435197,2018,8,17,15,49,57,2018,8,18,1,30,41
2.574,0.04457142857142857,2018,8,17,15,52,21,2018,8,17,16,50,6
11.686,0.03551615844392665,2018,8,17,16,0,39,2018,8,17,21,29,41
4.889,0.008885321378808991,2018,8,17,16,4,3,2018,8,18,1,14,17
4.994,0.03501285347043702,2018,8,17,16,8,10,2018,8,17,18,30,48
2.103,0.03622739018087856,2018,8,17,16,13,37,2018,8,17,17,11,40
9.582,0.03121850564726325,2018,8,17,16,18,45,2018,8,17,21,25,41
13.202,0.04770083102493075,2018,8,17,16,24,12,2018,8,17,21,0,58
3.947,0.03091644908616188,2018,8,17,16,28,31,2018,8,17,18,36,11
1.782,0.025028089887640447,2018,8,17,16,33,29,2018,8,17,17,44,41
5.696,0.029604989604989602,2018,8,17,16,40,30,2018,8,17,19,52,54
8.314,0.0375887273001281,2018,8,17,16,40,44,2018,8,17,20,21,55
12.895,0.04283104517271922,2018,8,17,16,51,53,2018,8,17,21,52,57
9.814,0.038276131045241815,2018,8,17,17,4,51,2018,8,17,21,21,15
11.824,0.04292612089308404,2018,8,17,17,6,52,2018,8,17,21,42,19
4.318,0.03758595676773538,2018,8,17,17,8,58,2018,8,17,19,3,51
13.942,0.04767854089484183,2018,8,17,17,10,10,2018,8,17,22,2,35
13.247,0.028097426470588237,2018,8,17,17,15,1,2018,8,18,1,6,29
13.893,0.03285691761923532,2018,8,17,17,24,27,2018,8,18,0,27,17
5.591,0.03926723633384058,2018,8,17,17,51,39,2018,8,17,20,14,2
2.755,0.04014084507042253,2018,8,17,18,23,5,2018,8,17,19,31,43
13.6,0.04853098608302604,2018,8,17,19,39,4,2018,8,18,0,19,18
6.139,0.030398613518197577,2018,8,17,19,42,14,2018,8,17,23,4,11
6.863,0.053180937621077104,2018,8,17,20,0,44,2018,8,17,22,9,47
5.234,0.04014829966760419,2018,8,17,20,9,50,2018,8,17,22,20,12
6.323,0.05452428858867491,2018,8,17,20,10,40,2018,8,17,22,6,38
1.472,0.06367700072098054,2018,8,17,20,51,59,2018,8,17,21,15,6
13.214,0.0568059038475317,2018,8,17,21,13,41,2018,8,18,1,6,18
1.245,0.0498997995991984,2018,8,17,21,14,42,2018,8,17,21,39,39
2.043,0.05329565217391304,2018,8,17,21,19,9,2018,8,17,21,57,29
2.09,0.007278848386347805,2018,8,17,21,22,19,2018,8,18,2,9,27
3.2,0.045933014354066985,2018,8,17,21,52,31,2018,8,17,23,2,11
13.208,0.07223407164342358,2018,8,17,22,1,6,2018,8,18,1,3,57
7.612,0.08509782001117942,2018,8,17,22,18,51,2018,8,17,23,48,18
6.362,0.06141914722445696,2018,8,17,22,31,13,2018,8,18,0,14,48
4.315,0.09346570397111914,2018,8,17,22,32,39,2018,8,17,23,18,49
13.678,0.10022960429897411,2018,8,17,22,40,36,2018,8,18,0,57,4
13.89,0.0934200201771102,2018,8,17,23,1,6,2018,8,18,1,29,47
3.567,0.08962311557788946,2018,8,17,23,19,20,2018,8,17,23,59,8
1.557,0.06089960886571056,2018,8,17,23,35,50,2018,8,18,0,1,24
3.412,0.055150862068965516,2018,8,17,23,43,42,2018,8,18,0,45,34
13.886,0.09758257203092058,2018,8,17,23,47,35,2018,8,18,2,9,53
10.107,0.10426753782668499,2018,8,17,23,54,23,2018,8,18,1,31,19
6.272,0.055817264906555926,2018,8,18,0,5,22,2018,8,18,1,57,44
9.163,0.06547338335119686,2018,8,18,0,17,11,2018,8,18,2,37,8
10.123,0.10609257641921396,2018,8,18,0,18,48,2018,8,18,1,54,13
4.064,0.09044510385756678,2018,8,18,0,26,31,2018,8,18,1,11,27
21.434,0.10714321419645088,2018,8,18,0,36,34,2018,8,18,3,56,37
14.188786944444448,0.045995311290003074,2018,8,18,0,38,37,2018,8,18,5,47,6
3.33,0.05026415094339623,2018,8,18,1,7,15,2018,8,18,2,13,30
10.426,0.05377922971114168,2018,8,18,1,15,39,2018,8,18,4,29,31
0.975,0.07657068062827226,2018,8,18,1,35,45,2018,8,18,1,48,29
10.888,0.10709508196721311,2018,8,18,1,41,47,2018,8,18,3,23,27
0.897,0.03653767820773931,2018,8,18,1,49,53,2018,8,18,2,14,26
5.832,0.10972718720602069,2018,8,18,2,37,21,2018,8,18,3,30,30
11.696,0.09575112566516578,2018,8,18,3,1,37,2018,8,18,5,3,46
0.642,0.09418092909535453,2018,8,18,3,10,17,2018,8,18,3,17,6
5.797,0.052668079951544516,2018,8,18,3,22,8,2018,8,18,5,12,12
6.619,0.05231032665964173,2018,8,18,3,54,54,2018,8,18,6,1,26
13.902,0.018902284263959387,2018,8,18,4,15,10,2018,8,18,16,30,38
0.596,0.04806451612903225,2018,8,18,5,22,48,2018,8,18,5,35,12
10.854,0.05660495436766623,2018,8,18,5,45,53,2018,8,18,8,57,38
2.934,0.005819311758288983,2018,8,18,5,48,49,2018,8,18,14,13,0
13.212,0.023942011476895196,2018,8,18,7,13,21,2018,8,18,16,25,11
1.508,0.06138398914518318,2018,8,18,7,27,55,2018,8,18,7,52,29
3.712,0.04741750053225464,2018,8,18,7,38,39,2018,8,18,8,56,56
61.55,0.1044548154433602,2018,8,18,8,27,36,2018,8,18,18,16,51
16.378,0.051760863839873585,2018,8,18,8,34,48,2018,8,18,13,51,13
10.345,0.1079666028874587,2018,8,18,14,49,21,2018,8,18,16,25,10
12.416,0.10985990266922284,2018,8,18,14,52,34,2018,8,18,16,45,35
6.566,0.057926775474194975,2018,8,18,14,53,56,2018,8,18,16,47,17
10.748,0.09781283179129378,2018,8,18,15,39,0,2018,8,18,17,28,53
6.312,0.10458989229494615,2018,8,18,15,56,9,2018,8,18,16,56,30
13.238,0.03880025401787895,2018,8,18,15,57,44,2018,8,18,21,38,55
4.445,0.10659472422062351,2018,8,18,16,0,31,2018,8,18,16,42,13
5.941,0.051541353383458645,2018,8,18,16,19,21,2018,8,18,18,14,37
2.08,0.041572285143237846,2018,8,18,16,20,24,2018,8,18,17,10,26
5.082,0.10050098879367171,2018,8,18,16,33,39,2018,8,18,17,24,13
13.889,0.10664704376759662,2018,8,18,16,41,59,2018,8,18,18,52,13
5.009,0.10435416666666668,2018,8,18,16,42,0,2018,8,18,17,30,0
6.397,0.05072957969865187,2018,8,18,16,54,19,2018,8,18,19,0,25
1.686,0.09552407932011332,2018,8,18,17,32,34,2018,8,18,17,50,13
4.434,0.05561036789297659,2018,8,18,17,37,1,2018,8,18,18,56,45
13.873,0.10761215255332902,2018,8,18,17,51,5,2018,8,18,20,0,0
4.4,0.047636232407073265,2018,8,18,17,51,19,2018,8,18,19,23,41
0.748,0.029959946595460616,2018,8,18,17,56,37,2018,8,18,18,21,35
6.41,0.05357292101964062,2018,8,18,18,1,58,2018,8,18,20,1,37
6.108,0.05416494235885309,2018,8,18,18,15,38,2018,8,18,20,8,24
3.131,0.10299342105263158,2018,8,18,19,5,57,2018,8,18,19,36,21
13.919,0.05029146091774058,2018,8,18,19,10,17,2018,8,18,23,47,3
11.071,0.10398559799624295,2018,8,18,19,21,54,2018,8,18,21,8,22
13.916,0.085330608073582,2018,8,18,20,49,0,2018,8,18,23,32,5
2.431,0.04621673003802281,2018,8,18,21,19,5,2018,8,18,22,11,41
1.133,0.09642553191489361,2018,8,18,21,26,39,2018,8,18,21,38,24
13.896,0.10729121091236649,2018,8,18,21,37,52,2018,8,18,23,47,23
13.249,0.10559776833156218,2018,8,18,21,40,32,2018,8,18,23,46,0
1.922,0.028537490720118783,2018,8,18,21,51,24,2018,8,18,22,58,45
10.753,0.05481563296516568,2018,8,18,22,14,35,2018,8,19,1,30,45
1.826,0.03737973387922211,2018,8,18,22,15,59,2018,8,18,23,4,50
13.907,0.05624292262065246,2018,8,18,22,32,4,2018,8,19,2,39,20
13.232,0.04456219128872923,2018,8,18,22,52,25,2018,8,19,3,49,21
13.256,0.07721941747572816,2018,8,18,23,5,52,2018,8,19,1,57,32
3.956,0.10356020942408375,2018,8,18,23,31,42,2018,8,19,0,9,54
5.301,0.09597465298732649,2018,8,18,23,32,53,2018,8,19,0,28,7
12.847,0.10528889495970495,2018,8,18,23,46,13,2018,8,19,1,48,14
13.902,0.057217725339552744,2018,8,18,23,56,7,2018,8,19,3,59,5
15.567,0.054778018884522904,2018,8,19,0,5,24,2018,8,19,4,49,35
13.464,0.10245275840202918,2018,8,19,0,9,0,2018,8,19,2,20,25
5.973,0.09996652719665272,2018,8,19,0,9,2,2018,8,19,1,8,47
2.699,0.10077162414436838,2018,8,19,0,18,17,2018,8,19,0,45,4
0.89,0.03567134268537074,2018,8,19,0,36,58,2018,8,19,1,1,55
4.071,0.09463773731111971,2018,8,19,0,38,54,2018,8,19,1,21,55
5.579,0.10321924144310823,2018,8,19,0,51,19,2018,8,19,1,45,22
2.991,0.08897372335151214,2018,8,19,1,7,55,2018,8,19,1,41,32
12.518,0.10495807713806596,2018,8,19,1,19,53,2018,8,19,3,19,9
13.886,0.10025992779783392,2018,8,19,1,40,30,2018,8,19,3,59,0
29.475,0.10861020696431863,2018,8,19,1,40,49,2018,8,19,6,12,12
0.825,0.09392789373814041,2018,8,19,1,49,16,2018,8,19,1,58,3
13.199,0.04908211961574217,2018,8,19,1,56,39,2018,8,19,6,25,34
9.835,0.10797804208600184,2018,8,19,2,0,18,2018,8,19,3,31,23
13.894,0.017107326082495385,2018,8,19,2,7,21,2018,8,19,15,39,31
0.869,0.09261101243339255,2018,8,19,2,8,13,2018,8,19,2,17,36
3.222,0.04735913767760901,2018,8,19,2,17,23,2018,8,19,3,25,25
11.204,0.10743806936231422,2018,8,19,2,19,58,2018,8,19,4,4,15
5.861,0.1021376706360732,2018,8,19,2,38,41,2018,8,19,3,36,4
10.839,0.11101741208603619,2018,8,19,2,55,43,2018,8,19,4,33,21
13.219,0.018593867216804203,2018,8,19,3,50,25,2018,8,19,15,41,21
1.153,0.10340807174887892,2018,8,19,4,24,50,2018,8,19,4,35,59
13.247,0.030759287925696592,2018,8,19,5,21,25,2018,8,19,12,32,5
5.443,0.010287280287280286,2018,8,19,6,24,42,2018,8,19,15,13,48
6.732,0.05352769679300292,2018,8,19,6,33,46,2018,8,19,8,39,32
6.024,0.05140662779121035,2018,8,19,8,52,5,2018,8,19,10,49,16
2.43,0.032941708088567556,2018,8,19,14,5,52,2018,8,19,15,19,38
13.872,0.07661266568483063,2018,8,19,14,32,52,2018,8,19,17,33,56
4.818,0.022158516020236087,2018,8,19,14,45,45,2018,8,19,18,23,11
0.588,0.08018181818181819,2018,8,19,15,12,59,2018,8,19,15,20,19
13.439,0.11175883575883576,2018,8,19,15,21,37,2018,8,19,17,21,52
3.766,0.052016574585635356,2018,8,19,15,40,32,2018,8,19,16,52,56
7.17,0.10819919517102616,2018,8,19,15,49,52,2018,8,19,16,56,8
2.315,0.10717592592592591,2018,8,19,16,9,56,2018,8,19,16,31,32
4.117,0.05582372881355932,2018,8,19,16,16,8,2018,8,19,17,29,53
13.25,0.08651648710414626,2018,8,19,16,57,14,2018,8,19,19,30,23
1.447,0.09967853042479909,2018,8,19,17,18,54,2018,8,19,17,33,25
6.155,0.09582252205500778,2018,8,19,17,32,30,2018,8,19,18,36,44
10.289,0.09694409547738693,2018,8,19,17,51,23,2018,8,19,19,37,31
5.739,0.10683834936394662,2018,8,19,17,55,46,2018,8,19,18,49,29
12.123,0.10744165435745938,2018,8,19,18,8,47,2018,8,19,20,1,37
0.528,0.0024653696498054475,2018,8,19,18,30,20,2018,8,19,22,4,30
13.885,0.08333500050015004,2018,8,19,18,34,2,2018,8,19,21,20,39
2.9,0.08978328173374614,2018,8,19,18,36,13,2018,8,19,19,8,31
13.921,0.10324598269468478,2018,8,19,18,44,13,2018,8,19,20,59,3
9.787,0.07399445564516129,2018,8,19,18,51,31,2018,8,19,21,3,47
14.894,0.10982425955511858,2018,8,19,19,4,30,2018,8,19,21,20,7
2.109,0.03148544414033341,2018,8,19,19,20,20,2018,8,19,20,27,19
11.915,0.05491626978030419,2018,8,19,19,37,1,2018,8,19,23,13,59
13.216,0.10847606019151847,2018,8,19,19,38,40,2018,8,19,21,40,30
5.322,0.1034402332361516,2018,8,19,19,44,47,2018,8,19,20,36,14
7.97,0.06087067209775967,2018,8,19,20,3,26,2018,8,19,22,14,22
6.152,0.10543273350471294,2018,8,19,20,35,2,2018,8,19,21,33,23
12.127,0.060223472934944546,2018,8,19,20,37,0,2018,8,19,23,58,22
3.32,0.04433563320721121,2018,8,19,20,41,18,2018,8,19,21,56,11
11.153,0.056787169042769856,2018,8,19,20,56,40,2018,8,20,0,13,4
13.87,0.065911610961508,2018,8,19,21,19,48,2018,8,20,0,50,14
5.462,0.10661027976577749,2018,8,19,21,31,2,2018,8,19,22,22,16
5.753,0.10776771776459569,2018,8,19,22,37,6,2018,8,19,23,30,29
5.297,0.04984629861982434,2018,8,19,22,53,1,2018,8,20,0,39,17
4.923,0.09999322951929587,2018,8,19,23,6,59,2018,8,19,23,56,13
3.527,0.0974758175955781,2018,8,19,23,28,1,2018,8,20,0,4,12
1.186,0.03763088313061872,2018,8,19,23,30,12,2018,8,20,0,1,43
1.107,0.09668122270742359,2018,8,19,23,48,2,2018,8,19,23,59,29
1.606,0.10766480446927375,2018,8,19,23,59,37,2018,8,20,0,14,32
13.944,0.011050879695672849,2018,8,20,0,8,21,2018,8,20,21,10,9
28.63,0.107517055767666,2018,8,20,0,11,25,2018,8,20,4,37,42
7.02,0.10886533988110622,2018,8,20,0,24,14,2018,8,20,1,28,43
10.3,0.10777816532961285,2018,8,20,0,49,19,2018,8,20,2,24,53
5.622,0.10976895541815815,2018,8,20,1,39,59,2018,8,20,2,31,12
4.488,0.04969182505997417,2018,8,20,2,1,22,2018,8,20,3,31,41
0.666,0.09866666666666667,2018,8,20,2,10,38,2018,8,20,2,17,23
13.896,0.10790216125275011,2018,8,20,3,15,59,2018,8,20,5,24,46
13.187,0.02153800087108014,2018,8,20,3,34,39,2018,8,20,13,46,55
4.718,0.09364207740654978,2018,8,20,3,48,14,2018,8,20,4,38,37
0.99,0.035231316725978644,2018,8,20,3,56,39,2018,8,20,4,24,45
1.201,0.09994452149791956,2018,8,20,4,0,50,2018,8,20,4,12,51
1.55,0.10054054054054054,2018,8,20,4,36,31,2018,8,20,4,51,56
14.464,0.05727938749917497,2018,8,20,4,43,48,2018,8,20,8,56,19
0.641,0.08565701559020045,2018,8,20,4,53,27,2018,8,20,5,0,56
4.928,0.10451749734888653,2018,8,20,5,0,13,2018,8,20,5,47,22
2.392,0.10377440347071583,2018,8,20,5,23,41,2018,8,20,5,46,44
8.172,0.11331638548648026,2018,8,20,5,30,13,2018,8,20,6,42,20
1.444,0.10180963572267919,2018,8,20,6,24,42,2018,8,20,6,38,53
12.09,0.04885506465517241,2018,8,20,11,49,44,2018,8,20,15,57,12
3.488,0.054386694386694384,2018,8,20,13,34,19,2018,8,20,14,38,27
25.894,0.06210088736110001,2018,8,20,13,44,20,2018,8,20,20,41,18
9.931,0.06984644238659007,2018,8,20,13,48,56,2018,8,20,16,11,7
11.782,0.06552229122254148,2018,8,20,14,3,7,2018,8,20,17,2,56
13.916,0.06055700609225413,2018,8,20,14,21,22,2018,8,20,18,11,10
6.614,0.07003882809742322,2018,8,20,14,24,11,2018,8,20,15,58,37
14.917,0.062383773611207914,2018,8,20,14,31,27,2018,8,20,18,30,34
13.942,0.056426306913996624,2018,8,20,14,39,20,2018,8,20,18,46,25
5.631,0.05174758768570991,2018,8,20,14,47,23,2018,8,20,16,36,12
13.573,0.04086816881617905,2018,8,20,15,1,7,2018,8,20,20,33,14
13.211,0.03656686810905568,2018,8,20,15,2,42,2018,8,20,21,3,59
20.054,0.03968993270880063,2018,8,20,15,5,45,2018,8,20,23,31,1
13.214,0.02292306357880128,2018,8,20,15,9,12,2018,8,21,0,45,39
5.312,0.052917150921467704,2018,8,20,15,11,53,2018,8,20,16,52,16
6.892,0.049164189751515874,2018,8,20,15,12,6,2018,8,20,17,32,17
6.723,0.032431259044862513,2018,8,20,15,16,48,2018,8,20,18,44,6
9.109,0.03270931833143814,2018,8,20,15,18,12,2018,8,20,19,56,41
13.226,0.0383584686774942,2018,8,20,15,19,13,2018,8,20,21,4,1
4.891,0.03272666443626631,2018,8,20,15,23,4,2018,8,20,17,52,31
2.252,0.03810490693739424,2018,8,20,15,23,54,2018,8,20,16,23,0
12.092,0.023565790755838503,2018,8,20,15,28,10,2018,8,21,0,1,17
3.468,0.0363268156424581,2018,8,20,15,31,57,2018,8,20,17,7,25
13.894,0.05236432160804021,2018,8,20,15,32,2,2018,8,20,19,57,22
13.402,0.0327503767360404,2018,8,20,15,42,23,2018,8,20,22,31,36
4.405,0.034607830299855966,2018,8,20,15,42,33,2018,8,20,17,49,50
3.14,0.006239443616492797,2018,8,20,15,48,9,2018,8,21,0,11,24
13.915,0.026306005419371097,2018,8,20,15,48,45,2018,8,21,0,37,43
2.123,0.029685388021440228,2018,8,20,15,53,31,2018,8,20,17,5,2
1.933,0.027574893009985738,2018,8,20,16,0,39,2018,8,20,17,10,45
5.863,0.0302632484514797,2018,8,20,16,4,51,2018,8,20,19,18,35
3.167,0.028522966076253375,2018,8,20,16,6,23,2018,8,20,17,57,25
12.195,0.04438311294431639,2018,8,20,16,8,25,2018,8,20,20,43,11
31.844,0.0633543338417667,2018,8,20,16,27,2,2018,8,21,0,49,40
10.443,0.02910670320992242,2018,8,20,16,32,31,2018,8,20,22,31,18
13.892,0.033453202761277896,2018,8,20,16,33,31,2018,8,20,23,28,47
5.61,0.0364246293691159,2018,8,20,16,36,0,2018,8,20,19,10,1
11.006,0.03213587035865492,2018,8,20,16,37,37,2018,8,20,22,20,6
3.912,0.031654753877275794,2018,8,20,16,45,25,2018,8,20,18,49,0
5.765,0.026540320724315197,2018,8,20,16,51,20,2018,8,20,20,28,33
13.899,0.030471353405437007,2018,8,20,16,59,54,2018,8,21,0,36,2
11.459,0.036373928684795255,2018,8,20,16,59,57,2018,8,20,22,14,59
7.198,0.033891548301028016,2018,8,20,17,15,44,2018,8,20,20,48,7
13.251,0.027316955849510393,2018,8,20,17,16,8,2018,8,21,1,21,13
13.916,0.03131060861739229,2018,8,20,17,21,11,2018,8,21,0,45,38
8.908,0.027400799753921866,2018,8,20,18,44,24,2018,8,21,0,9,30
13.914,0.04536680795565699,2018,8,20,18,46,18,2018,8,20,23,53,0
7.19,0.04328283335005518,2018,8,20,19,3,53,2018,8,20,21,50,0
6.746,0.03610382659887611,2018,8,20,19,36,38,2018,8,20,22,43,29
12.084,0.0424024796771741,2018,8,20,19,46,45,2018,8,21,0,31,44
7.47,0.03513089825991535,2018,8,20,19,55,51,2018,8,20,23,28,29
8.454,0.045808723923056086,2018,8,20,19,58,3,2018,8,20,23,2,36
4.994,0.041599333610995416,2018,8,20,20,29,41,2018,8,20,22,29,44
13.882,0.04976519089442553,2018,8,20,20,49,30,2018,8,21,1,28,27
1.304,0.02845090909090909,2018,8,20,21,15,16,2018,8,20,22,1,6
11.504,0.0492009409081189,2018,8,20,21,30,51,2018,8,21,1,24,40
2.798,0.035833511205976526,2018,8,20,21,31,14,2018,8,20,22,49,19
0.591,0.027789968652037617,2018,8,20,21,41,23,2018,8,20,22,2,39
4.875,0.02389705882352941,2018,8,20,21,45,18,2018,8,21,1,9,18
1.208,0.027054871220604702,2018,8,20,22,6,38,2018,8,20,22,51,17
7.743,0.04905807814149947,2018,8,20,22,7,37,2018,8,21,0,45,27
2.163,0.03317484662576687,2018,8,20,22,30,11,2018,8,20,23,35,23
10.325,0.08628133704735375,2018,8,20,23,3,58,2018,8,21,1,3,38
4.009,0.05514442916093535,2018,8,20,23,42,35,2018,8,21,0,55,17
7.242,0.09541501976284585,2018,8,20,23,42,50,2018,8,21,0,58,44
12.519,0.09811128526645768,2018,8,21,0,2,59,2018,8,21,2,10,35
13.902,0.099017094017094,2018,8,21,0,6,33,2018,8,21,2,26,57
13.218,0.1043251775848461,2018,8,21,0,30,7,2018,8,21,2,36,49
13.882,0.11032052980132451,2018,8,21,0,39,50,2018,8,21,2,45,40
4.686,0.09799930289299406,2018,8,21,1,20,24,2018,8,21,2,8,13
13.213,0.023900512511305393,2018,8,21,1,35,39,2018,8,21,10,48,29
10.42,0.10528797574941057,2018,8,21,1,49,9,2018,8,21,3,28,7
13.355,0.10658419792498006,2018,8,21,1,50,26,2018,8,21,3,55,44
13.349,0.10823513513513514,2018,8,21,1,56,55,2018,8,21,4,0,15
3.146,0.1079245283018868,2018,8,21,2,16,25,2018,8,21,2,45,34
13.191,0.10806389950846533,2018,8,21,2,23,33,2018,8,21,4,25,37
5.63,0.10442040185471407,2018,8,21,2,27,34,2018,8,21,3,21,29
10.061,0.05428597122302158,2018,8,21,2,29,33,2018,8,21,5,34,53
13.866,0.10556528359345262,2018,8,21,2,36,45,2018,8,21,4,48,6
6.525,0.05231858880128291,2018,8,21,3,15,16,2018,8,21,5,19,59
5.194,0.10775933609958506,2018,8,21,3,27,3,2018,8,21,4,15,15
4.489,0.056206176961602676,2018,8,21,4,0,30,2018,8,21,5,20,22
9.317,0.09591969800960878,2018,8,21,4,8,52,2018,8,21,5,46,0
9.857,0.0560269041303524,2018,8,21,4,20,9,2018,8,21,7,16,5
11.388,0.05511656045817536,2018,8,21,4,39,36,2018,8,21,8,6,13
7.418,0.05704691104844912,2018,8,21,4,40,33,2018,8,21,6,50,35
5.312,0.11020746887966805,2018,8,21,4,48,17,2018,8,21,5,36,29
13.253,0.1030827067669173,2018,8,21,4,51,44,2018,8,21,7,0,18
27.087,0.11179885808626264,2018,8,21,5,26,56,2018,8,21,9,29,13
2.388,0.04273188189680883,2018,8,21,8,5,30,2018,8,21,9,1,23
12.111,0.04781287011448875,2018,8,21,11,44,4,2018,8,21,15,57,22
2.088,0.03332801276935355,2018,8,21,13,29,38,2018,8,21,14,32,17
6.225,0.07631794033510421,2018,8,21,13,49,55,2018,8,21,15,11,29
13.702,0.06795503388989915,2018,8,21,14,6,44,2018,8,21,17,28,22
1.67,0.0028842002245185803,2018,8,21,14,32,4,2018,8,22,0,11,5
12.274,0.040063105211620056,2018,8,21,14,33,52,2018,8,21,19,40,14
13.252,0.03503657354366793,2018,8,21,14,39,16,2018,8,21,20,57,30
13.898,0.03715711612155779,2018,8,21,14,43,32,2018,8,21,20,57,34
4.01,0.05225890529973935,2018,8,21,14,45,1,2018,8,21,16,1,45
13.938,0.05432506171235547,2018,8,21,14,45,15,2018,8,21,19,1,49
3.051,0.005918143023406182,2018,8,21,15,3,22,2018,8,21,23,38,54
10.283,0.03320667384284176,2018,8,21,15,6,48,2018,8,21,20,16,28
1.61,0.042,2018,8,21,15,7,47,2018,8,21,15,46,7
13.219,0.034511356713950045,2018,8,21,15,8,44,2018,8,21,21,31,46
2.925,0.005311421826765934,2018,8,21,15,12,8,2018,8,22,0,22,50
6.45,0.03446433342238846,2018,8,21,15,27,22,2018,8,21,18,34,31
5.842,0.03898131672597864,2018,8,21,15,32,4,2018,8,21,18,1,56
13.251,0.03901177625122669,2018,8,21,15,33,44,2018,8,21,21,13,24
12.851,0.037951469212974355,2018,8,21,15,37,8,2018,8,21,21,15,45
4.535,0.041675601164037374,2018,8,21,15,41,37,2018,8,21,17,30,26
4.306,0.04339267719180383,2018,8,21,15,41,53,2018,8,21,17,21,7
13.324,0.04053133238693977,2018,8,21,15,42,51,2018,8,21,21,11,35
13.914,0.03983015267175573,2018,8,21,15,43,44,2018,8,21,21,33,4
13.892,0.04222706317442626,2018,8,21,15,44,28,2018,8,21,21,13,27
4.749,0.037043681747269894,2018,8,21,15,45,19,2018,8,21,17,53,31
5.036,0.022782175978285454,2018,8,21,15,53,56,2018,8,21,19,34,59
13.192,0.03224770829089428,2018,8,21,15,57,28,2018,8,21,22,46,33
10.306,0.03629938362195479,2018,8,21,16,3,17,2018,8,21,20,47,12
10.913,0.021941558876750887,2018,8,21,16,3,20,2018,8,22,0,20,42
13.947,0.03967099649189343,2018,8,21,16,3,44,2018,8,21,21,55,18
13.894,0.037344442951216236,2018,8,21,16,4,29,2018,8,21,22,16,32
0.859,0.03362035225048923,2018,8,21,16,6,3,2018,8,21,16,31,36
3.293,0.028490266762797405,2018,8,21,16,9,57,2018,8,21,18,5,32
13.188,0.033276420370915515,2018,8,21,16,19,50,2018,8,21,22,56,9
2.944,0.03440592130892092,2018,8,21,16,23,37,2018,8,21,17,49,11
8.096,0.034242210630198784,2018,8,21,16,24,41,2018,8,21,20,21,7
13.903,0.030471215663354766,2018,8,21,16,25,50,2018,8,22,0,2,6
7.164,0.03718982522927842,2018,8,21,16,27,48,2018,8,21,19,40,26
13.888,0.037763074413124265,2018,8,21,16,41,15,2018,8,21,22,49,1
5.652,0.028421052631578948,2018,8,21,16,55,57,2018,8,21,20,14,49
10.603,0.03787913069365882,2018,8,21,17,9,15,2018,8,21,21,49,10
4.081,0.03384849322643075,2018,8,21,17,46,33,2018,8,21,19,47,7
11.578,0.03892418893931753,2018,8,21,17,56,29,2018,8,21,22,53,56
13.949,0.009770145803906003,2018,8,21,18,7,55,2018,8,22,17,55,38
1.348,0.034862068965517246,2018,8,21,18,17,52,2018,8,21,18,56,32
13.631,0.05564430534766635,2018,8,21,19,1,26,2018,8,21,23,6,24
13.781,0.05728557572398504,2018,8,21,19,15,37,2018,8,21,23,16,11
8.184,0.049158073881269394,2018,8,21,20,17,20,2018,8,21,23,3,49
4.263,0.02000312817705482,2018,8,21,20,26,49,2018,8,21,23,59,56
7.608,0.0898759598346131,2018,8,21,22,0,46,2018,8,21,23,25,25
9.997,0.10033790565406489,2018,8,21,22,55,54,2018,8,22,0,35,32
4.207,0.09814152410575427,2018,8,22,0,1,4,2018,8,22,0,43,56
13.936,0.023240869420201236,2018,8,22,0,4,15,2018,8,22,10,3,53
2.519,0.03308669001751313,2018,8,22,0,14,29,2018,8,22,1,30,37
19.176,0.11025970292285577,2018,8,22,0,16,26,2018,8,22,3,10,21
13.245,0.05101752583937857,2018,8,22,0,17,8,2018,8,22,4,36,45
8.983,0.05800473525613431,2018,8,22,0,44,34,2018,8,22,3,19,26
6.498,0.03650903642663171,2018,8,22,0,48,46,2018,8,22,3,46,45
5.833,0.10845367214130772,2018,8,22,1,49,42,2018,8,22,2,43,29
12.168,0.10551813845931493,2018,8,22,1,50,20,2018,8,22,3,45,39
9.491,0.05106806564433683,2018,8,22,1,57,33,2018,8,22,5,3,24
8.849,0.10396318778147641,2018,8,22,2,14,15,2018,8,22,3,39,22
4.471,0.10989758295780419,2018,8,22,2,14,49,2018,8,22,2,55,30
12.001,0.10084873949579831,2018,8,22,2,17,26,2018,8,22,4,16,26
5.203,0.10884937238493725,2018,8,22,2,40,59,2018,8,22,3,28,47
13.204,0.020436992132077905,2018,8,22,2,55,32,2018,8,22,13,41,37
12.445,0.09523020022956255,2018,8,22,2,56,2,2018,8,22,5,6,43
13.874,0.10117160913952358,2018,8,22,3,7,35,2018,8,22,5,24,43
29.772,0.1095297075234533,2018,8,22,3,12,59,2018,8,22,7,44,48
6.743,0.052652264445601255,2018,8,22,3,17,6,2018,8,22,5,25,10
12.448,0.1072025261949189,2018,8,22,3,21,34,2018,8,22,5,17,41
4.343,0.1032,2018,8,22,3,26,24,2018,8,22,4,8,29
13.88,0.09310229178311906,2018,8,22,3,54,59,2018,8,22,6,24,4
1.523,0.05096486335750139,2018,8,22,3,58,18,2018,8,22,4,28,11
13.658,0.056372016234436266,2018,8,22,4,27,16,2018,8,22,8,29,33
4.14,0.00796204884928521,2018,8,22,4,39,17,2018,8,22,13,19,15
13.918,0.03851667358516673,2018,8,22,5,17,6,2018,8,22,11,18,27
13.209,0.05289594874190749,2018,8,22,5,54,26,2018,8,22,10,4,9
3.849,0.09785593220338983,2018,8,22,6,6,10,2018,8,22,6,45,30
1.363,0.10083847102342786,2018,8,22,6,23,10,2018,8,22,6,36,41
13.825065833333332,0.04043402144772117,2018,8,22,7,31,59,2018,8,22,13,13,54
13.906,0.10180087847730601,2018,8,22,7,47,23,2018,8,22,10,3,59
6.147,0.05040590405904059,2018,8,22,8,7,8,2018,8,22,10,9,5
12.098,0.04779614143675512,2018,8,22,12,1,24,2018,8,22,16,14,31
3.659,0.050146185472818634,2018,8,22,13,8,40,2018,8,22,14,21,38
7.014,0.0591732283464567,2018,8,22,13,49,35,2018,8,22,15,48,7
7.433,0.04469185289107125,2018,8,22,14,0,40,2018,8,22,16,46,59
13.135,0.07312117275932455,2018,8,22,14,7,55,2018,8,22,17,7,33
11.181,0.045209245906058355,2018,8,22,14,17,44,2018,8,22,18,25,3
13.204,0.022594113620807668,2018,8,22,14,21,46,2018,8,23,0,6,10
4.291,0.007420238060927458,2018,8,22,14,31,25,2018,8,23,0,9,42
7.164,0.08678376741368868,2018,8,22,14,42,38,2018,8,22,16,5,11
13.902,0.04916421077449016,2018,8,22,14,43,16,2018,8,22,19,26,2
2.575,0.042809642560266,2018,8,22,15,0,49,2018,8,22,16,0,58
2.656,0.014489907255864702,2018,8,22,15,10,54,2018,8,22,18,14,12
12.934,0.023866404231762825,2018,8,22,15,23,35,2018,8,23,0,25,31
4.904,0.04769654725239099,2018,8,22,15,23,46,2018,8,22,17,6,35
17.5,0.034938275712907196,2018,8,22,15,25,6,2018,8,22,23,45,59
5.179,0.04719623329283111,2018,8,22,15,27,51,2018,8,22,17,17,35
13.889,0.0298100518690753,2018,8,22,15,29,31,2018,8,22,23,15,26
6.944,0.04099576896585654,2018,8,22,15,32,51,2018,8,22,18,22,14
10.27,0.019776622376275758,2018,8,22,15,37,58,2018,8,23,0,17,16
13.914,0.027534300791556728,2018,8,22,15,40,57,2018,8,23,0,6,17
13.913,0.02624021626379153,2018,8,22,15,41,14,2018,8,23,0,31,27
6.674,0.035648535564853555,2018,8,22,15,42,5,2018,8,22,18,49,18
5.917,0.03538875598086125,2018,8,22,15,46,0,2018,8,22,18,33,12
24.856,0.05464258234712198,2018,8,22,15,46,15,2018,8,22,23,21,8
5.046,0.030966554157717097,2018,8,22,15,47,31,2018,8,22,18,30,28
3.659,0.031189089359283988,2018,8,22,15,48,17,2018,8,22,17,45,36
6.733,0.021903057905009758,2018,8,22,15,52,27,2018,8,22,20,59,51
4.71,0.03257261410788382,2018,8,22,15,54,7,2018,8,22,18,18,43
10.466,0.0398300139540784,2018,8,22,15,55,39,2018,8,22,20,18,25
13.887,0.02841620626151013,2018,8,22,15,57,30,2018,8,23,0,6,12
5.146,0.034536912751677855,2018,8,22,16,0,4,2018,8,22,18,29,4
13.9,0.03816758958400073,2018,8,22,16,8,18,2018,8,22,22,12,29
5.476,0.03153772317143406,2018,8,22,16,14,35,2018,8,22,19,8,13
6.144,0.030965140697186058,2018,8,22,16,18,12,2018,8,22,19,36,37
5.781,0.026796971569839307,2018,8,22,16,23,3,2018,8,22,19,58,47
3.943,0.028160933222235444,2018,8,22,16,32,38,2018,8,22,18,52,39
8.11,0.027839121231191713,2018,8,22,16,37,51,2018,8,22,21,29,10
7.795,0.0332008234542486,2018,8,22,16,48,22,2018,8,22,20,43,9
9.007,0.018429272950484243,2018,8,22,16,52,22,2018,8,23,1,1,6
13.183,0.027213238835753113,2018,8,22,17,0,25,2018,8,23,1,4,51
0.778,0.03355859094176851,2018,8,22,17,2,18,2018,8,22,17,25,29
8.053,0.03478367288172198,2018,8,22,17,5,35,2018,8,22,20,57,6
13.881,0.02903165086447295,2018,8,22,17,13,37,2018,8,23,1,11,45
10.119,0.03684996358339403,2018,8,22,17,18,53,2018,8,22,21,53,29
13.911,0.034438851295593334,2018,8,22,17,22,15,2018,8,23,0,6,11
7.332,0.03678260869565217,2018,8,22,17,54,43,2018,8,22,21,14,3
6.391,0.03329223823580483,2018,8,22,18,24,9,2018,8,22,21,36,7
4.743,0.02973046385290431,2018,8,22,18,34,3,2018,8,22,21,13,35
13.911,0.04204200876441848,2018,8,22,18,35,17,2018,8,23,0,6,10
13.002,0.025313777662405088,2018,8,22,18,48,7,2018,8,23,3,21,45
10.695,0.031176213379973765,2018,8,22,18,54,39,2018,8,23,0,37,42
13.899,0.054473838918283356,2018,8,22,19,25,18,2018,8,22,23,40,27
13.209,0.0513602488497181,2018,8,22,20,26,36,2018,8,23,0,43,47
0.5037679211467802,0.03982355107879685,2018,8,22,21,17,17,2018,8,22,21,29,56
11.596,0.05083735203857957,2018,8,22,21,36,43,2018,8,23,1,24,49
5.082,0.048763793379177994,2018,8,22,21,38,32,2018,8,22,23,22,45
3.811,0.052759575449930776,2018,8,22,22,0,45,2018,8,22,23,12,59
4.245572222222222,0.04926210275253013,2018,8,22,22,24,43,2018,8,22,23,50,54
3.796,0.053894936109796496,2018,8,22,23,2,13,2018,8,23,0,12,39
12.531,0.054936431389741344,2018,8,22,23,33,39,2018,8,23,3,21,45
4.378,0.05392732498460275,2018,8,22,23,39,4,2018,8,23,1,0,15
12.284,0.05701113861386139,2018,8,22,23,40,13,2018,8,23,3,15,41
8.136,0.10212552301255229,2018,8,23,0,28,38,2018,8,23,1,48,18
3.03,0.05633715525255655,2018,8,23,0,47,23,2018,8,23,1,41,10
13.233,0.04539622641509434,2018,8,23,1,0,46,2018,8,23,5,52,16
4.585,0.0564771094231164,2018,8,23,1,6,15,2018,8,23,2,27,26
2.284,0.08070671378091872,2018,8,23,1,7,47,2018,8,23,1,36,5
5.738,0.10853720050441362,2018,8,23,1,10,51,2018,8,23,2,3,43
5.4,0.11141678129298488,2018,8,23,1,23,53,2018,8,23,2,12,21
7.144,0.10976696542893727,2018,8,23,1,36,44,2018,8,23,2,41,49
12.886,0.13933321319156602,2018,8,23,1,49,16,2018,8,23,3,21,45
8.115,0.10803195029953407,2018,8,23,2,6,35,2018,8,23,3,21,42
2.179,0.09536105032822756,2018,8,23,2,20,42,2018,8,23,2,43,33
12.499,0.05408091151655008,2018,8,23,2,24,19,2018,8,23,6,15,26
10.138,0.1922503160556258,2018,8,23,2,28,59,2018,8,23,3,21,43
12.763,0.25306675479180435,2018,8,23,2,31,17,2018,8,23,3,21,43
5.867,0.18895330112721417,2018,8,23,2,50,40,2018,8,23,3,21,43
13.2,0.4351648351648352,2018,8,23,2,51,22,2018,8,23,3,21,42
11.674,0.6761003861003861,2018,8,23,3,4,29,2018,8,23,3,21,45
1.372,0.1221364985163205,2018,8,23,3,10,28,2018,8,23,3,21,42
6.49,0.7067150635208711,2018,8,23,3,12,34,2018,8,23,3,21,45
13.844,0.09617228204237582,2018,8,23,3,16,31,2018,8,23,5,40,28
36.774,0.10874519467718087,2018,8,23,3,22,24,2018,8,23,9,0,34
11.27,0.05651011198395454,2018,8,23,5,39,57,2018,8,23,8,59,23
3.516,0.05369305166709086,2018,8,23,5,51,27,2018,8,23,6,56,56
2.266,0.04469428007889546,2018,8,23,7,3,25,2018,8,23,7,54,7
0.523,0.028143497757847538,2018,8,23,10,8,22,2018,8,23,10,26,57
11.946,0.049885857461024495,2018,8,23,11,45,38,2018,8,23,15,45,6
3.633,0.11247678018575852,2018,8,23,12,30,17,2018,8,23,13,2,35
13.203,0.026040564084020907,2018,8,23,14,13,30,2018,8,23,22,40,31
3.035,0.005798255110488443,2018,8,23,14,14,5,2018,8,23,22,57,31
5.258,0.0493631669535284,2018,8,23,14,31,17,2018,8,23,16,17,48
4.385,0.11148305084745762,2018,8,23,14,32,56,2018,8,23,15,12,16
4.148,0.051645569620253164,2018,8,23,14,50,42,2018,8,23,16,11,1
12.851,0.07169983262042032,2018,8,23,14,52,12,2018,8,23,17,51,26
6.568,0.012678312904159831,2018,8,23,15,9,2,2018,8,23,23,47,5
6.229,0.05236654056326188,2018,8,23,15,17,7,2018,8,23,17,16,4
6.042,0.03415810798077829,2018,8,23,15,17,48,2018,8,23,18,14,41
5.155,0.03351392350200455,2018,8,23,15,19,23,2018,8,23,17,53,12
13.214,0.025678196657598133,2018,8,23,15,21,44,2018,8,23,23,56,20
13.257,0.05452563751028242,2018,8,23,15,23,25,2018,8,23,19,26,33
5.949,0.023918783086510756,2018,8,23,15,40,20,2018,8,23,19,49,3
9.108,0.02207375691723553,2018,8,23,15,43,52,2018,8,23,22,36,29
13.938,0.02848365122615804,2018,8,23,15,47,50,2018,8,23,23,57,10
0.669,0.10507853403141362,2018,8,23,15,56,36,2018,8,23,16,2,58
7.743,0.048918605875539645,2018,8,23,16,3,12,2018,8,23,18,41,29
5.597,0.03101403768008866,2018,8,23,16,6,3,2018,8,23,19,6,31
6.362,0.04784058152650709,2018,8,23,16,6,49,2018,8,23,18,19,48
13.963,0.02970113801538625,2018,8,23,16,8,44,2018,8,23,23,58,51
4.038,0.049769926047658175,2018,8,23,16,11,50,2018,8,23,17,32,58
3.893,0.032641140301844604,2018,8,23,16,12,32,2018,8,23,18,11,48
0.932,0.035214105793450884,2018,8,23,16,15,5,2018,8,23,16,41,33
11.762,0.02750058452186112,2018,8,23,16,17,25,2018,8,23,23,25,7
4.339,0.049269492808478435,2018,8,23,16,18,58,2018,8,23,17,47,2
13.25,0.03365221808330511,2018,8,23,16,19,21,2018,8,23,22,53,5
1.101,0.05685025817555938,2018,8,23,16,32,2,2018,8,23,16,51,24
1.958,0.033027832443070004,2018,8,23,16,32,37,2018,8,23,17,31,54
10.295,0.043604404913172384,2018,8,23,16,34,8,2018,8,23,20,30,14
11.201,0.028053932209049927,2018,8,23,16,37,37,2018,8,23,23,16,53
1.469,0.03374425727411945,2018,8,23,16,40,52,2018,8,23,17,24,24
4.95,0.04342105263157895,2018,8,23,16,42,15,2018,8,23,18,36,15
13.467,0.04353086951837087,2018,8,23,16,47,17,2018,8,23,21,56,39
13.878,0.04327408793264734,2018,8,23,16,47,50,2018,8,23,22,8,32
13.234,0.028643988312109955,2018,8,23,16,50,28,2018,8,24,0,32,29
6.803,0.03423180140892318,2018,8,23,16,50,38,2018,8,23,20,9,22
3.542,0.03880226401314588,2018,8,23,16,54,12,2018,8,23,18,25,29
7.17,0.03716951788491446,2018,8,23,16,55,54,2018,8,23,20,8,48
7.526,0.045255562236921225,2018,8,23,17,3,32,2018,8,23,19,49,50
7.064,0.041642758891727256,2018,8,23,17,43,3,2018,8,23,20,32,41
13.895,0.03656578947368421,2018,8,23,18,12,15,2018,8,24,0,32,15
2.627,0.03592888078413495,2018,8,23,18,14,47,2018,8,23,19,27,54
8.162,0.04883526126844835,2018,8,23,18,17,0,2018,8,23,21,4,8
10.52,0.05643776824034334,2018,8,23,18,46,14,2018,8,23,21,52,38
13.908,0.05446641864108087,2018,8,23,19,53,55,2018,8,24,0,9,16
9.572,0.05396222869491685,2018,8,23,20,23,6,2018,8,23,23,20,29
2.777,0.02538004569687738,2018,8,23,21,11,45,2018,8,23,23,1,10
3.653,0.05383935151068534,2018,8,23,21,20,8,2018,8,23,22,27,59
12.394,0.0505361875637105,2018,8,23,21,41,41,2018,8,24,1,46,56
18.161,0.10626682270333529,2018,8,23,22,21,36,2018,8,24,1,12,30
1.795,0.09944598337950138,2018,8,23,22,58,32,2018,8,23,23,16,35
4.77,0.05236962488563586,2018,8,23,23,4,39,2018,8,24,0,35,44
8.715,0.05021125408104475,2018,8,23,23,28,36,2018,8,24,2,22,10
6.203,0.0484609375,2018,8,24,0,6,22,2018,8,24,2,14,22
1.138,0.038839590443686005,2018,8,24,0,12,53,2018,8,24,0,42,11
11.051,0.1047819216182048,2018,8,24,0,14,54,2018,8,24,2,0,22
4.156,0.1043347280334728,2018,8,24,0,37,17,2018,8,24,1,17,7
13.88,0.03160411369587492,2018,8,24,0,40,51,2018,8,24,8,0,2
25.355,0.09706501627001851,2018,8,24,0,55,13,2018,8,24,5,16,26
16.115,0.0526204081632653,2018,8,24,1,2,42,2018,8,24,6,8,57
4.472,0.04573376512698143,2018,8,24,1,23,16,2018,8,24,3,1,3
3.986,0.0820164609053498,2018,8,24,1,33,53,2018,8,24,2,22,29
10.376,0.0981955835962145,2018,8,24,1,36,51,2018,8,24,3,22,31
2.582,0.03137938019039903,2018,8,24,1,57,55,2018,8,24,3,20,12
7.126,0.09560822898032201,2018,8,24,2,2,23,2018,8,24,3,16,55
6.137,0.10499572284003421,2018,8,24,2,18,34,2018,8,24,3,17,1
11.645,0.09927536231884058,2018,8,24,2,43,8,2018,8,24,4,40,26
6.659,0.05156685596282912,2018,8,24,3,5,35,2018,8,24,5,14,43
13.875,0.10149963423555232,2018,8,24,3,6,10,2018,8,24,5,22,52
6.777,0.10528741584671156,2018,8,24,3,14,38,2018,8,24,4,19,0
2.492,0.03282546652030735,2018,8,24,3,26,7,2018,8,24,4,42,2
9.54,0.05545974227303555,2018,8,24,4,37,11,2018,8,24,7,29,12
2.362,0.03322860492379836,2018,8,24,4,43,19,2018,8,24,5,54,24
13.878,0.02924249341527656,2018,8,24,5,20,26,2018,8,24,13,15,1
13.905,0.10338289962825278,2018,8,24,5,58,35,2018,8,24,8,13,5
6.225,0.051903835464146744,2018,8,24,7,22,47,2018,8,24,9,22,43
11.985,0.049334522502744234,2018,8,24,11,48,39,2018,8,24,15,51,35
3.576,0.04918844566712517,2018,8,24,13,21,13,2018,8,24,14,33,55
13.218,0.04670671378091873,2018,8,24,14,4,29,2018,8,24,18,47,29
4.865,0.008192304453986696,2018,8,24,14,13,52,2018,8,25,0,7,43
13.924,0.0556144321661563,2018,8,24,14,38,38,2018,8,24,18,49,0
12.31,0.03826744728252422,2018,8,24,14,39,40,2018,8,24,20,1,21
5.438,0.04388433086751849,2018,8,24,14,46,2,2018,8,24,16,49,57
5.664,0.05024246008279124,2018,8,24,14,47,44,2018,8,24,16,40,28
3.407,0.04786232732381175,2018,8,24,14,54,19,2018,8,24,16,5,30
5.503,0.04544178364987614,2018,8,24,14,58,6,2018,8,24,16,59,12
3.267,0.005089842127129206,2018,8,24,14,58,58,2018,8,25,1,40,50
19.505,0.032896697118763175,2018,8,24,15,4,44,2018,8,25,0,57,39
2.885,0.005313238589275299,2018,8,24,15,12,49,2018,8,25,0,15,48
11.018,0.038417015341701534,2018,8,24,15,13,34,2018,8,24,20,0,22
10.838,0.03239414167579954,2018,8,24,15,16,2,2018,8,24,20,50,36
5.282,0.05329969727547932,2018,8,24,15,25,28,2018,8,24,17,4,34
9.964,0.025298971689729593,2018,8,24,15,27,5,2018,8,24,22,0,56
4.963,0.043439824945295406,2018,8,24,15,27,55,2018,8,24,17,22,10
2.1,0.03254132231404959,2018,8,24,15,34,5,2018,8,24,16,38,37
4.418273596176426,0.006866715426891819,2018,8,24,15,35,32,2018,8,25,2,18,58
4.392,0.038644962604487465,2018,8,24,15,43,51,2018,8,24,17,37,30
13.133,0.03914844992050875,2018,8,24,15,44,17,2018,8,24,21,19,45
8.858,0.035956971788106355,2018,8,24,15,44,18,2018,8,24,19,50,39
16.232,0.027374989459482246,2018,8,24,15,45,20,2018,8,25,1,38,17
9.693,0.02954582401950823,2018,8,24,15,46,8,2018,8,24,21,14,12
8.338,0.03407901907356948,2018,8,24,15,52,5,2018,8,24,19,56,45
10.367,0.02888414209426515,2018,8,24,15,55,29,2018,8,24,21,54,24
18.326,0.0397915535772446,2018,8,24,15,56,58,2018,8,24,23,37,31
11.019,0.029548156424581005,2018,8,24,16,3,25,2018,8,24,22,16,20
3.268,0.028733880422039858,2018,8,24,16,8,22,2018,8,24,18,2,6
3.147,0.005852705969871675,2018,8,24,16,9,55,2018,8,25,1,7,37
15.961,0.029406743229134683,2018,8,24,16,17,56,2018,8,25,1,20,42
3.981,0.0279433785680861,2018,8,24,16,19,44,2018,8,24,18,42,12
7.276,0.029481361426256077,2018,8,24,16,21,52,2018,8,24,20,28,40
5.55,0.030374897382103437,2018,8,24,16,23,35,2018,8,24,19,26,18
15.846,0.029717750757978306,2018,8,24,16,27,24,2018,8,25,1,20,37
28.908,0.05129928129898554,2018,8,24,16,33,41,2018,8,25,1,57,12
11.219,0.038728496634255795,2018,8,24,16,33,42,2018,8,24,21,23,23
13.243,0.010195550080837631,2018,8,24,16,37,30,2018,8,25,14,16,24
5.111,0.030807715491259793,2018,8,24,16,39,46,2018,8,24,19,25,40
1.35,0.023795534665099885,2018,8,24,16,41,58,2018,8,24,17,38,42
8.382,0.029894786898888425,2018,8,24,16,48,40,2018,8,24,21,29,3
7.078,0.027992881154834885,2018,8,24,16,53,16,2018,8,24,21,6,7
8.067,0.03032136816387897,2018,8,24,16,54,5,2018,8,24,21,20,8
15.234,0.030156384031672714,2018,8,24,16,54,59,2018,8,25,1,20,9
2.28,0.024800580130529364,2018,8,24,17,1,47,2018,8,24,18,33,43
0.881,0.0247124824684432,2018,8,24,17,48,52,2018,8,24,18,24,31
6.336,0.026694754581841163,2018,8,24,18,46,58,2018,8,24,22,44,19
5.607,0.02778952585494796,2018,8,24,18,48,54,2018,8,24,22,10,40
5.4,0.028931154567372087,2018,8,24,19,39,51,2018,8,24,22,46,30
6.301,0.027808753218094888,2018,8,24,19,45,36,2018,8,24,23,32,11
1.668,0.026709367493995193,2018,8,24,19,50,29,2018,8,24,20,52,56
1.924,0.02811495372625426,2018,8,24,19,54,50,2018,8,24,21,3,16
0.798,0.02872225554889022,2018,8,24,20,10,32,2018,8,24,20,38,19
5.51,0.02764445187724726,2018,8,24,20,15,34,2018,8,24,23,34,53
5.469,0.017355476807531602,2018,8,24,20,23,19,2018,8,25,1,38,26
1.774,0.0259990229604299,2018,8,24,21,26,6,2018,8,24,22,34,20
3.353,0.018830026207412955,2018,8,24,21,44,39,2018,8,25,0,42,43
13.885,0.052098055156025266,2018,8,24,21,47,26,2018,8,25,2,13,57
2.269,0.030293724966622162,2018,8,24,21,49,46,2018,8,24,23,4,40
4.282,0.029086380618136533,2018,8,24,22,15,29,2018,8,25,0,42,42
0.906,0.02395769061260467,2018,8,24,22,50,23,2018,8,24,23,28,12
0.7499253285540954,0.03746504555640777,2018,8,24,23,47,36,2018,8,25,0,7,37
0.8660605555555555,0.03147403593781546,2018,8,25,0,15,11,2018,8,25,0,42,42
1.462,0.024312638580931262,2018,8,25,0,21,1,2018,8,25,1,21,9
5.056,0.07322230267921796,2018,8,25,0,42,44,2018,8,25,1,51,47
13.223,0.08248908296943232,2018,8,25,0,50,5,2018,8,25,3,30,23
13.65,0.08744394618834081,2018,8,25,0,50,6,2018,8,25,3,26,12
13.946,0.03972653468166928,2018,8,25,0,50,11,2018,8,25,6,41,14
13.934,0.04339908637873754,2018,8,25,1,20,9,2018,8,25,6,41,13
4.648,0.10953652788688138,2018,8,25,1,20,21,2018,8,25,2,2,47
5.921,0.10607942669453568,2018,8,25,1,53,1,2018,8,25,2,48,50
3.49,0.055134281200631914,2018,8,25,2,14,56,2018,8,25,3,18,14
3.383,0.09217983651226157,2018,8,25,2,17,51,2018,8,25,2,54,33
0.962,0.040251046025104605,2018,8,25,2,27,3,2018,8,25,2,50,57
9.252,0.05619761085239928,2018,8,25,2,30,44,2018,8,25,5,15,22
13.204,0.0972550945249202,2018,8,25,2,34,15,2018,8,25,4,50,1
11.76,0.1087881591119334,2018,8,25,2,50,42,2018,8,25,4,38,48
17.518,0.11090851535295981,2018,8,25,2,56,29,2018,8,25,5,34,26
5.883,0.049708491761723705,2018,8,25,3,10,3,2018,8,25,5,8,24
13.894,0.05644525695713996,2018,8,25,3,38,7,2018,8,25,7,44,16
13.874,0.029393029907136048,2018,8,25,4,38,35,2018,8,25,12,30,36
13.213,0.01899920914515781,2018,8,25,4,47,24,2018,8,25,16,22,51
2.194,0.0957381818181818,2018,8,25,5,9,48,2018,8,25,5,32,43
6.508,0.10759988977679802,2018,8,25,5,31,28,2018,8,25,6,31,57
2.627,0.10473089700996677,2018,8,25,5,35,59,2018,8,25,6,1,4
4.805,0.051053656808925096,2018,8,25,7,55,30,2018,8,25,9,29,37
41.45,0.10896424815983177,2018,8,25,8,44,13,2018,8,25,15,4,37
15.88,0.05591877457597277,2018,8,25,10,19,32,2018,8,25,15,3,31
3.937,0.11528550512445095,2018,8,25,11,32,49,2018,8,25,12,6,58
2.338,0.03227795674183157,2018,8,25,14,1,44,2018,8,25,15,14,10
13.2,0.10653753026634381,2018,8,25,14,43,5,2018,8,25,16,46,59
3.821,0.05324198792382722,2018,8,25,14,51,2,2018,8,25,16,2,48
13.087,0.10496190348883838,2018,8,25,14,51,23,2018,8,25,16,56,4
2.619,0.053613101330603895,2018,8,25,15,7,9,2018,8,25,15,56,0
13.22,0.09792592592592593,2018,8,25,15,9,3,2018,8,25,17,24,3
13.881,0.10484138972809667,2018,8,25,15,23,41,2018,8,25,17,36,5
9.349,0.05777526006797817,2018,8,25,15,34,41,2018,8,25,18,16,30
13.869,0.08229232594936708,2018,8,25,16,4,33,2018,8,25,18,53,5
2.482,0.10667621776504299,2018,8,25,16,8,56,2018,8,25,16,32,12
3.486,0.10385302879841112,2018,8,25,16,36,59,2018,8,25,17,10,33
10.23,0.10175729442970823,2018,8,25,16,39,29,2018,8,25,18,20,1
2.821,0.10480495356037152,2018,8,25,16,39,53,2018,8,25,17,6,48
13.876,0.10485642317380352,2018,8,25,16,56,5,2018,8,25,19,8,25
1.974,0.10326068003487358,2018,8,25,17,5,53,2018,8,25,17,25,0
1.992,0.10595744680851063,2018,8,25,17,29,28,2018,8,25,17,48,16
15.96,0.10617585098126178,2018,8,25,17,31,43,2018,8,25,20,2,2
4.344,0.05290034503754821,2018,8,25,17,58,3,2018,8,25,19,20,10
13.898,0.10293544006912726,2018,8,25,18,11,15,2018,8,25,20,26,16
6.752,0.10666666666666667,2018,8,25,18,17,57,2018,8,25,19,21,15
5.387,0.05296083893167294,2018,8,25,18,19,21,2018,8,25,20,1,4
5.417,0.10841227484989993,2018,8,25,18,30,18,2018,8,25,19,20,16
13.893,0.10364043267437523,2018,8,25,18,52,9,2018,8,25,21,6,12
3.853,0.09833262441514251,2018,8,25,19,46,58,2018,8,25,20,26,9
7.034,0.11272435897435898,2018,8,25,19,58,49,2018,8,25,21,1,13
12.204,0.057068038344634094,2018,8,25,20,8,31,2018,8,25,23,42,22
3.533,0.05205795677799607,2018,8,25,20,22,53,2018,8,25,21,30,45
22.304,0.11120491939504736,2018,8,25,20,40,56,2018,8,26,0,1,30
5.954,0.1046703779665983,2018,8,25,20,47,9,2018,8,25,21,44,2
10.569,0.05236931208192254,2018,8,25,20,48,3,2018,8,26,0,9,52
13.192,0.048340051300842804,2018,8,25,20,56,47,2018,8,26,1,29,41
13.894,0.10921524957421722,2018,8,25,21,24,40,2018,8,25,23,31,53
1.47,0.04115725618292113,2018,8,25,22,18,47,2018,8,25,22,54,30
13.888,0.10537177541729893,2018,8,25,22,30,34,2018,8,26,0,42,22
0.849,0.053621052631578944,2018,8,25,23,1,36,2018,8,25,23,17,26
13.937,0.10756624646256753,2018,8,26,0,20,22,2018,8,26,2,29,56
13.637,0.10531857381902435,2018,8,26,0,42,46,2018,8,26,2,52,15
12.553,0.10055807743658211,2018,8,26,1,6,7,2018,8,26,3,10,57
6.603,0.1065,2018,8,26,1,20,25,2018,8,26,2,22,25
9.02,0.10951031970861999,2018,8,26,1,37,26,2018,8,26,2,59,48
2.24,0.036681222707423584,2018,8,26,1,45,5,2018,8,26,2,46,9
5.549,0.1097363216875412,2018,8,26,2,10,8,2018,8,26,3,0,42
57.989,0.10854958974198982,2018,8,26,3,26,10,2018,8,26,12,20,23
8.592,0.05264705882352942,2018,8,26,3,31,0,2018,8,26,6,14,12
2.846,0.11031007751937985,2018,8,26,3,33,59,2018,8,26,3,59,47
5.453,0.09804614923584058,2018,8,26,3,39,9,2018,8,26,4,34,46
4.835,0.10537595350526698,2018,8,26,3,41,34,2018,8,26,4,27,27
13.185,0.011412455459542118,2018,8,26,3,50,47,2018,8,26,23,6,6
13.947,0.08484436783939978,2018,8,26,3,50,54,2018,8,26,6,35,17
2.442,0.08613756613756614,2018,8,26,4,0,16,2018,8,26,4,28,37
13.872,0.055399361022364216,2018,8,26,4,16,1,2018,8,26,8,26,25
2.406,0.02805285658764089,2018,8,26,5,5,33,2018,8,26,6,31,19
6.492,0.05566161760503001,2018,8,26,5,29,41,2018,8,26,7,26,19
13.92,0.02195006570302234,2018,8,26,6,20,21,2018,8,26,16,54,31
6.156,0.046020433590829794,2018,8,26,8,10,32,2018,8,26,10,24,18
24.558,0.1043614986897089,2018,8,26,8,40,9,2018,8,26,12,35,28
1.65,0.06530343007915568,2018,8,26,11,30,53,2018,8,26,11,56,9
13.871,0.07816849816849818,2018,8,26,14,46,23,2018,8,26,17,43,50
5.789,0.10120629370629369,2018,8,26,15,58,39,2018,8,26,16,55,51
0.933,0.10848837209302327,2018,8,26,16,2,55,2018,8,26,16,11,31
12.117,0.108721399730821,2018,8,26,16,17,15,2018,8,26,18,8,42
13.866,0.0936259284267387,2018,8,26,16,18,15,2018,8,26,18,46,21
8.685,0.1084946908182386,2018,8,26,16,40,34,2018,8,26,18,0,37
0.531,0.003088406359053897,2018,8,26,16,42,9,2018,8,26,19,34,5
1.992,0.04349344978165939,2018,8,26,16,53,17,2018,8,26,17,39,5
4.117,0.03435127242386316,2018,8,26,16,57,34,2018,8,26,18,57,25
6.274,0.11190249702734839,2018,8,26,17,0,59,2018,8,26,17,57,3
1.677,0.024505601558694592,2018,8,26,17,34,31,2018,8,26,18,42,57
3.582,0.09018883759966428,2018,8,26,17,42,55,2018,8,26,18,22,38
13.898,0.10496978851963745,2018,8,26,18,34,3,2018,8,26,20,46,27
1.348,0.09686227544910181,2018,8,26,18,51,22,2018,8,26,19,5,17
13.943,0.10515082956259426,2018,8,26,19,3,47,2018,8,26,21,16,23
13.888,0.038073654390934845,2018,8,26,19,4,23,2018,8,27,1,9,9
6.538,0.05245787643755015,2018,8,26,19,33,11,2018,8,26,21,37,49
3.884,0.058042341220423406,2018,8,26,19,41,14,2018,8,26,20,48,9
13.0,0.09737827715355805,2018,8,26,19,42,37,2018,8,26,21,56,7
13.893,0.10240540540540542,2018,8,26,19,42,49,2018,8,26,21,58,29
2.472,0.10179821551132463,2018,8,26,19,43,9,2018,8,26,20,7,26
0.972,0.10285714285714286,2018,8,26,20,13,9,2018,8,26,20,22,36
6.567,0.10938922820655192,2018,8,26,20,17,24,2018,8,26,21,17,26
3.671,0.04749029754204399,2018,8,26,21,0,2,2018,8,26,22,17,20
13.218,0.05821625192688835,2018,8,26,22,2,12,2018,8,27,1,49,15
2.949,0.11086466165413533,2018,8,26,22,10,37,2018,8,26,22,37,13
0.824,0.08052117263843649,2018,8,26,22,21,44,2018,8,26,22,31,58
11.211,0.05464337936636881,2018,8,26,23,10,40,2018,8,27,2,35,50
13.917,0.10771671826625388,2018,8,26,23,29,19,2018,8,27,1,38,31
11.768,0.10794679712582175,2018,8,26,23,50,9,2018,8,27,1,39,10
11.176,0.056740565239465225,2018,8,27,0,8,22,2018,8,27,3,25,20
0.979,0.037059936908517346,2018,8,27,0,8,30,2018,8,27,0,34,55
4.787,0.09407795610874549,2018,8,27,0,26,27,2018,8,27,1,17,20
2.574,0.05459172852598091,2018,8,27,0,36,8,2018,8,27,1,23,17
3.599,0.10104819840898456,2018,8,27,0,42,58,2018,8,27,1,18,35
13.906,0.10025955299206922,2018,8,27,0,55,42,2018,8,27,3,14,24
13.89,0.10560060821084644,2018,8,27,1,17,14,2018,8,27,3,28,46
3.058,0.05742723004694835,2018,8,27,1,30,39,2018,8,27,2,23,54
13.893,0.10635110997703497,2018,8,27,1,37,13,2018,8,27,3,47,51
1.938,0.1031765749778172,2018,8,27,1,51,19,2018,8,27,2,10,6
3.686,0.1055656324582339,2018,8,27,1,54,24,2018,8,27,2,29,19
13.221,0.05640358361774744,2018,8,27,2,0,33,2018,8,27,5,54,57
11.422,0.017282057748077166,2018,8,27,2,4,18,2018,8,27,13,5,13
13.878,0.09710553935860058,2018,8,27,2,9,42,2018,8,27,4,32,37
12.59,0.098359375,2018,8,27,2,19,46,2018,8,27,4,27,46
5.145,0.10460860725177906,2018,8,27,2,39,27,2018,8,27,3,28,38
12.168,0.09855291576673865,2018,8,27,2,44,40,2018,8,27,4,48,8
13.923,0.025621223738690385,2018,8,27,3,8,59,2018,8,27,12,12,24
1.299,0.10309523809523809,2018,8,27,3,12,7,2018,8,27,3,24,43
13.874,0.05683348125896088,2018,8,27,3,25,50,2018,8,27,7,29,57
13.207,0.021815929300993863,2018,8,27,3,34,27,2018,8,27,13,39,50
0.982,0.10300699300699301,2018,8,27,3,43,52,2018,8,27,3,53,24
2.366,0.033695703774032755,2018,8,27,3,47,42,2018,8,27,4,57,55
1.286,0.1088293370944993,2018,8,27,3,56,42,2018,8,27,4,8,31
2.11,0.10747028862478777,2018,8,27,4,9,37,2018,8,27,4,29,15
7.125,0.09958071278825996,2018,8,27,5,48,36,2018,8,27,7,0,9
6.411,0.05118562874251497,2018,8,27,8,23,12,2018,8,27,10,28,27
13.198,0.09408102649400024,2018,8,27,8,59,53,2018,8,27,11,20,10
6.227,0.0967426204039358,2018,8,27,9,8,38,2018,8,27,10,13,0
11.97,0.04678217821782178,2018,8,27,11,45,26,2018,8,27,16,1,18
13.874,0.10279575203754014,2018,8,27,12,11,29,2018,8,27,14,26,27
3.63,0.05381764269829503,2018,8,27,13,9,15,2018,8,27,14,16,42
11.024,0.05927412850613854,2018,8,27,13,53,18,2018,8,27,16,59,17
9.401,0.05398219925351708,2018,8,27,13,55,59,2018,8,27,16,50,8
4.017,0.050677039529015984,2018,8,27,13,57,43,2018,8,27,15,16,59
13.225,0.039017554211535625,2018,8,27,14,8,19,2018,8,27,19,47,16
12.646,0.028837032532684707,2018,8,27,14,12,20,2018,8,27,21,30,52
21.92,0.038169312476419893,2018,8,27,14,34,8,2018,8,28,0,8,25
12.492,0.05414433287582172,2018,8,27,14,47,56,2018,8,27,18,38,39
6.471,0.04152957535565301,2018,8,27,14,52,23,2018,8,27,17,28,12
3.581,0.006952723036598389,2018,8,27,14,59,8,2018,8,27,23,34,11
13.424,0.0420222257004226,2018,8,27,15,2,30,2018,8,27,20,21,57
13.268,0.02536417510992162,2018,8,27,15,11,4,2018,8,27,23,54,10
16.023,0.034169036110321294,2018,8,27,15,16,21,2018,8,27,23,5,17
1.826,0.03233766233766234,2018,8,27,15,22,16,2018,8,27,16,18,44
7.57,0.03951283166594172,2018,8,27,15,26,56,2018,8,27,18,38,31
10.985,0.03132157962267738,2018,8,27,15,28,1,2018,8,27,21,18,44
13.941,0.0277285685871511,2018,8,27,15,33,13,2018,8,27,23,55,59
3.791,0.04298998298998299,2018,8,27,15,36,38,2018,8,27,17,4,49
6.879,0.022427865022007283,2018,8,27,15,37,9,2018,8,27,20,43,52
9.889,0.03195669736629504,2018,8,27,15,44,42,2018,8,27,20,54,9
2.18,0.05075669383003492,2018,8,27,15,50,44,2018,8,27,16,33,41
7.052,0.031505584512285925,2018,8,27,15,51,30,2018,8,27,19,35,20
3.261,0.033235943604552405,2018,8,27,15,54,2,2018,8,27,17,32,9
12.204,0.032186373626373624,2018,8,27,15,57,30,2018,8,27,22,16,40
8.915,0.03031969164493821,2018,8,27,16,2,20,2018,8,27,20,56,22
13.89,0.030806195246368243,2018,8,27,16,3,4,2018,8,27,23,33,57
5.91,0.028670763260025874,2018,8,27,16,6,28,2018,8,27,19,32,36
13.91,0.029630418574928107,2018,8,27,16,6,31,2018,8,27,23,55,58
13.898,0.03158875672399424,2018,8,27,16,10,9,2018,8,27,23,30,7
6.271,0.03409387459224356,2018,8,27,16,11,41,2018,8,27,19,15,37
5.022,0.028909143240909527,2018,8,27,16,11,48,2018,8,27,19,5,31
1.846,0.036846307385229544,2018,8,27,16,12,2,2018,8,27,17,2,8
5.853,0.028583753866189155,2018,8,27,16,13,37,2018,8,27,19,38,23
5.365,0.021656350914962326,2018,8,27,16,15,50,2018,8,27,20,23,34
5.767,0.02949117872666837,2018,8,27,16,18,56,2018,8,27,19,34,29
9.004,0.03380937480443082,2018,8,27,16,19,45,2018,8,27,20,46,4
10.916,0.029133935323161782,2018,8,27,16,31,5,2018,8,27,22,45,46
7.256,0.014618225773957425,2018,8,27,16,34,42,2018,8,28,0,51,4
13.982,0.027805508600974443,2018,8,27,16,36,25,2018,8,28,0,59,16
3.666,0.02902995908670978,2018,8,27,16,40,45,2018,8,27,18,47,2
9.608,0.026986237243703772,2018,8,27,16,40,59,2018,8,27,22,37,1
13.584,0.033177562484734996,2018,8,27,16,43,53,2018,8,27,23,33,19
36.585,0.0648785245610924,2018,8,27,16,50,19,2018,8,28,2,14,13
10.735,0.03192248599890964,2018,8,27,16,52,32,2018,8,27,22,28,49
6.112,0.0277272039921367,2018,8,27,17,7,0,2018,8,27,20,47,26
14.124,0.021410813542193027,2018,8,27,17,11,23,2018,8,28,4,11,3
10.757,0.03482732570688538,2018,8,27,17,33,22,2018,8,27,22,42,14
12.074,0.03693107667210441,2018,8,27,18,38,4,2018,8,28,0,5,0
7.265,0.029950529064174797,2018,8,27,19,25,52,2018,8,27,23,28,26
3.604,0.026676535899333827,2018,8,27,19,38,53,2018,8,27,21,53,59
13.253,0.04704928702443642,2018,8,27,20,9,11,2018,8,28,0,50,52
13.893,0.05059359067734887,2018,8,27,20,31,31,2018,8,28,1,6,7
13.205,0.038071212339628076,2018,8,27,20,48,31,2018,8,28,2,35,22
13.95,0.03400641937187665,2018,8,27,21,1,38,2018,8,28,3,51,51
4.845,0.03641488162344982,2018,8,27,21,10,0,2018,8,27,23,23,3
10.656,0.046276780544296466,2018,8,27,21,23,35,2018,8,28,1,13,51
0.663,0.03629562043795621,2018,8,27,22,11,43,2018,8,27,22,29,59
13.908,0.07793779770243765,2018,8,27,22,34,58,2018,8,28,1,33,25
1.42,0.06474164133738601,2018,8,27,23,19,45,2018,8,27,23,41,41
12.267,0.05024370264181855,2018,8,27,23,25,15,2018,8,28,3,29,24
8.814,0.07745166959578208,2018,8,27,23,25,17,2018,8,28,1,19,5
4.739,0.05500870574579222,2018,8,27,23,31,38,2018,8,28,0,57,47
13.345,0.04040878122634368,2018,8,27,23,54,59,2018,8,28,5,25,14
13.945,0.10262480068686373,2018,8,28,0,16,30,2018,8,28,2,32,23
3.751,0.054401740391588106,2018,8,28,0,22,24,2018,8,28,1,31,21
12.27,0.07428859737638749,2018,8,28,0,41,32,2018,8,28,3,26,42
1.091,0.036125827814569536,2018,8,28,0,45,54,2018,8,28,1,16,6
7.227,0.10583841835489383,2018,8,28,1,5,56,2018,8,28,2,14,13
2.307,0.05585956416464891,2018,8,28,1,7,30,2018,8,28,1,48,48
6.408,0.05566526712031273,2018,8,28,1,38,44,2018,8,28,3,33,51
9.448,0.10548567175288427,2018,8,28,2,4,20,2018,8,28,3,33,54
1.726,0.1011328125,2018,8,28,2,16,22,2018,8,28,2,33,26
2.459,0.031258474576271185,2018,8,28,2,17,40,2018,8,28,3,36,20
13.919,0.08705722922964662,2018,8,28,2,21,32,2018,8,28,5,1,25
13.287,0.10058289174867525,2018,8,28,2,27,58,2018,8,28,4,40,4
5.934,0.0470081858991286,2018,8,28,2,33,3,2018,8,28,4,39,17
11.359,0.1009090909090909,2018,8,28,2,33,40,2018,8,28,4,26,14
0.813,0.08557894736842105,2018,8,28,2,35,25,2018,8,28,2,44,55
6.322,0.05283744254074384,2018,8,28,2,39,48,2018,8,28,4,39,27
13.063,0.09907470610542284,2018,8,28,2,49,45,2018,8,28,5,1,36
4.318,0.09627647714604236,2018,8,28,2,57,54,2018,8,28,3,42,45
2.359,0.03195755249491985,2018,8,28,3,7,52,2018,8,28,4,21,41
1.176,0.08185614849187935,2018,8,28,3,36,6,2018,8,28,3,50,28
4.94,0.05610448608745032,2018,8,28,3,48,46,2018,8,28,5,16,49
2.007,0.05767241379310346,2018,8,28,5,34,36,2018,8,28,6,9,24
9.359,0.056030732388744765,2018,8,28,6,15,41,2018,8,28,9,2,43
1.722,0.0431578947368421,2018,8,28,6,26,6,2018,8,28,7,6,0
1.08,0.10030959752321982,2018,8,28,9,26,31,2018,8,28,9,37,17
12.108,0.044305665670549485,2018,8,28,11,54,49,2018,8,28,16,28,6
13.399,0.09055417886911465,2018,8,28,12,18,11,2018,8,28,14,46,9
9.321,0.02278137602346328,2018,8,28,13,6,15,2018,8,28,19,55,24
10.002,0.04463518036444775,2018,8,28,13,33,19,2018,8,28,17,17,24
6.388,0.044927909975383894,2018,8,28,13,47,14,2018,8,28,16,9,25
4.357,0.08653426017874875,2018,8,28,14,1,59,2018,8,28,14,52,20
13.45,0.046617757495234245,2018,8,28,14,8,22,2018,8,28,18,56,53
6.077,0.013613859537766494,2018,8,28,14,8,26,2018,8,28,21,34,49
18.315,0.03710995542347697,2018,8,28,14,8,34,2018,8,28,22,22,6
13.207,0.03791846109675567,2018,8,28,14,11,43,2018,8,28,20,0,1
4.382,0.007831059748614998,2018,8,28,14,33,29,2018,8,28,23,53,3
4.298,0.039383017715332924,2018,8,28,14,52,20,2018,8,28,16,41,28
13.889,0.042982257066226534,2018,8,28,14,52,22,2018,8,28,20,15,30
30.168,0.05676367285499247,2018,8,28,15,0,25,2018,8,28,23,51,53
13.929,0.03987879944648566,2018,8,28,15,4,44,2018,8,28,20,54,1
2.636,0.00538068993672178,2018,8,28,15,10,45,2018,8,28,23,20,39
6.662,0.029613276040894948,2018,8,28,15,20,12,2018,8,28,19,5,10
5.064,0.035150393336418326,2018,8,28,15,54,35,2018,8,28,18,18,39
3.036,0.03653429602888087,2018,8,28,15,54,35,2018,8,28,17,17,41
3.615,0.036694298765014385,2018,8,28,15,54,35,2018,8,28,17,33,6
13.848,0.03858814787293331,2018,8,28,15,54,35,2018,8,28,21,53,27
4.804,0.049129026759843195,2018,8,28,15,54,35,2018,8,28,17,32,22
5.194,0.035157942238267154,2018,8,28,15,54,35,2018,8,28,18,22,19
8.347,0.03644182492905479,2018,8,28,15,54,35,2018,8,28,19,43,38
6.703,0.03734955423476969,2018,8,28,15,54,35,2018,8,28,18,54,3
6.512,0.03490129522108083,2018,8,28,15,56,45,2018,8,28,19,3,20
13.904,0.04126020080122657,2018,8,28,15,58,2,2018,8,28,21,35,1
5.754,0.032130293159609115,2018,8,28,16,4,28,2018,8,28,19,3,33
2.047,0.031679133350528764,2018,8,28,16,4,32,2018,8,28,17,9,9
2.524,0.029050450796086705,2018,8,28,16,6,28,2018,8,28,17,33,21
13.895,0.0274722377829769,2018,8,28,16,8,5,2018,8,29,0,33,52
13.891,0.037073973577687824,2018,8,28,16,8,17,2018,8,28,22,22,58
9.051,0.036315367125852614,2018,8,28,16,9,49,2018,8,28,20,19,3
1.445,0.030431730431730433,2018,8,28,16,14,24,2018,8,28,17,1,53
2.885,0.02873505976095617,2018,8,28,16,16,2,2018,8,28,17,56,26
1.92,0.03144104803493449,2018,8,28,16,21,12,2018,8,28,17,22,16
9.392,0.02829483832094798,2018,8,28,16,23,18,2018,8,28,21,55,14
3.961,0.030508344030808727,2018,8,28,16,30,7,2018,8,28,18,39,57
9.021,0.03524746027611357,2018,8,28,16,36,37,2018,8,28,20,52,33
4.72,0.029064039408866992,2018,8,28,16,38,41,2018,8,28,19,21,5
1.973,0.029939301972685885,2018,8,28,16,39,5,2018,8,28,17,44,59
6.785,0.03330333769633508,2018,8,28,16,41,11,2018,8,28,20,4,55
7.393,0.029244462025316453,2018,8,28,16,53,22,2018,8,28,21,6,10
10.544,0.040841833440929634,2018,8,28,17,14,21,2018,8,28,21,32,31
1.582,0.023529995042141795,2018,8,28,17,55,45,2018,8,28,19,2,59
13.891,0.05582825373434255,2018,8,28,18,30,42,2018,8,28,22,39,31
2.955,0.027373784159333024,2018,8,28,18,54,51,2018,8,28,20,42,48
0.547,0.02705688375927453,2018,8,28,19,5,19,2018,8,28,19,25,32
1.551,0.03662337662337662,2018,8,28,19,15,42,2018,8,28,19,58,3
13.895,0.06967822816548266,2018,8,28,19,42,5,2018,8,28,23,1,30
1.434,0.03884424379232506,2018,8,28,20,20,15,2018,8,28,20,57,10
3.193,0.0473856047489488,2018,8,28,20,31,34,2018,8,28,21,38,57
11.256,0.08966542750929368,2018,8,28,20,53,53,2018,8,28,22,59,25
2.027,0.09606635071090047,2018,8,28,21,55,17,2018,8,28,22,16,23
4.091,0.10904486894713461,2018,8,28,22,22,3,2018,8,28,22,59,34
8.878,0.05921298354824366,2018,8,28,22,36,48,2018,8,29,1,6,44
9.166,0.06351310774916273,2018,8,28,22,48,45,2018,8,29,1,13,4
0.623,0.030024096385542168,2018,8,28,22,50,8,2018,8,28,23,10,53
3.24,0.050506625097427905,2018,8,28,23,13,56,2018,8,29,0,18,5
0.81,0.1002061855670103,2018,8,28,23,14,22,2018,8,28,23,22,27
13.88,0.10027694160144493,2018,8,28,23,15,14,2018,8,29,1,33,39
13.24,0.050511858587143126,2018,8,28,23,33,48,2018,8,29,3,55,55
9.25,0.10551330798479087,2018,8,29,0,29,49,2018,8,29,1,57,29
9.441,0.05820591861898891,2018,8,29,0,38,59,2018,8,29,3,21,11
11.656,0.053896424167694204,2018,8,29,0,39,1,2018,8,29,4,15,17
6.745,0.10514419329696024,2018,8,29,0,50,48,2018,8,29,1,54,57
13.938,0.10834045860862807,2018,8,29,0,54,1,2018,8,29,3,2,40
2.3,0.03610675039246467,2018,8,29,1,17,29,2018,8,29,2,21,11
13.008,0.05760850310008857,2018,8,29,1,31,10,2018,8,29,5,16,58
13.37,0.10893536121673003,2018,8,29,1,42,33,2018,8,29,3,45,17
5.782,0.10723956723338486,2018,8,29,1,54,28,2018,8,29,2,48,23
9.978,0.10506844506844507,2018,8,29,1,56,46,2018,8,29,3,31,44
12.344,0.10378923766816142,2018,8,29,2,7,51,2018,8,29,4,6,47
2.541,0.056529477196885426,2018,8,29,2,22,46,2018,8,29,3,7,43
3.58,0.09195205479452055,2018,8,29,2,35,18,2018,8,29,3,14,14
6.5,0.10812309398392016,2018,8,29,2,39,5,2018,8,29,3,39,12
12.654,0.10979609544468547,2018,8,29,3,18,34,2018,8,29,5,13,49
13.91,0.11006198074640643,2018,8,29,3,18,49,2018,8,29,5,25,12
8.707,0.11179542050074899,2018,8,29,3,27,56,2018,8,29,4,45,49
8.676,0.055890057977238575,2018,8,29,3,52,49,2018,8,29,6,28,3
3.755,0.051900483759502423,2018,8,29,3,55,10,2018,8,29,5,7,31
5.871,0.11053027925949169,2018,8,29,4,47,24,2018,8,29,5,40,31
0.76,0.052655889145496536,2018,8,29,5,18,50,2018,8,29,5,33,16
1.4169713261649433,-1.491548764384151,2018,8,29,5,25,8,2018,8,29,5,24,11
2.152,0.053599003735990046,2018,8,29,5,34,17,2018,8,29,6,14,26
16.213,0.05686776569624693,2018,8,29,6,8,56,2018,8,29,10,54,2
6.244,0.052455894707364885,2018,8,29,7,53,50,2018,8,29,9,52,52
0.636,0.049175257731958764,2018,8,29,8,13,19,2018,8,29,8,26,15
12.019,0.06254466608846487,2018,8,29,11,49,6,2018,8,29,15,1,16
3.78,0.05660094834040429,2018,8,29,13,10,13,2018,8,29,14,17,0
9.854,0.09104404065291037,2018,8,29,13,13,1,2018,8,29,15,1,15
4.294,0.05244046407490331,2018,8,29,13,15,21,2018,8,29,14,37,14
13.884,0.03922033898305085,2018,8,29,13,54,52,2018,8,29,19,48,52
10.537,0.04693889672581484,2018,8,29,14,12,4,2018,8,29,17,56,33
9.72,0.016846727136171934,2018,8,29,14,13,3,2018,8,29,23,50,1
12.675,0.07274727377080545,2018,8,29,14,16,3,2018,8,29,17,10,17
10.39,0.041909243697479,2018,8,29,14,17,13,2018,8,29,18,25,8
8.818,0.015356572722259309,2018,8,29,14,36,43,2018,8,30,0,10,56
12.197,0.0470684332390018,2018,8,29,14,38,28,2018,8,29,18,57,36
15.338,0.034663452484086026,2018,8,29,14,44,59,2018,8,29,22,7,28
6.082,0.03190138998164175,2018,8,29,14,54,32,2018,8,29,18,5,11
12.584,0.030794078061911173,2018,8,29,15,0,17,2018,8,29,21,48,56
10.828,0.04882976324689966,2018,8,29,15,22,23,2018,8,29,19,4,8
13.244,0.025621977171599922,2018,8,29,15,22,23,2018,8,29,23,59,17
4.331,0.03700128150363093,2018,8,29,15,58,22,2018,8,29,17,55,25
5.278,0.03382610553300577,2018,8,29,15,58,22,2018,8,29,18,34,24
12.832,0.027360341151385928,2018,8,29,15,58,22,2018,8,29,23,47,22
6.353,0.029053353658536587,2018,8,29,15,58,22,2018,8,29,19,37,2
6.589,0.030132621951219515,2018,8,29,15,58,22,2018,8,29,19,37,2
7.667,0.03985272459499264,2018,8,29,15,58,22,2018,8,29,19,10,45
4.889,0.03203800786369594,2018,8,29,15,58,23,2018,8,29,18,30,59
11.124,0.03705323932715262,2018,8,29,15,58,23,2018,8,29,20,58,36
13.901,0.03764828022027625,2018,8,29,15,58,23,2018,8,29,22,7,37
6.395,0.03924516722921141,2018,8,29,15,58,23,2018,8,29,18,41,20
13.492,0.04443517400373258,2018,8,29,15,58,23,2018,8,29,21,2,1
6.346,0.04864699118436183,2018,8,29,15,58,23,2018,8,29,18,8,50
9.618,0.03731281520755205,2018,8,29,15,58,23,2018,8,29,20,16,9
7.555,0.02917363882095508,2018,8,29,15,59,42,2018,8,29,20,18,40
5.551,0.02940927152317881,2018,8,29,16,2,1,2018,8,29,19,10,46
3.932,0.034275751852389943,2018,8,29,16,12,28,2018,8,29,18,7,11
2.473,0.031999137373301706,2018,8,29,16,13,20,2018,8,29,17,30,37
5.294,0.034733734281027884,2018,8,29,16,16,20,2018,8,29,18,48,45
49.879,0.07724994192199479,2018,8,29,16,20,18,2018,8,30,3,5,59
2.219,0.03326005495878091,2018,8,29,16,20,57,2018,8,29,17,27,40
3.262,0.0265599131496811,2018,8,29,16,21,27,2018,8,29,18,24,16
3.473,0.026609628399948917,2018,8,29,16,23,42,2018,8,29,18,34,13
8.599,0.03241439969843563,2018,8,29,16,23,59,2018,8,29,20,49,16
5.805,0.02878036688150719,2018,8,29,16,36,51,2018,8,29,19,58,33
11.431,0.03669662921348314,2018,8,29,16,40,44,2018,8,29,21,52,14
11.065,0.034744609587607285,2018,8,29,16,46,33,2018,8,29,22,5,1
13.868,0.03718793296089385,2018,8,29,18,16,12,2018,8,30,0,29,7
12.137,0.0391347807394669,2018,8,29,18,57,2,2018,8,30,0,7,10
8.533,0.03496175908221797,2018,8,29,19,0,11,2018,8,29,23,4,15
8.437,0.035732335709748,2018,8,29,19,5,38,2018,8,29,23,1,45
1.506,0.028070829450139795,2018,8,29,19,10,4,2018,8,29,20,3,43
6.072,0.029110667199360767,2018,8,29,19,13,39,2018,8,29,22,42,14
5.189,0.029790450674576596,2018,8,29,19,24,38,2018,8,29,22,18,49
13.876,0.04116285968555324,2018,8,29,19,25,29,2018,8,30,1,2,35
11.386,0.03915854637166113,2018,8,29,19,45,26,2018,8,30,0,36,12
4.421,0.03425803951956606,2018,8,29,20,26,44,2018,8,29,22,35,47
2.851,0.0353868431940422,2018,8,29,20,46,31,2018,8,29,22,7,5
4.904,0.031235668789808917,2018,8,29,21,16,51,2018,8,29,23,53,51
4.045,0.03655120481927711,2018,8,29,21,21,29,2018,8,29,23,12,9
6.127,0.04068393094289509,2018,8,29,21,36,44,2018,8,30,0,7,20
11.009,0.04721515368120086,2018,8,29,21,55,39,2018,8,30,1,48,49
2.69,0.0444260941370768,2018,8,29,22,6,58,2018,8,29,23,7,31
4.901,0.048806639004149374,2018,8,29,22,21,47,2018,8,30,0,2,12
7.951,0.06565648224607762,2018,8,29,22,25,13,2018,8,30,0,26,19
1.953,0.03218346608074705,2018,8,29,22,54,27,2018,8,29,23,55,8
5.069,0.0644364406779661,2018,8,29,22,57,54,2018,8,30,0,16,34
4.606,0.056022704236772754,2018,8,29,23,37,29,2018,8,30,0,59,42
4.893,0.05826155983330025,2018,8,30,0,6,43,2018,8,30,1,30,42
13.931,0.0860646622734761,2018,8,30,0,53,36,2018,8,30,3,35,28
4.114,0.05564472497745716,2018,8,30,1,18,22,2018,8,30,2,32,18
4.161,0.05310784939374601,2018,8,30,1,30,23,2018,8,30,2,48,44
12.509,0.09409979939819459,2018,8,30,1,34,50,2018,8,30,3,47,46
5.929,0.049176112800663536,2018,8,30,1,43,12,2018,8,30,3,43,46
12.805,0.10443115400299036,2018,8,30,1,49,11,2018,8,30,3,51,48
13.107,0.09334362017804154,2018,8,30,1,50,57,2018,8,30,4,11,22
2.519,0.03188607594936709,2018,8,30,1,51,50,2018,8,30,3,10,50
4.555,0.0567601246105919,2018,8,30,2,16,4,2018,8,30,3,36,19
7.653,0.09548346849656893,2018,8,30,2,52,55,2018,8,30,4,13,4
13.881,0.01551527570789866,2018,8,30,3,8,46,2018,8,30,18,3,26
0.551,0.09898203592814372,2018,8,30,3,23,35,2018,8,30,3,29,9
13.914,0.09492211483797612,2018,8,30,3,26,59,2018,8,30,5,53,34
6.277,0.10209270805096232,2018,8,30,3,29,51,2018,8,30,4,31,20
8.501,0.05539313640312771,2018,8,30,3,30,1,2018,8,30,6,3,29
3.134,0.10964431486880466,2018,8,30,3,30,32,2018,8,30,3,59,7
13.974,0.09724425887265137,2018,8,30,3,31,23,2018,8,30,5,55,5
5.235,0.10234604105571848,2018,8,30,3,39,9,2018,8,30,4,30,18
5.155,0.09692886242557193,2018,8,30,4,3,29,2018,8,30,4,56,40
3.982,0.05342576028622541,2018,8,30,4,15,57,2018,8,30,5,30,29
6.21,0.09590733590733591,2018,8,30,4,36,31,2018,8,30,5,41,16
2.187,0.03095541401273885,2018,8,30,4,37,52,2018,8,30,5,48,31
13.266,0.013223684210526315,2018,8,30,4,38,24,2018,8,30,21,21,36
7.044,0.09851748251748252,2018,8,30,4,38,46,2018,8,30,5,50,16
1.415,0.10829081632653062,2018,8,30,4,49,5,2018,8,30,5,2,9
0.837,0.0879509632224168,2018,8,30,4,52,11,2018,8,30,5,1,42
13.901,0.1016278786401852,2018,8,30,5,1,39,2018,8,30,7,18,26
9.986,0.10385855434217368,2018,8,30,5,30,47,2018,8,30,7,6,56
6.578,0.053705266022588107,2018,8,30,5,54,58,2018,8,30,7,57,27
6.269,0.05214028278347657,2018,8,30,7,25,19,2018,8,30,9,25,33
11.925,0.046896506521596645,2018,8,30,11,50,33,2018,8,30,16,4,50
4.039,0.052307360241744004,2018,8,30,13,5,52,2018,8,30,14,23,5
3.906,0.049235294117647065,2018,8,30,13,24,5,2018,8,30,14,43,25
12.127,0.042224930362117,2018,8,30,13,30,46,2018,8,30,18,17,58
6.994,0.07871693866066404,2018,8,30,14,2,32,2018,8,30,15,31,23
12.387,0.07707352483666909,2018,8,30,14,6,24,2018,8,30,16,47,7
12.851,0.04786516853932584,2018,8,30,14,8,0,2018,8,30,18,36,29
6.16,0.01274175199089875,2018,8,30,14,28,33,2018,8,30,22,32,0
13.203,0.024861285463218676,2018,8,30,14,28,37,2018,8,30,23,19,41
8.208,0.06099578895219222,2018,8,30,14,30,16,2018,8,30,16,44,50
4.251,0.007214255409418753,2018,8,30,14,32,43,2018,8,31,0,21,58
2.039,0.044213950126490785,2018,8,30,14,42,42,2018,8,30,15,28,49
13.912,0.051865291412948926,2018,8,30,14,46,17,2018,8,30,19,14,31
6.608,0.05302661495252106,2018,8,30,14,50,54,2018,8,30,16,55,31
6.47,0.0635663992140167,2018,8,30,15,7,32,2018,8,30,16,49,19
26.12,0.08467232157328868,2018,8,30,15,10,48,2018,8,30,20,19,17
2.568,0.005137883890759945,2018,8,30,15,11,34,2018,8,30,23,31,23
13.697,0.07707211854074837,2018,8,30,15,11,49,2018,8,30,18,9,32
13.954,0.021346727518421257,2018,8,30,15,12,6,2018,8,31,2,5,47
6.387,0.06078997461928934,2018,8,30,15,16,17,2018,8,30,17,1,21
6.154,0.03597077447637603,2018,8,30,15,17,21,2018,8,30,18,8,26
2.758,0.032859412231930105,2018,8,30,15,20,35,2018,8,30,16,44,31
9.885,0.0578295631825273,2018,8,30,15,20,51,2018,8,30,18,11,47
4.228,0.046317327003834216,2018,8,30,15,30,9,2018,8,30,17,1,26
1.863,0.032241130660513415,2018,8,30,15,31,16,2018,8,30,16,29,3
5.128,0.0355822828726726,2018,8,30,15,31,29,2018,8,30,17,55,36
13.894,0.048123304277550086,2018,8,30,15,32,47,2018,8,30,20,21,30
13.236,0.028416645793824025,2018,8,30,15,34,10,2018,8,30,23,19,57
4.552,0.05081302325581395,2018,8,30,15,36,17,2018,8,30,17,5,52
13.406,0.05012838090489842,2018,8,30,15,40,58,2018,8,30,20,8,24
13.956,0.029600197956802996,2018,8,30,15,46,29,2018,8,30,23,37,58
4.519,0.03933555781227332,2018,8,30,15,48,20,2018,8,30,17,43,13
2.943,0.036581727781230575,2018,8,30,15,52,28,2018,8,30,17,12,55
13.23,0.03160409284548314,2018,8,30,16,7,36,2018,8,30,23,6,13
3.622,0.02870805812417437,2018,8,30,16,9,39,2018,8,30,18,15,49
5.505,0.05275515093435554,2018,8,30,16,12,59,2018,8,30,17,57,20
13.961,0.030078638371216205,2018,8,30,16,24,28,2018,8,31,0,8,37
4.511,0.02355613577023499,2018,8,30,16,26,12,2018,8,30,19,37,42
10.046,0.028983026398038177,2018,8,30,16,41,13,2018,8,30,22,27,50
13.899,0.037757051659347125,2018,8,30,16,41,15,2018,8,30,22,49,22
11.517,0.10346159604731248,2018,8,30,16,41,26,2018,8,30,18,32,45
13.979,0.06471259933647094,2018,8,30,16,44,18,2018,8,30,20,20,19
7.821,0.04872897196261682,2018,8,30,17,0,6,2018,8,30,19,40,36
3.879,0.04856844741235393,2018,8,30,17,5,8,2018,8,30,18,25,0
13.915,0.04715617057328438,2018,8,30,17,18,26,2018,8,30,22,13,31
11.203,0.05522346368715083,2018,8,30,17,57,10,2018,8,30,21,20,2
2.463,0.015601773648648648,2018,8,30,18,28,44,2018,8,30,21,6,36
1.604,0.09931888544891643,2018,8,30,18,34,2,2018,8,30,18,50,11
13.723,0.10683534449202026,2018,8,30,18,34,31,2018,8,30,20,42,58
6.013,0.03724757381788148,2018,8,30,18,35,51,2018,8,30,21,17,17
13.933,0.05777332411886662,2018,8,30,20,7,29,2018,8,31,0,8,39
2.202,0.04965050732807215,2018,8,30,20,10,4,2018,8,30,20,54,25
1.733,0.04072855464159812,2018,8,30,20,12,26,2018,8,30,20,54,59
3.35,0.05145929339477727,2018,8,30,20,20,42,2018,8,30,21,25,48
10.822,0.10649827784156142,2018,8,30,20,23,45,2018,8,30,22,5,22
2.946,0.02950918196994992,2018,8,30,21,17,45,2018,8,30,22,57,35
5.875,0.10802942077842477,2018,8,30,21,18,43,2018,8,30,22,13,6
11.666,0.052228025667810776,2018,8,30,21,51,19,2018,8,31,1,34,41
4.605,0.07199062011464305,2018,8,30,22,2,4,2018,8,30,23,6,2
10.312,0.048254562470753395,2018,8,30,22,7,23,2018,8,31,1,41,5
2.646,0.09506586826347306,2018,8,30,22,12,37,2018,8,30,22,40,27
12.372,0.10512958504461124,2018,8,30,22,25,11,2018,8,31,0,22,52
4.671,0.02639977392614921,2018,8,30,22,44,2,2018,8,31,1,40,58
15.871,0.1105993031358885,2018,8,30,22,45,33,2018,8,31,1,9,3
3.623,0.07085397653194264,2018,8,30,22,59,39,2018,8,30,23,50,47
13.241,0.05860146050011065,2018,8,30,23,28,52,2018,8,31,3,14,49
1.068,0.03606077658975802,2018,8,31,0,1,47,2018,8,31,0,31,24
28.022,0.1107588932806324,2018,8,31,0,39,7,2018,8,31,4,52,7
5.389,0.1065721819380356,2018,8,31,1,9,14,2018,8,31,1,59,48
2.614,0.03243846949327818,2018,8,31,1,37,57,2018,8,31,2,58,32
9.778,0.09802506265664161,2018,8,31,1,46,55,2018,8,31,3,26,40
10.276,0.08713397399660824,2018,8,31,1,48,15,2018,8,31,3,46,11
5.915,0.04821355794049721,2018,8,31,1,56,51,2018,8,31,3,59,32
2.103,0.031863636363636365,2018,8,31,2,30,29,2018,8,31,3,36,29
5.417,0.0568117461982171,2018,8,31,2,32,3,2018,8,31,4,7,24
5.307,0.0966960218645612,2018,8,31,2,35,25,2018,8,31,3,30,18
13.289,0.09818248984115258,2018,8,31,2,36,56,2018,8,31,4,52,17
11.695,0.05423977738270078,2018,8,31,2,57,50,2018,8,31,6,33,27
7.708,0.10325519089082384,2018,8,31,3,2,53,2018,8,31,4,17,32
6.528,0.04771929824561403,2018,8,31,3,19,48,2018,8,31,5,36,36
7.994,0.10888535754824062,2018,8,31,3,20,56,2018,8,31,4,34,21
17.123,0.11401398290977695,2018,8,31,4,12,55,2018,8,31,6,43,6
47.133,0.06885923689400765,2018,8,31,4,34,25,2018,8,31,15,58,54
13.239,0.09972881355932205,2018,8,31,4,54,1,2018,8,31,7,6,46
10.436,0.10674394817592908,2018,8,31,5,26,44,2018,8,31,7,4,30
2.391,0.03325452016689847,2018,8,31,5,31,45,2018,8,31,6,43,39
9.215,0.05706471256063578,2018,8,31,5,50,6,2018,8,31,8,31,35
8.343,0.057763674128779134,2018,8,31,5,54,3,2018,8,31,8,18,29
48.043,0.10600058836508053,2018,8,31,6,45,51,2018,8,31,14,19,5
13.78,0.1034663996996621,2018,8,31,9,8,50,2018,8,31,11,22,1
5.247,0.053477153049091224,2018,8,31,13,9,35,2018,8,31,14,47,42
2.074,0.10059822150363783,2018,8,31,13,13,3,2018,8,31,13,33,40
7.531,0.11058737151248164,2018,8,31,13,50,7,2018,8,31,14,58,13
13.574,0.04244970290837069,2018,8,31,13,54,31,2018,8,31,19,14,17
13.19,0.05182371815860127,2018,8,31,13,57,24,2018,8,31,18,11,55
14.051,0.007919402564463858,2018,8,31,14,5,57,2018,9,1,19,40,12
5.787,0.011524062396282774,2018,8,31,14,20,5,2018,8,31,22,42,15
11.813,0.025001940103707362,2018,8,31,14,30,29,2018,8,31,22,22,58
12.196,0.026253363470024754,2018,8,31,14,32,11,2018,8,31,22,16,44
8.56,0.04296110414052698,2018,8,31,14,34,7,2018,8,31,17,53,22
11.301,0.04906367583212735,2018,8,31,14,34,48,2018,8,31,18,25,8
6.777,0.014729940228219527,2018,8,31,14,54,14,2018,8,31,22,34,19
5.219,0.049453569172457364,2018,8,31,14,54,48,2018,8,31,16,40,20
8.0,0.0545268658411905,2018,8,31,14,55,1,2018,8,31,17,21,44
8.831,0.042321086261980834,2018,8,31,14,55,9,2018,8,31,18,23,49
12.801,0.03625147496106103,2018,8,31,14,59,8,2018,8,31,20,52,15
12.689,0.10891845493562231,2018,8,31,15,3,30,2018,8,31,17,0,0
13.937,0.03638586720041771,2018,8,31,15,11,56,2018,8,31,21,34,58
13.168,0.07471205673758864,2018,8,31,15,13,0,2018,8,31,18,9,15
5.602,0.03222936043724231,2018,8,31,15,14,56,2018,8,31,18,8,45
2.49,0.04557657107992679,2018,8,31,15,19,4,2018,8,31,16,13,42
13.892,0.035916749256689785,2018,8,31,15,19,11,2018,8,31,21,45,58
2.16,0.07482678983833718,2018,8,31,15,21,48,2018,8,31,15,50,40
1.128,0.027703643061809245,2018,8,31,15,22,24,2018,8,31,16,3,7
7.156,0.028511853376718244,2018,8,31,15,24,15,2018,8,31,19,35,14
17.01,0.08827956059164432,2018,8,31,15,26,24,2018,8,31,18,39,5
2.714,0.060874766355140185,2018,8,31,15,28,49,2018,8,31,16,13,24
3.332,0.09124600638977635,2018,8,31,15,33,26,2018,8,31,16,9,57
13.97,0.022260583204971582,2018,8,31,15,33,47,2018,9,1,2,1,21
3.613,0.028731610337972165,2018,8,31,15,38,22,2018,8,31,17,44,7
13.288,0.03607928319304914,2018,8,31,15,41,8,2018,8,31,21,49,26
13.969,0.03969593634555271,2018,8,31,15,43,6,2018,8,31,21,35,0
14.034,0.03827454545454546,2018,8,31,15,43,9,2018,8,31,21,49,49
2.994,0.025933304460805544,2018,8,31,15,46,40,2018,8,31,17,42,7
3.744,0.05269528501055595,2018,8,31,15,47,8,2018,8,31,16,58,11
1.959,0.03232673267326733,2018,8,31,15,51,2,2018,8,31,16,51,38
8.453,0.03965131733249941,2018,8,31,15,52,25,2018,8,31,19,25,36
4.331,0.0271848519719636,2018,8,31,15,53,12,2018,8,31,18,32,31
5.657,0.0517014470677837,2018,8,31,15,56,34,2018,8,31,17,45,59
13.903,0.033363196416430034,2018,8,31,15,57,30,2018,8,31,22,54,13
3.486,0.0420929764540149,2018,8,31,16,1,4,2018,8,31,17,23,53
6.637,0.04554208600182983,2018,8,31,16,9,23,2018,8,31,18,35,7
1.887,0.033339222614840985,2018,8,31,16,12,33,2018,8,31,17,9,9
7.424,0.03780682396876592,2018,8,31,16,14,15,2018,8,31,19,30,37
4.672,0.031872654917566794,2018,8,31,16,21,17,2018,8,31,18,47,52
6.026,0.043217786277791055,2018,8,31,16,26,42,2018,8,31,18,46,8
14.02,0.10516314539317415,2018,8,31,16,32,40,2018,8,31,18,45,59
33.949,0.1086831714865009,2018,8,31,16,44,54,2018,8,31,21,57,16
13.892,0.04951407865035048,2018,8,31,16,54,20,2018,8,31,21,34,54
11.514,0.10529492455418381,2018,8,31,17,2,50,2018,8,31,18,52,11
1.134,0.03754966887417218,2018,8,31,17,22,13,2018,8,31,17,52,25
3.164,0.05525029103608848,2018,8,31,17,33,21,2018,8,31,18,30,37
13.958,0.057503433122768476,2018,8,31,17,49,9,2018,8,31,21,51,53
5.611,0.05144559902200489,2018,8,31,17,56,33,2018,8,31,19,45,37
13.911,0.073036401820091,2018,8,31,18,24,41,2018,8,31,21,35,9
3.8,0.05695728203847114,2018,8,31,18,29,51,2018,8,31,19,36,34
4.733,0.02674011299435028,2018,8,31,18,41,44,2018,8,31,21,38,44
0.597,0.02989983305509182,2018,8,31,19,14,12,2018,8,31,19,34,10
13.242,0.05780849825378347,2018,8,31,19,27,53,2018,8,31,23,16,57
9.136,0.0431758034026465,2018,8,31,19,42,1,2018,8,31,23,13,37
13.764,0.1047887323943662,2018,8,31,20,19,55,2018,8,31,22,31,16
1.245,0.051129363449691996,2018,8,31,20,22,6,2018,8,31,20,46,27
7.319,0.024969579803263774,2018,8,31,20,23,53,2018,9,1,1,17,0
7.435,0.043310679611650485,2018,8,31,20,26,25,2018,8,31,23,18,5
1.12,0.03181818181818182,2018,8,31,20,34,1,2018,8,31,21,9,13
4.29,0.04941447494720676,2018,8,31,21,10,19,2018,8,31,22,37,8
3.388,0.05470398277717976,2018,8,31,21,22,1,2018,8,31,22,23,57
3.498,0.10323659616330547,2018,8,31,22,4,27,2018,8,31,22,38,20
5.517,0.10856674319449,2018,8,31,22,33,53,2018,8,31,23,24,42
12.869,0.10826416152551879,2018,8,31,22,45,10,2018,9,1,0,44,2
6.742,0.05345843795427514,2018,8,31,22,50,21,2018,9,1,0,56,28
8.992,0.06907182178978365,2018,8,31,22,53,26,2018,9,1,1,3,37
1.974,0.08918674698795181,2018,8,31,23,5,11,2018,8,31,23,27,19
2.512,0.03193220338983051,2018,8,31,23,24,58,2018,9,1,0,43,38
2.146,0.055025641025641024,2018,8,31,23,26,25,2018,9,1,0,5,25
6.12,0.05080946450809464,2018,9,1,0,11,13,2018,9,1,2,11,40
13.235,0.10818801089918256,2018,9,1,0,17,18,2018,9,1,2,19,38
5.89,0.09899159663865546,2018,9,1,0,23,49,2018,9,1,1,23,19
5.425,0.10963287302121925,2018,9,1,0,25,15,2018,9,1,1,14,44
13.886,0.0583037088873338,2018,9,1,0,43,47,2018,9,1,4,41,57
13.887,0.017000673318234683,2018,9,1,0,49,57,2018,9,1,14,26,48
7.504,0.10086021505376343,2018,9,1,1,2,1,2018,9,1,2,16,25
19.456,0.027941979032026425,2018,9,1,1,10,49,2018,9,1,12,47,7
10.112,0.05783242779525308,2018,9,1,1,17,43,2018,9,1,4,12,34
6.0,0.06569343065693431,2018,9,1,1,18,42,2018,9,1,2,50,2
6.69,0.10271238485158649,2018,9,1,1,27,31,2018,9,1,2,32,39
6.444,0.1119721980886186,2018,9,1,2,15,31,2018,9,1,3,13,4
4.086,0.1054451612903226,2018,9,1,2,53,27,2018,9,1,3,32,12
4.907,0.039224620303756993,2018,9,1,3,3,19,2018,9,1,5,8,25
3.925,0.0495580808080808,2018,9,1,3,20,10,2018,9,1,4,39,22
2.495,0.033504923903312445,2018,9,1,3,36,17,2018,9,1,4,50,45
5.185,0.11526491293071507,2018,9,1,5,31,21,2018,9,1,6,16,20
9.709,0.058364893297264804,2018,9,1,6,27,7,2018,9,1,9,13,28
13.073,0.05817116582616435,2018,9,1,6,48,10,2018,9,1,10,32,54
37.14,0.06977923907938,2018,9,1,7,5,59,2018,9,1,15,58,14
5.668,0.05085688649618663,2018,9,1,7,10,57,2018,9,1,9,2,24
1.937,0.04449464012251149,2018,9,1,10,49,5,2018,9,1,11,32,37
13.079,0.09782348541510846,2018,9,1,13,36,45,2018,9,1,15,50,27
13.88,0.045138211382113824,2018,9,1,13,47,23,2018,9,1,18,54,53
13.91,0.10991702884235481,2018,9,1,14,27,20,2018,9,1,16,33,53
0.632,0.09432835820895523,2018,9,1,14,33,40,2018,9,1,14,40,22
3.511,0.0509702395354464,2018,9,1,14,34,24,2018,9,1,15,43,17
4.858,0.10957894736842104,2018,9,1,15,28,41,2018,9,1,16,13,1
9.756,0.11128517110266159,2018,9,1,15,31,51,2018,9,1,16,59,31
13.888,0.1085,2018,9,1,15,43,20,2018,9,1,17,51,20
42.138,0.10902457956015524,2018,9,1,16,29,36,2018,9,1,22,56,6
1.82,0.04290766208251474,2018,9,1,16,38,2,2018,9,1,17,20,27
13.255,0.1042606187729418,2018,9,1,16,40,41,2018,9,1,18,47,49
0.591,0.10278260869565217,2018,9,1,16,58,40,2018,9,1,17,4,25
5.383,0.09149575070821529,2018,9,1,17,11,53,2018,9,1,18,10,43
4.288,0.057608598298253474,2018,9,1,17,15,13,2018,9,1,18,29,39
6.314,0.10596923076923076,2018,9,1,17,23,34,2018,9,1,18,23,9
13.893,0.038586307457297596,2018,9,1,17,37,59,2018,9,1,23,38,2
12.463,0.05272740093075729,2018,9,1,17,52,51,2018,9,1,21,49,13
7.138,0.11321173671689136,2018,9,1,17,54,15,2018,9,1,18,57,18
13.889,0.06700490471978773,2018,9,1,17,55,1,2018,9,1,21,22,18
12.041,0.05759866060751016,2018,9,1,17,58,22,2018,9,1,21,27,25
13.82,0.11205405405405407,2018,9,1,18,33,41,2018,9,1,20,37,1
6.822,0.057351828499369484,2018,9,1,20,14,35,2018,9,1,22,13,32
1.674,0.08749128919860627,2018,9,1,20,31,5,2018,9,1,20,50,13
8.597,0.0556800518134715,2018,9,1,20,32,43,2018,9,1,23,7,7
13.469,0.11355065336518196,2018,9,1,20,46,25,2018,9,1,22,45,2
6.807,0.09587323943661973,2018,9,1,21,21,23,2018,9,1,22,32,23
4.308,0.10473257698541329,2018,9,1,21,29,46,2018,9,1,22,10,54
9.501,0.11319698173153295,2018,9,1,21,35,37,2018,9,1,22,59,33
0.808,0.02542212899842685,2018,9,1,22,1,44,2018,9,1,22,33,31
13.939,0.10179406037000974,2018,9,1,22,5,27,2018,9,2,0,22,23
10.496,0.10084227381905525,2018,9,1,22,21,39,2018,9,2,0,5,44
13.929,0.0566181153038412,2018,9,1,22,53,8,2018,9,2,2,59,9
13.908,0.0689368029739777,2018,9,1,23,37,23,2018,9,2,2,59,8
1.439,0.10806007509386734,2018,9,2,0,53,38,2018,9,2,1,6,57
1.553,0.05449122807017544,2018,9,2,1,17,2,2018,9,2,1,45,32
1.724,0.10922914466737065,2018,9,2,1,19,0,2018,9,2,1,34,47
13.921,0.10641610396228819,2018,9,2,4,19,3,2018,9,2,6,29,52
0.957,0.051313672922252015,2018,9,2,6,6,56,2018,9,2,6,25,35
7.441,0.054787090440544854,2018,9,2,6,10,33,2018,9,2,8,26,22
3.521,0.046946666666666664,2018,9,2,7,36,44,2018,9,2,8,51,44
41.434,0.10778876170655567,2018,9,2,9,27,27,2018,9,2,15,51,51
5.519,0.05557905337361531,2018,9,2,10,34,3,2018,9,2,12,13,21
2.257,0.033371118777723016,2018,9,2,14,1,7,2018,9,2,15,8,45
5.979,0.0712351072279587,2018,9,2,14,7,7,2018,9,2,15,31,3
6.668,0.11113333333333333,2018,9,2,14,20,23,2018,9,2,15,20,23
9.241,0.05234705438066465,2018,9,2,14,23,13,2018,9,2,17,19,45
2.743,0.04661002548853016,2018,9,2,15,41,14,2018,9,2,16,40,5
4.632,0.10405091725945338,2018,9,2,16,10,24,2018,9,2,16,54,55
7.48,0.05449247207382224,2018,9,2,17,50,29,2018,9,2,20,7,45
6.945,0.053218390804597705,2018,9,2,18,22,51,2018,9,2,20,33,21
7.284,0.10777805178791616,2018,9,2,18,23,16,2018,9,2,19,30,51
0.872,0.10003824091778203,2018,9,2,18,38,48,2018,9,2,18,47,31
11.376,0.05673815461346633,2018,9,2,19,5,11,2018,9,2,22,25,41
2.673,0.050449826989619376,2018,9,2,19,15,8,2018,9,2,20,8,7
9.548,0.11175965665236051,2018,9,2,19,30,24,2018,9,2,20,55,50
12.947,0.05534088480444539,2018,9,2,19,36,47,2018,9,2,23,30,44
6.603,0.056219667943805875,2018,9,2,20,6,55,2018,9,2,22,4,22
2.713,0.05464249748237664,2018,9,2,20,15,58,2018,9,2,21,5,37
13.238,0.035274681351867475,2018,9,2,20,16,9,2018,9,3,2,31,26
13.927,0.050797568389057746,2018,9,2,20,21,53,2018,9,3,0,56,3
13.884,0.048755706426313945,2018,9,2,20,22,55,2018,9,3,1,7,41
0.717,0.024681583476764198,2018,9,2,20,26,11,2018,9,2,20,55,14
13.902,0.05485105543499704,2018,9,2,20,37,21,2018,9,3,0,50,48
11.561,0.10887772720138125,2018,9,2,20,49,29,2018,9,2,22,35,40
10.075,0.11280089568949431,2018,9,2,20,55,23,2018,9,2,22,24,42
12.992,0.09779450508091835,2018,9,2,20,56,2,2018,9,2,23,8,53
13.897,0.10338747675139492,2018,9,2,20,57,13,2018,9,2,23,11,38
13.913,0.10650421025771882,2018,9,2,21,6,58,2018,9,2,23,17,36
5.385,0.07764960346070657,2018,9,2,21,10,9,2018,9,2,22,19,30
7.39,0.08711198428290766,2018,9,2,21,12,17,2018,9,2,22,37,7
1.293,0.10261904761904761,2018,9,2,21,15,53,2018,9,2,21,28,29
7.934,0.10953520478601012,2018,9,2,22,3,57,2018,9,2,23,16,23
13.878,0.10560304375396323,2018,9,2,22,16,3,2018,9,3,0,27,28
2.306,0.11042298483639267,2018,9,2,22,36,15,2018,9,2,22,57,8
7.609,0.09707420795237082,2018,9,2,23,8,6,2018,9,3,0,26,29
4.928,0.051395793499043975,2018,9,2,23,14,29,2018,9,3,0,50,22
1.043,0.03125874125874126,2018,9,2,23,20,45,2018,9,2,23,54,7
12.578,0.1109008082292432,2018,9,2,23,44,14,2018,9,3,1,37,39
5.713,0.05123001046181438,2018,9,3,0,4,38,2018,9,3,1,56,9
38.773,0.11142200296949088,2018,9,3,0,55,50,2018,9,3,6,43,49
6.761,0.10928340517241379,2018,9,3,1,17,7,2018,9,3,2,18,59
13.214,0.016666806811015344,2018,9,3,1,21,29,2018,9,3,14,34,19
13.913,0.09444281027265528,2018,9,3,2,25,0,2018,9,3,4,52,19
6.569,0.11355229040622299,2018,9,3,2,36,35,2018,9,3,3,34,26
0.933,0.10542372881355933,2018,9,3,2,46,14,2018,9,3,2,55,5
7.64,0.11221542227662179,2018,9,3,2,54,8,2018,9,3,4,2,13
13.908,0.018413875281345162,2018,9,3,3,4,4,2018,9,3,15,39,22
10.949,0.07729615248852806,2018,9,3,4,42,1,2018,9,3,7,3,40
2.229,0.09006060606060606,2018,9,3,4,51,32,2018,9,3,5,16,17
5.97,0.05187545257060101,2018,9,3,7,43,28,2018,9,3,9,38,33
6.623,0.054131589701675524,2018,9,3,14,58,17,2018,9,3,17,0,38
13.277,0.1121210415200563,2018,9,3,15,57,46,2018,9,3,17,56,11
13.21,0.0585549645390071,2018,9,3,16,51,45,2018,9,3,20,37,21
4.546,0.056659742417947655,2018,9,3,16,54,2,2018,9,3,18,14,16
13.475,0.11216703662597113,2018,9,3,17,16,25,2018,9,3,19,16,33
8.877,0.11351662404092072,2018,9,3,17,56,8,2018,9,3,19,14,20
10.184,0.11101744186046511,2018,9,3,18,5,27,2018,9,3,19,37,11
13.872,0.05828571428571429,2018,9,3,18,18,2,2018,9,3,22,16,2
6.473,0.11237847222222222,2018,9,3,18,28,36,2018,9,3,19,26,12
17.577,0.1049790961576747,2018,9,3,19,11,29,2018,9,3,21,58,55
9.134,0.04493604460478846,2018,9,3,19,30,29,2018,9,3,22,53,45
13.83,0.10384182204980603,2018,9,3,19,37,36,2018,9,3,21,50,47
4.731,0.051238267148014445,2018,9,3,19,53,40,2018,9,3,21,26,0
2.165,0.014606994265152367,2018,9,3,19,58,41,2018,9,3,22,26,54
0.74,0.02457111234089651,2018,9,3,20,17,25,2018,9,3,20,47,32
2.013,0.10803220035778176,2018,9,3,20,33,1,2018,9,3,20,51,39
13.212,0.05780791949245241,2018,9,3,20,50,59,2018,9,4,0,39,32
5.151,0.10642561983471074,2018,9,3,22,10,0,2018,9,3,22,58,24
13.884,0.05188017686990098,2018,9,3,22,16,0,2018,9,4,2,43,37
3.562,0.10783047426841574,2018,9,3,22,53,15,2018,9,3,23,26,17
5.519,0.09932213557288543,2018,9,3,22,59,6,2018,9,3,23,54,40
13.878,0.062024581005586596,2018,9,3,23,27,56,2018,9,4,3,11,41
6.749,0.05296795291039895,2018,9,3,23,49,16,2018,9,4,1,56,41
13.212,0.07267993031997799,2018,9,4,0,43,23,2018,9,4,3,45,10
4.245,0.04923641987241446,2018,9,4,1,0,21,2018,9,4,2,26,34
5.526,0.05321990369181381,2018,9,4,1,11,47,2018,9,4,2,55,37
17.801,0.0825330345413801,2018,9,4,1,39,51,2018,9,4,5,15,32
6.407,0.10210358565737052,2018,9,4,2,58,59,2018,9,4,4,1,44
2.451,0.10877218934911242,2018,9,4,3,4,56,2018,9,4,3,27,28
2.741,0.10841133816743573,2018,9,4,3,30,8,2018,9,4,3,55,25
10.372,0.05856578204404291,2018,9,4,4,25,21,2018,9,4,7,22,27
2.555,0.03339869281045752,2018,9,4,4,52,39,2018,9,4,6,9,9
1.632,0.028489962176316556,2018,9,4,4,53,50,2018,9,4,5,51,7
4.167,0.054411316648531015,2018,9,4,11,17,6,2018,9,4,12,33,41
10.971,0.10230960522225677,2018,9,4,11,36,42,2018,9,4,13,23,56
12.159,0.04998218690052069,2018,9,4,11,44,6,2018,9,4,15,47,22
1.699,0.042617056856187295,2018,9,4,13,26,14,2018,9,4,14,6,6
8.887,0.0848400954653938,2018,9,4,13,51,59,2018,9,4,15,36,44
12.848,0.03854014598540146,2018,9,4,13,59,33,2018,9,4,19,32,55
13.217,0.03372974352430777,2018,9,4,14,8,34,2018,9,4,20,40,25
13.204,0.027442585472305936,2018,9,4,14,12,1,2018,9,4,22,13,10
8.965,0.04585286846816128,2018,9,4,14,13,37,2018,9,4,17,29,8
13.878,0.026352300778530287,2018,9,4,14,15,33,2018,9,4,23,2,11
9.8,0.016577389343106853,2018,9,4,14,29,56,2018,9,5,0,21,6
13.891,0.04333264011646044,2018,9,4,14,40,12,2018,9,4,20,0,46
4.654,0.10573267701628171,2018,9,4,15,7,24,2018,9,4,15,51,25
18.899,0.10407893529141808,2018,9,4,15,8,45,2018,9,4,18,10,20
13.61,0.0379108635097493,2018,9,4,15,9,37,2018,9,4,21,8,37
13.223,0.026236111111111113,2018,9,4,15,14,56,2018,9,4,23,38,56
5.958,0.04947135344588984,2018,9,4,15,27,59,2018,9,4,17,28,25
9.034,0.03214184060721063,2018,9,4,15,34,8,2018,9,4,20,15,12
9.266,0.06984422110552764,2018,9,4,15,35,21,2018,9,4,17,48,1
13.908,0.028881736060637524,2018,9,4,15,37,25,2018,9,4,23,38,58
13.914,0.09573853211009173,2018,9,4,15,38,56,2018,9,4,18,4,16
8.411,0.038350938521164224,2018,9,4,15,41,8,2018,9,4,19,20,27
11.217,0.024401580798375695,2018,9,4,15,42,27,2018,9,4,23,22,8
13.91,0.03845196959225985,2018,9,4,15,47,38,2018,9,4,21,49,23
13.212,0.02827003316572162,2018,9,4,15,51,34,2018,9,4,23,38,55
6.732,0.028505292872265352,2018,9,4,15,52,9,2018,9,4,19,48,19
13.906,0.02497111902552899,2018,9,4,15,52,21,2018,9,5,1,9,14
9.15,0.027551942186088526,2018,9,4,15,55,10,2018,9,4,21,27,16
5.879,0.03636119987630141,2018,9,4,15,56,9,2018,9,4,18,37,50
6.107,0.04498710865561695,2018,9,4,15,57,53,2018,9,4,18,13,38
10.34,0.02894331700489853,2018,9,4,15,58,20,2018,9,4,21,55,35
13.927,0.03027937819328188,2018,9,4,15,59,2,2018,9,4,23,38,59
13.193,0.02513032159751103,2018,9,4,15,59,20,2018,9,5,0,44,19
2.839,0.031089614893228694,2018,9,4,16,0,25,2018,9,4,17,31,44
5.704,0.04841420285754704,2018,9,4,16,5,21,2018,9,4,18,3,10
1.845,0.04138317757009345,2018,9,4,16,6,20,2018,9,4,16,50,55
13.896,0.030986732077154647,2018,9,4,16,10,39,2018,9,4,23,39,6
6.002,0.05430855074649374,2018,9,4,16,11,51,2018,9,4,18,2,22
5.632,0.03529927922281416,2018,9,4,16,19,42,2018,9,4,18,59,15
5.532,0.037471212463310005,2018,9,4,16,19,56,2018,9,4,18,47,34
13.967,0.03197939324556383,2018,9,4,16,22,12,2018,9,4,23,38,57
13.906,0.032030404238166534,2018,9,4,16,24,59,2018,9,4,23,39,8
3.83,0.031674707098552725,2018,9,4,16,30,56,2018,9,4,18,31,51
13.222,0.03867212635273472,2018,9,4,16,36,8,2018,9,4,22,18,2
12.355,0.043320476858345024,2018,9,4,16,45,50,2018,9,4,21,31,2
13.929,0.033798681603105916,2018,9,4,16,46,50,2018,9,4,23,38,57
7.198,0.039041764599529925,2018,9,4,17,2,20,2018,9,4,20,6,42
13.473,0.10405200154460036,2018,9,4,17,5,45,2018,9,4,19,15,14
1.631,0.032074729596853487,2018,9,4,17,11,57,2018,9,4,18,2,48
13.947,0.007585869299175981,2018,9,4,17,12,36,2018,9,5,23,51,9
12.988,0.037445581663543316,2018,9,4,17,51,6,2018,9,4,23,37,57
13.894,0.0686179932504733,2018,9,4,18,16,58,2018,9,4,21,39,27
13.884,0.10666325224071704,2018,9,4,19,40,41,2018,9,4,21,50,51
6.789,0.05478681909885676,2018,9,4,19,54,28,2018,9,4,21,58,23
11.332,0.1054139534883721,2018,9,4,19,54,29,2018,9,4,21,41,59
0.893,0.03399746192893401,2018,9,4,20,3,22,2018,9,4,20,29,38
5.339,0.052172638436482094,2018,9,4,20,17,28,2018,9,4,21,59,48
13.226,0.09077556623198355,2018,9,4,20,22,49,2018,9,4,22,48,31
5.343,0.04203776553894571,2018,9,4,20,40,0,2018,9,4,22,47,6
9.79,0.07790450928381962,2018,9,4,21,15,29,2018,9,4,23,21,9
2.553,0.10886993603411514,2018,9,4,21,19,48,2018,9,4,21,43,15
13.899,0.03544156396090097,2018,9,4,21,49,11,2018,9,5,4,21,21
10.551,0.05373567608861727,2018,9,4,21,54,6,2018,9,5,1,10,27
1.74,0.1,2018,9,4,22,22,55,2018,9,4,22,40,19
10.023,0.11128423390081421,2018,9,4,23,4,14,2018,9,5,0,34,18
13.198,0.05830793019659819,2018,9,5,0,12,37,2018,9,5,3,58,58
12.425,0.11057549688519729,2018,9,5,0,13,7,2018,9,5,2,5,29
3.904,0.052379248658318424,2018,9,5,0,20,1,2018,9,5,1,34,33
2.839,0.055721295387634935,2018,9,5,0,24,58,2018,9,5,1,15,55
3.795,0.10449747590637906,2018,9,5,0,25,39,2018,9,5,1,1,58
2.527,0.05670157068062827,2018,9,5,0,37,31,2018,9,5,1,22,5
5.98,0.05147037727729164,2018,9,5,1,2,34,2018,9,5,2,58,45
13.325,0.05701347785780503,2018,9,5,1,36,46,2018,9,5,5,30,29
9.477,0.11390625,2018,9,5,2,20,34,2018,9,5,3,43,46
4.736,0.1082102056359482,2018,9,5,2,24,54,2018,9,5,3,8,40
9.643,0.10949659348978048,2018,9,5,2,34,59,2018,9,5,4,3,3
2.385,0.09896265560165973,2018,9,5,2,37,56,2018,9,5,3,2,2
22.898,0.10391649648286816,2018,9,5,2,52,21,2018,9,5,6,32,42
6.86,0.055093026368625356,2018,9,5,3,0,45,2018,9,5,5,5,16
12.958,0.09820386510041683,2018,9,5,3,3,30,2018,9,5,5,15,27
5.954,0.05760077394388907,2018,9,5,3,11,2,2018,9,5,4,54,24
6.086,0.10649168853893264,2018,9,5,3,22,55,2018,9,5,4,20,4
4.018,0.09856091578086672,2018,9,5,3,44,6,2018,9,5,4,24,52
13.223,0.03682261208576998,2018,9,5,4,41,45,2018,9,5,10,40,51
7.928,0.05829411764705882,2018,9,5,4,53,34,2018,9,5,7,9,34
5.526,0.051862975129047396,2018,9,5,6,37,19,2018,9,5,8,23,52
13.071278611111111,0.09813272230563898,2018,9,5,7,1,52,2018,9,5,9,15,4
12.188,0.048040993299172254,2018,9,5,11,54,27,2018,9,5,16,8,9
7.229,0.04779504132231405,2018,9,5,13,26,6,2018,9,5,15,57,21
5.895,0.06603808812546676,2018,9,5,13,49,45,2018,9,5,15,19,1
11.717,0.0374265332197615,2018,9,5,14,0,4,2018,9,5,19,13,8
9.608,0.04490419068390715,2018,9,5,14,7,59,2018,9,5,17,41,57
12.578,0.04794054122729005,2018,9,5,14,9,36,2018,9,5,18,31,58
13.252,0.03958775205377147,2018,9,5,14,27,3,2018,9,5,20,1,48
7.65,0.11225238444607483,2018,9,5,14,33,27,2018,9,5,15,41,36
7.265,0.01244966155427984,2018,9,5,14,34,5,2018,9,6,0,17,38
13.217,0.040738723928901675,2018,9,5,14,34,36,2018,9,5,19,59,2
13.266,0.04254195617316943,2018,9,5,14,48,32,2018,9,5,20,0,22
5.462,0.042850418410041835,2018,9,5,14,55,16,2018,9,5,17,2,44
13.192,0.03317212187251163,2018,9,5,14,57,22,2018,9,5,21,35,3
15.308,0.10604780048493245,2018,9,5,15,11,46,2018,9,5,17,36,7
13.191,0.026263812842210056,2018,9,5,15,15,0,2018,9,5,23,37,15
5.924,0.03651905887187917,2018,9,5,15,26,44,2018,9,5,18,8,57
2.929,0.02980664857530529,2018,9,5,15,27,15,2018,9,5,17,5,31
6.795,0.03814915317675681,2018,9,5,15,29,11,2018,9,5,18,27,18
13.909,0.0773868694362018,2018,9,5,15,30,42,2018,9,5,18,30,26
6.214,0.04575285311081115,2018,9,5,15,33,49,2018,9,5,17,49,38
3.798,0.01570936164345788,2018,9,5,15,33,55,2018,9,5,19,35,41
13.883,0.052385384567008364,2018,9,5,15,38,36,2018,9,5,20,3,37
5.992,0.03762243616575973,2018,9,5,15,41,27,2018,9,5,18,20,43
13.966,0.05353692818809098,2018,9,5,15,42,13,2018,9,5,20,3,5
4.537,0.0516742596810934,2018,9,5,15,42,29,2018,9,5,17,10,17
14.026,0.05467515592515592,2018,9,5,15,46,28,2018,9,5,20,3,0
13.194,0.026053644890571007,2018,9,5,15,46,45,2018,9,6,0,13,10
1.063,0.03646655231560892,2018,9,5,15,49,47,2018,9,5,16,18,56
5.565,0.0517353579175705,2018,9,5,15,53,36,2018,9,5,17,41,10
3.245,0.0053763737780968684,2018,9,5,15,53,46,2018,9,6,1,57,20
13.949,0.05673015657832305,2018,9,5,15,57,5,2018,9,5,20,2,58
1.085,0.037221269296740994,2018,9,5,16,0,29,2018,9,5,16,29,38
1.41,0.03200908059023837,2018,9,5,16,6,21,2018,9,5,16,50,24
8.06,0.05160601856792232,2018,9,5,16,11,40,2018,9,5,18,47,51
5.551,0.06846043165467626,2018,9,5,16,12,9,2018,9,5,17,33,14
5.896,0.049853438556933485,2018,9,5,16,15,37,2018,9,5,18,13,53
6.687,0.0596520963425513,2018,9,5,16,16,50,2018,9,5,18,8,56
9.357,0.01775128845606602,2018,9,5,16,22,12,2018,9,6,1,9,19
6.311,0.05469594106601184,2018,9,5,16,26,13,2018,9,5,18,21,36
9.528,0.0764789297658863,2018,9,5,16,26,43,2018,9,5,18,31,18
13.938,0.03823693475378355,2018,9,5,16,45,40,2018,9,5,22,50,11
7.034,0.04248439702033421,2018,9,5,16,46,55,2018,9,5,19,32,29
8.743,0.0467748551047704,2018,9,5,16,49,52,2018,9,5,19,56,47
13.894,0.036448058761804826,2018,9,5,16,56,57,2018,9,5,23,18,9
13.93,0.0312226829541634,2018,9,5,17,30,9,2018,9,6,0,56,18
2.065,0.03345032397408207,2018,9,5,17,40,52,2018,9,5,18,42,36
1.636,0.05136577708006279,2018,9,5,18,11,10,2018,9,5,18,43,1
11.931,0.039345938221391666,2018,9,5,18,53,37,2018,9,5,23,56,51
13.501,0.10929033998920669,2018,9,5,19,19,9,2018,9,5,21,22,41
1.842,0.04231240428790199,2018,9,5,19,22,47,2018,9,5,20,6,19
7.099,0.045982942891072014,2018,9,5,20,8,12,2018,9,5,22,42,35
9.933,0.09898355754857997,2018,9,5,20,25,21,2018,9,5,22,5,42
9.157,0.05409274392044895,2018,9,5,20,30,20,2018,9,5,23,19,37
1.891,0.03261281977579764,2018,9,5,20,55,54,2018,9,5,21,53,53
8.971,0.10081663232815134,2018,9,5,21,9,43,2018,9,5,22,38,42
13.356,0.09121912350597611,2018,9,5,21,41,34,2018,9,6,0,7,59
1.052,0.034304347826086955,2018,9,5,21,56,12,2018,9,5,22,26,52
13.191,0.11023119777158774,2018,9,5,22,57,20,2018,9,6,0,57,0
12.143,0.10845192021434952,2018,9,5,23,17,38,2018,9,6,1,9,36
4.922,0.05626214517050866,2018,9,5,23,30,37,2018,9,6,0,58,6
13.187,0.05850920653701102,2018,9,6,0,17,36,2018,9,6,4,2,59
10.501,0.11042060988433228,2018,9,6,0,18,24,2018,9,6,1,53,30
4.887,0.09796859338456397,2018,9,6,0,40,42,2018,9,6,1,30,35
2.54,0.0955485893416928,2018,9,6,0,55,28,2018,9,6,1,22,3
1.588,0.10657718120805369,2018,9,6,1,0,17,2018,9,6,1,15,11
14.897,0.11456293258138939,2018,9,6,1,3,55,2018,9,6,3,13,57
12.515,0.11098137747561336,2018,9,6,1,7,49,2018,9,6,3,0,35
13.894,0.10265238271148874,2018,9,6,1,23,6,2018,9,6,3,38,27
11.756,0.08753536857781087,2018,9,6,1,33,6,2018,9,6,3,47,24
25.867,0.11153575278476464,2018,9,6,1,38,32,2018,9,6,5,30,27
6.502,0.09738392411382925,2018,9,6,1,57,24,2018,9,6,3,4,10
16.953,0.1094683598794662,2018,9,6,2,11,50,2018,9,6,4,46,42
4.471,0.10790828640386163,2018,9,6,2,33,49,2018,9,6,3,15,15
3.283,0.05694709453599306,2018,9,6,2,38,21,2018,9,6,3,36,0
11.309,0.11087254901960783,2018,9,6,2,44,25,2018,9,6,4,26,25
7.512,0.05528271801790752,2018,9,6,2,44,28,2018,9,6,5,0,21
27.422,0.10976117411607739,2018,9,6,2,56,37,2018,9,6,7,6,27
2.039,0.03545059403071574,2018,9,6,2,56,43,2018,9,6,3,54,14
6.609,0.051206095041322314,2018,9,6,3,1,6,2018,9,6,5,10,10
13.965,0.09862288135593221,2018,9,6,3,11,8,2018,9,6,5,32,44
5.119,0.10724162011173184,2018,9,6,3,24,3,2018,9,6,4,11,47
44.881,0.05971924066353234,2018,9,6,3,27,40,2018,9,6,15,59,12
6.38,0.041267787839586026,2018,9,6,3,27,58,2018,9,6,6,2,34
1.594,0.09670374115267948,2018,9,6,5,7,1,2018,9,6,5,23,30
11.347,0.05811523687580025,2018,9,6,5,9,4,2018,9,6,8,24,19
3.457,0.0502227602905569,2018,9,6,5,13,4,2018,9,6,6,21,54
6.793,0.058568759879293004,2018,9,6,5,15,35,2018,9,6,7,11,34
1.04,0.03674911660777385,2018,9,6,6,51,36,2018,9,6,7,19,54
13.208,0.037127196064652146,2018,9,6,9,3,41,2018,9,6,14,59,26
12.103,0.05026162790697674,2018,9,6,11,53,7,2018,9,6,15,53,55
8.12,0.10566037735849057,2018,9,6,13,6,0,2018,9,6,14,22,51
4.539,0.05193363844393592,2018,9,6,13,24,19,2018,9,6,14,51,43
4.718,0.11019073569482288,2018,9,6,13,31,23,2018,9,6,14,14,12
9.859,0.05033097932442781,2018,9,6,13,39,42,2018,9,6,16,55,35
6.856,0.06904330312185297,2018,9,6,13,50,56,2018,9,6,15,30,14
4.134,0.04988736926790025,2018,9,6,13,55,39,2018,9,6,15,18,31
7.442,0.05769737692208297,2018,9,6,13,57,37,2018,9,6,16,6,36
13.23,0.047168578049795,2018,9,6,14,2,20,2018,9,6,18,42,49
13.912,0.061521226415094346,2018,9,6,14,30,26,2018,9,6,18,16,34
4.578,0.007845086110873105,2018,9,6,14,32,43,2018,9,7,0,16,16
12.896,0.042789360172537746,2018,9,6,14,44,23,2018,9,6,19,45,46
1.339,0.028672376873661667,2018,9,6,14,48,33,2018,9,6,15,35,15
10.559,0.04942580745826182,2018,9,6,15,0,1,2018,9,6,18,33,39
5.462,0.04998017385999695,2018,9,6,15,6,19,2018,9,6,16,55,36
13.424,0.04660841386493837,2018,9,6,15,13,50,2018,9,6,20,1,51
13.887,0.03262922932330827,2018,9,6,15,14,18,2018,9,6,22,19,54
7.639,0.03060496794871795,2018,9,6,15,16,17,2018,9,6,19,25,53
2.494,0.03467099165894347,2018,9,6,15,17,32,2018,9,6,16,29,28
3.367,0.029466161026837807,2018,9,6,15,22,32,2018,9,6,17,16,48
10.641,0.05406096528365791,2018,9,6,15,22,47,2018,9,6,18,39,37
13.48,0.0822954822954823,2018,9,6,15,26,30,2018,9,6,18,10,18
13.95,0.042489466470379204,2018,9,6,15,28,47,2018,9,6,20,57,6
13.459,0.09500470588235295,2018,9,6,15,31,28,2018,9,6,17,53,8
13.913,0.05102879149092243,2018,9,6,15,33,56,2018,9,6,20,6,35
11.552,0.06655655847897061,2018,9,6,15,33,59,2018,9,6,18,27,33
6.717,0.03222870851659336,2018,9,6,15,34,8,2018,9,6,19,2,33
4.5,0.05082831325301205,2018,9,6,15,35,25,2018,9,6,17,3,57
8.216,0.048079586462498776,2018,9,6,15,46,38,2018,9,6,18,37,31
0.871,0.0322991347342398,2018,9,6,15,46,48,2018,9,6,16,13,46
3.725,0.009089060593737291,2018,9,6,15,48,1,2018,9,6,22,37,51
14.117,0.036009693053311795,2018,9,6,15,49,26,2018,9,6,22,21,28
9.407,0.10657477341389729,2018,9,6,15,49,59,2018,9,6,17,18,15
5.543,0.05305152336895837,2018,9,6,16,0,41,2018,9,6,17,45,10
3.324,0.03777272727272727,2018,9,6,16,2,2,2018,9,6,17,30,2
13.901,0.026407674772036475,2018,9,6,16,2,17,2018,9,7,0,48,41
8.681,0.04955851569933396,2018,9,6,16,7,35,2018,9,6,19,2,45
10.75,0.03009939801203976,2018,9,6,16,8,9,2018,9,6,22,5,18
1.111,0.09846381093057607,2018,9,6,16,9,44,2018,9,6,16,21,1
2.285,0.03311594202898551,2018,9,6,16,9,46,2018,9,6,17,18,46
11.225,0.05924524982406756,2018,9,6,16,17,40,2018,9,6,19,27,8
13.921,0.06259911564116016,2018,9,6,16,30,24,2018,9,6,20,12,47
12.265,0.10629784775386393,2018,9,6,16,42,0,2018,9,6,18,37,23
3.714,0.03287695485393921,2018,9,6,16,47,22,2018,9,6,18,40,20
11.23,0.08787167449139281,2018,9,6,16,57,26,2018,9,6,19,5,14
13.992,0.05180942977042706,2018,9,6,17,2,38,2018,9,6,21,32,42
13.9,0.07621310426756832,2018,9,6,17,52,0,2018,9,6,20,54,23
13.923,0.06732049319042631,2018,9,6,18,37,31,2018,9,6,22,4,20
5.204,0.04265573770491803,2018,9,6,18,46,4,2018,9,6,20,48,4
11.502,0.09028257456828885,2018,9,6,18,48,42,2018,9,6,20,56,6
11.153,0.10720602371034925,2018,9,6,19,1,39,2018,9,6,20,45,41
13.935,0.10482698094282848,2018,9,6,19,49,10,2018,9,6,22,2,6
9.35,0.06060933448573897,2018,9,6,20,23,57,2018,9,6,22,58,13
8.219,0.09988657079197893,2018,9,6,21,4,56,2018,9,6,22,27,13
5.49,0.05396461336828309,2018,9,6,21,9,24,2018,9,6,22,51,8
3.995,0.04867005076142132,2018,9,6,21,29,55,2018,9,6,22,52,0
2.543,0.10165223184543638,2018,9,6,22,11,22,2018,9,6,22,36,23
2.812,0.1053183520599251,2018,9,6,22,16,44,2018,9,6,22,43,26
21.269,0.10704974414898077,2018,9,6,22,28,32,2018,9,7,1,47,13
1.857,0.03317058648407264,2018,9,6,22,57,48,2018,9,6,23,53,47
1.089,0.036852791878172586,2018,9,6,23,33,41,2018,9,7,0,3,14
3.254,0.05631381597923277,2018,9,6,23,33,45,2018,9,7,0,31,32
13.88,0.05817267393126572,2018,9,6,23,45,55,2018,9,7,3,44,31
13.822,0.10501709509940482,2018,9,7,0,14,36,2018,9,7,2,26,13
3.739,0.05598702271025705,2018,9,7,0,16,6,2018,9,7,1,22,53
3.864,0.049708404802744424,2018,9,7,0,19,15,2018,9,7,1,36,59
13.943,0.10320503330866025,2018,9,7,0,21,17,2018,9,7,2,36,23
11.146,0.10874146341463416,2018,9,7,0,22,15,2018,9,7,2,4,45
4.194,0.05141806293420515,2018,9,7,0,29,50,2018,9,7,1,51,24
13.894,0.10679477325134512,2018,9,7,0,36,43,2018,9,7,2,46,49
2.664,0.05490896599106836,2018,9,7,0,37,40,2018,9,7,1,26,11
9.689,0.05800059862316671,2018,9,7,0,38,13,2018,9,7,3,25,16
2.54,0.020985954282566787,2018,9,7,1,0,41,2018,9,7,3,1,43
13.867,0.10605736137667304,2018,9,7,1,25,48,2018,9,7,3,36,33
6.414,0.10773796192609182,2018,9,7,1,26,22,2018,9,7,2,25,54
13.932,0.01914876070921336,2018,9,7,1,39,40,2018,9,7,13,47,14
13.932,0.1086174636174636,2018,9,7,1,41,35,2018,9,7,3,49,51
12.758,0.10773821252638985,2018,9,7,1,44,50,2018,9,7,3,43,15
5.934,0.05119194823867721,2018,9,7,1,53,30,2018,9,7,3,49,25
10.084,0.058204906204906204,2018,9,7,2,13,18,2018,9,7,5,6,33
9.457,0.11022144522144524,2018,9,7,2,13,48,2018,9,7,3,39,36
1.88,0.03578680203045685,2018,9,7,2,26,22,2018,9,7,3,18,54
2.279,0.10616459627329193,2018,9,7,2,27,5,2018,9,7,2,48,33
1.081,0.09305595408895265,2018,9,7,2,59,56,2018,9,7,3,11,33
13.906,0.11026298400951501,2018,9,7,3,5,57,2018,9,7,5,12,4
8.071,0.057780694427872564,2018,9,7,3,24,30,2018,9,7,5,44,11
6.471,0.055197611600796136,2018,9,7,3,25,30,2018,9,7,5,22,44
12.81,0.1108930890203434,2018,9,7,3,25,40,2018,9,7,5,21,11
9.928,0.10616289431473891,2018,9,7,3,28,30,2018,9,7,5,2,1
13.586,0.05684518828451883,2018,9,7,3,32,2,2018,9,7,7,31,2
13.871,0.058350978055107625,2018,9,7,4,30,44,2018,9,7,8,28,27
6.519,0.10548543689320389,2018,9,7,4,37,34,2018,9,7,5,39,22
9.188,0.09514670348636521,2018,9,7,4,51,24,2018,9,7,6,27,58
5.438,0.10514985497905252,2018,9,7,5,38,27,2018,9,7,6,30,10
1.538,0.10415349887133182,2018,9,7,6,29,14,2018,9,7,6,44,0
5.06,0.0584633160023108,2018,9,7,6,32,8,2018,9,7,7,58,41
6.333,0.03430660888407368,2018,9,7,8,21,2,2018,9,7,11,25,38
11.903,0.05200087374399301,2018,9,7,11,14,33,2018,9,7,15,3,27
3.757,0.052011998154130136,2018,9,7,13,24,58,2018,9,7,14,37,12
9.239,0.11299225438238893,2018,9,7,13,54,21,2018,9,7,15,16,7
13.25,0.04583717712177122,2018,9,7,14,3,40,2018,9,7,18,52,44
13.899,0.038834870075440064,2018,9,7,14,20,1,2018,9,7,20,17,55
13.221,0.0342010864878848,2018,9,7,14,31,30,2018,9,7,20,58,4
12.476,0.021232130701157252,2018,9,7,14,34,4,2018,9,8,0,21,40
5.406,0.03610418521816563,2018,9,7,14,35,25,2018,9,7,17,5,9
9.581,0.03403753922671561,2018,9,7,14,43,35,2018,9,7,19,25,4
6.398,0.03652868969454753,2018,9,7,14,48,35,2018,9,7,17,43,44
13.897,0.04411045865735597,2018,9,7,15,7,27,2018,9,7,20,22,30
10.044,0.04767344355668064,2018,9,7,15,8,6,2018,9,7,18,38,47
11.395,0.09088129735477866,2018,9,7,15,13,31,2018,9,7,17,18,54
0.627,0.02267631103074141,2018,9,7,15,13,43,2018,9,7,15,41,22
12.916,0.03275955360162327,2018,9,7,15,20,46,2018,9,7,21,55,2
13.256,0.027930889169827222,2018,9,7,15,26,0,2018,9,7,23,20,36
13.901,0.030494680267631896,2018,9,7,15,28,56,2018,9,7,23,4,47
2.909,0.04898680886893067,2018,9,7,15,30,22,2018,9,7,16,29,45
0.818,0.03331975560081466,2018,9,7,15,31,34,2018,9,7,15,56,7
7.675,0.019122960009966362,2018,9,7,15,35,44,2018,9,7,22,17,5
8.267,0.032833785662275766,2018,9,7,15,38,54,2018,9,7,19,50,41
6.409,0.037666764619453424,2018,9,7,15,39,42,2018,9,7,18,29,51
13.952,0.03035242929659173,2018,9,7,15,41,7,2018,9,7,23,20,47
12.184,0.02329117150412591,2018,9,7,15,41,16,2018,9,8,0,24,23
5.023,0.051307456588355456,2018,9,7,15,44,2,2018,9,7,17,21,56
8.805,0.03732250088308019,2018,9,7,15,44,6,2018,9,7,19,40,1
9.362,0.028849057572800575,2018,9,7,15,44,21,2018,9,7,21,8,52
13.934,0.09970661896243291,2018,9,7,15,45,25,2018,9,7,18,5,10
1.79,0.03181279620853081,2018,9,7,15,48,26,2018,9,7,16,44,42
9.709,0.03537405878066553,2018,9,7,15,48,29,2018,9,7,20,22,57
4.746,0.04471733668341709,2018,9,7,15,49,16,2018,9,7,17,35,24
11.523,0.035075845974329056,2018,9,7,15,50,21,2018,9,7,21,18,52
4.479,0.1063895486935867,2018,9,7,15,51,41,2018,9,7,16,33,47
5.981,0.03206397426733381,2018,9,7,15,54,23,2018,9,7,19,0,55
5.238878434880224,0.00972293315886088,2018,9,7,15,56,31,2018,9,8,0,55,20
2.574,0.05063606557377048,2018,9,7,15,56,56,2018,9,7,16,47,46
3.799,0.007181474480151229,2018,9,7,16,1,28,2018,9,8,0,50,28
3.609,0.006860129890701726,2018,9,7,16,8,1,2018,9,8,0,54,6
13.95,0.05771617707902358,2018,9,7,16,8,21,2018,9,7,20,10,3
12.882,0.04050731093758189,2018,9,7,16,11,8,2018,9,7,21,29,9
2.318,0.03561587708066582,2018,9,7,16,13,37,2018,9,7,17,18,42
10.998,0.034002164167568405,2018,9,7,16,16,21,2018,9,7,21,39,48
6.057,0.036813209076175045,2018,9,7,16,17,21,2018,9,7,19,1,53
1.051,0.05032721468475658,2018,9,7,16,27,0,2018,9,7,16,47,53
35.518,0.09502296339233958,2018,9,7,16,27,15,2018,9,7,22,41,2
3.97,0.04723378941106485,2018,9,7,16,31,47,2018,9,7,17,55,50
4.074,0.033512476007677545,2018,9,7,16,35,27,2018,9,7,18,37,1
14.039,0.03703895875472693,2018,9,7,16,46,8,2018,9,7,23,5,10
13.578,0.04201980606560759,2018,9,7,16,50,47,2018,9,7,22,13,55
8.257,0.03601221196481791,2018,9,7,17,1,3,2018,9,7,20,50,20
1.127,0.03386079118678017,2018,9,7,17,7,24,2018,9,7,17,40,41
13.912,0.034918217946036396,2018,9,7,17,27,30,2018,9,8,0,5,55
6.557,0.04294509333042244,2018,9,7,17,51,48,2018,9,7,20,24,29
5.375,0.041088036692572306,2018,9,7,18,52,34,2018,9,7,21,3,23
13.204,0.06109191856878471,2018,9,7,19,26,35,2018,9,7,23,2,43
13.924,0.06549388523047978,2018,9,7,19,30,5,2018,9,7,23,2,41
3.435,0.04105577689243028,2018,9,7,19,35,39,2018,9,7,20,59,19
1.3655913978491403,0.1237696130981094,2018,9,7,19,50,1,2018,9,7,20,1,3
13.967,0.0639026994052158,2018,9,7,19,50,7,2018,9,7,23,28,41
5.624,0.06410334346504559,2018,9,7,19,59,24,2018,9,7,21,27,8
13.838,0.08405345211581292,2018,9,7,20,22,11,2018,9,7,23,6,49
13.936,0.08498424636650066,2018,9,7,20,36,49,2018,9,7,23,20,48
10.767,0.08905707196029776,2018,9,7,20,45,4,2018,9,7,22,45,58
10.426,0.09370281605751947,2018,9,7,21,24,12,2018,9,7,23,15,28
13.396,0.09718984280532043,2018,9,7,22,29,49,2018,9,8,0,47,39
7.29,0.09274809160305345,2018,9,7,22,36,33,2018,9,7,23,55,9
9.672,0.053215955983493816,2018,9,7,22,47,50,2018,9,8,1,49,35
2.101,0.05750912408759124,2018,9,7,23,13,22,2018,9,7,23,49,54
7.125,0.10618479880774964,2018,9,7,23,14,51,2018,9,8,0,21,57
2.424,0.042352941176470586,2018,9,7,23,20,24,2018,9,8,0,17,38
1.226,0.03147625160462131,2018,9,7,23,28,36,2018,9,8,0,7,33
13.197,0.013714256023000849,2018,9,7,23,58,21,2018,9,8,16,0,38
11.021,0.10115649380449748,2018,9,8,0,4,21,2018,9,8,1,53,18
0.933,0.035009380863039403,2018,9,8,0,20,41,2018,9,8,0,47,20
6.057,0.0678655462184874,2018,9,8,0,24,33,2018,9,8,1,53,48
13.902,0.10276210422569915,2018,9,8,0,30,22,2018,9,8,2,45,39
13.871,0.05863876558867047,2018,9,8,0,39,12,2018,9,8,4,35,45
23.332,0.10981487292124255,2018,9,8,0,56,24,2018,9,8,4,28,52
13.867,0.09297351659403286,2018,9,8,1,24,53,2018,9,8,3,54,2
4.279,0.10492031058438905,2018,9,8,1,27,46,2018,9,8,2,8,33
7.744,0.10261484098939928,2018,9,8,1,28,34,2018,9,8,2,44,2
5.357,0.039578869597340235,2018,9,8,1,29,15,2018,9,8,3,44,36
6.136,0.10482915717539863,2018,9,8,1,32,14,2018,9,8,2,30,46
9.209,0.10654454300038564,2018,9,8,1,41,15,2018,9,8,3,7,41
0.842,0.1061344537815126,2018,9,8,2,29,54,2018,9,8,2,37,50
2.249,0.04709947643979058,2018,9,8,2,36,32,2018,9,8,3,24,17
8.658,0.10003466204506066,2018,9,8,2,43,39,2018,9,8,4,10,12
1.289,0.0957178217821782,2018,9,8,2,44,52,2018,9,8,2,58,20
8.893,0.10547143704289387,2018,9,8,2,45,55,2018,9,8,4,10,14
36.277,0.04514591500217784,2018,9,8,2,56,37,2018,9,8,16,20,10
4.31,0.04858162690212286,2018,9,8,2,58,7,2018,9,8,4,26,50
23.814,0.10677327753699,2018,9,8,3,27,29,2018,9,8,7,10,31
4.51,0.09698924731182795,2018,9,8,3,51,19,2018,9,8,4,37,49
7.424,0.05706379707916987,2018,9,8,4,28,19,2018,9,8,6,38,25
13.768,0.05345066321578778,2018,9,8,5,1,13,2018,9,8,9,18,48
13.856,0.08348664390439847,2018,9,8,5,15,43,2018,9,8,8,1,41
13.874,0.02791923799302388,2018,9,8,8,0,50,2018,9,8,16,17,46
9.964,0.053469278239871215,2018,9,8,13,1,46,2018,9,8,16,8,7
13.573,0.10838168751663561,2018,9,8,14,41,30,2018,9,8,16,46,44
3.689,0.05319394376351839,2018,9,8,14,43,30,2018,9,8,15,52,51
5.423,0.09558754406580494,2018,9,8,14,50,10,2018,9,8,15,46,54
13.198,0.053429593144862016,2018,9,8,15,0,30,2018,9,8,19,7,31
13.551,0.10126541287831611,2018,9,8,15,48,16,2018,9,8,18,2,5
2.405,0.1042630057803468,2018,9,8,16,16,57,2018,9,8,16,40,1
0.914,0.1040607210626186,2018,9,8,16,30,36,2018,9,8,16,39,23
0.963,0.1102671755725191,2018,9,8,16,50,41,2018,9,8,16,59,25
13.038,0.09783391695847923,2018,9,8,17,5,33,2018,9,8,19,18,49
13.877,0.1062964381463041,2018,9,8,17,22,43,2018,9,8,19,33,16
3.245,0.05290760869565218,2018,9,8,17,32,39,2018,9,8,18,33,59
11.263,0.09570599065288203,2018,9,8,17,35,59,2018,9,8,19,33,40
13.88,0.10457056755399298,2018,9,8,17,36,44,2018,9,8,19,49,28
5.177,0.10483293958825514,2018,9,8,17,48,36,2018,9,8,18,37,59
11.214,0.05380137533983688,2018,9,8,17,55,21,2018,9,8,21,23,47
3.844,0.04816036750887451,2018,9,8,18,0,46,2018,9,8,19,20,35
6.549,0.10792090085141445,2018,9,8,18,1,59,2018,9,8,19,2,40
13.248,0.03173680428012457,2018,9,8,18,30,8,2018,9,9,1,27,34
7.895,0.11011157601115759,2018,9,8,19,5,13,2018,9,8,20,16,55
6.327,0.053671709317121445,2018,9,8,19,6,7,2018,9,8,21,4,0
13.233,0.09487154976699727,2018,9,8,19,6,35,2018,9,8,21,26,4
13.55,0.09235487901851643,2018,9,8,19,29,57,2018,9,8,21,56,40
9.86,0.05497119494517747,2018,9,8,19,41,46,2018,9,8,22,41,8
13.886,0.11029388403494836,2018,9,8,19,52,2,2018,9,8,21,57,56
9.143,0.05356180433509081,2018,9,8,20,8,15,2018,9,8,22,58,57
3.432,0.03930521091811415,2018,9,8,20,26,7,2018,9,8,21,53,26
11.646,0.10959222082810541,2018,9,8,21,1,8,2018,9,8,22,47,24
5.96,0.05050134161841548,2018,9,8,21,35,52,2018,9,8,23,33,53
4.711,0.05728820429671666,2018,9,8,22,1,40,2018,9,8,23,23,54
3.869,0.10123855211513301,2018,9,8,22,18,51,2018,9,8,22,57,4
4.126,0.054976682211858766,2018,9,8,22,46,38,2018,9,9,0,1,41
13.949,0.10976262295081968,2018,9,8,22,56,37,2018,9,9,1,3,42
3.742,0.05762833675564681,2018,9,8,23,2,20,2018,9,9,0,7,16
13.965,0.11000393855848759,2018,9,8,23,58,15,2018,9,9,2,5,12
11.038,0.10907114624505929,2018,9,9,0,20,39,2018,9,9,2,1,51
10.969,0.10853232189973615,2018,9,9,0,43,22,2018,9,9,2,24,26
13.198,0.10928512282638697,2018,9,9,1,4,31,2018,9,9,3,5,17
6.146,0.10820422535211267,2018,9,9,1,9,18,2018,9,9,2,6,6
1.782,0.047774798927613944,2018,9,9,2,11,5,2018,9,9,2,48,23
13.868,0.10240984615384616,2018,9,9,2,17,33,2018,9,9,4,32,58
12.668,0.05525443442861296,2018,9,9,3,55,17,2018,9,9,7,44,33
11.043,0.05530717863105175,2018,9,9,4,45,17,2018,9,9,8,4,57
13.891,0.05761509746992949,2018,9,9,4,54,13,2018,9,9,8,55,19
6.644,0.012022800615254698,2018,9,9,5,11,43,2018,9,9,14,24,20
8.579,0.10841196293176074,2018,9,9,5,20,58,2018,9,9,6,40,6
6.279,0.025763523216850166,2018,9,9,7,56,46,2018,9,9,12,0,29
3.153,0.11115158636897768,2018,9,9,12,1,55,2018,9,9,12,30,17
4.199,0.05119691119691119,2018,9,9,13,55,0,2018,9,9,15,17,1
2.297,0.030942972608890885,2018,9,9,14,12,16,2018,9,9,15,26,30
5.528,0.1011836485661989,2018,9,9,14,23,57,2018,9,9,15,18,35
1.234,0.10283333333333333,2018,9,9,14,49,41,2018,9,9,15,1,41
2.981,0.05254406580493537,2018,9,9,14,50,27,2018,9,9,15,47,11
13.903,0.036149245969838796,2018,9,9,15,18,3,2018,9,9,21,42,39
4.119,0.04903571428571428,2018,9,9,15,25,13,2018,9,9,16,49,13
13.299,0.11382881597717547,2018,9,9,15,57,55,2018,9,9,17,54,45
7.097,0.057855978260869564,2018,9,9,16,6,10,2018,9,9,18,8,50
2.51,0.10741797432239657,2018,9,9,16,22,46,2018,9,9,16,46,8
13.797,0.10592706333973129,2018,9,9,16,43,5,2018,9,9,18,53,20
7.31,0.11009036144578312,2018,9,9,17,27,30,2018,9,9,18,33,54
13.889,0.10683846153846153,2018,9,9,17,28,0,2018,9,9,19,38,0
7.103,0.10924891053576007,2018,9,9,17,47,30,2018,9,9,18,52,31
9.635,0.10827870387713054,2018,9,9,17,52,33,2018,9,9,19,21,32
13.883,0.09674564459930313,2018,9,9,17,56,59,2018,9,9,20,20,29
13.887,0.05898067530261202,2018,9,9,18,9,39,2018,9,9,22,5,6
0.753,0.043110687022900766,2018,9,9,18,58,48,2018,9,9,19,16,16
6.988,0.05568127490039841,2018,9,9,19,7,30,2018,9,9,21,13,0
7.466,0.11006388206388207,2018,9,9,19,31,39,2018,9,9,20,39,29
11.738,0.10301009214567793,2018,9,9,19,51,37,2018,9,9,21,45,34
10.135,0.08636557307200682,2018,9,9,19,55,49,2018,9,9,21,53,10
1.723,0.029956534337873084,2018,9,9,20,15,9,2018,9,9,21,12,40
4.029,0.05232467532467532,2018,9,9,20,27,44,2018,9,9,21,44,44
3.054,0.053407169921305744,2018,9,9,20,37,33,2018,9,9,21,34,44
3.187,0.10460612691466083,2018,9,9,20,52,24,2018,9,9,21,22,52
6.086,0.104961195745904,2018,9,9,21,36,20,2018,9,9,22,34,19
13.92,0.05125498619208346,2018,9,9,21,41,28,2018,9,10,2,13,3
13.882,0.09898039215686275,2018,9,9,21,44,36,2018,9,10,0,4,51
6.387,0.10618453865336658,2018,9,9,21,45,3,2018,9,9,22,45,12
2.418,0.10802680565897246,2018,9,9,22,12,40,2018,9,9,22,35,3
5.852,0.10218859138533179,2018,9,9,22,57,34,2018,9,9,23,54,50
13.204,0.0426830450945531,2018,9,9,22,57,51,2018,9,10,4,7,12
3.047,0.05475292003593891,2018,9,9,23,3,52,2018,9,9,23,59,31
13.872,0.0940899841736378,2018,9,9,23,19,39,2018,9,10,1,47,5
4.212,0.05094134247127595,2018,9,9,23,23,34,2018,9,10,0,46,15
6.626,0.09720293398533007,2018,9,9,23,23,56,2018,9,10,0,32,6
9.353,0.09925362575168022,2018,9,10,0,14,31,2018,9,10,1,48,45
0.845,0.04751640112464854,2018,9,10,0,29,51,2018,9,10,0,47,38
7.251,0.09676601423487545,2018,9,10,1,31,18,2018,9,10,2,46,14
2.734,0.05666321243523316,2018,9,10,2,12,8,2018,9,10,3,0,23
13.196,0.0689566277651977,2018,9,10,3,4,57,2018,9,10,6,16,19
13.29,0.0853290529695024,2018,9,10,3,37,14,2018,9,10,6,12,59
10.237,0.10398171660741493,2018,9,10,3,52,20,2018,9,10,5,30,47
3.976,0.09347962382445141,2018,9,10,4,43,8,2018,9,10,5,25,40
13.922,0.04957682948542941,2018,9,10,4,47,2,2018,9,10,9,27,51
16.551,0.042843090728676814,2018,9,10,4,58,53,2018,9,10,11,25,12
29.643,0.10117640366346209,2018,9,10,5,9,44,2018,9,10,10,2,43
6.245,0.03792894017613119,2018,9,10,6,59,50,2018,9,10,9,44,29
1.482,0.1044888366627497,2018,9,10,7,8,28,2018,9,10,7,22,39
26.329,0.10884999655481294,2018,9,10,10,2,20,2018,9,10,14,4,13
12.651,0.025173614565714854,2018,9,10,11,50,7,2018,9,10,20,12,40
3.976,0.10903107861060328,2018,9,10,12,43,0,2018,9,10,13,19,28
10.251,0.04975408509949846,2018,9,10,13,31,18,2018,9,10,16,57,20
5.728,0.10753441802252815,2018,9,10,13,41,7,2018,9,10,14,34,23
7.988,0.08240715268225585,2018,9,10,13,49,39,2018,9,10,15,26,35
5.071,0.10770265486725662,2018,9,10,13,53,29,2018,9,10,14,40,34
13.899,0.08449240121580547,2018,9,10,13,56,50,2018,9,10,16,41,20
13.233,0.05318373635206645,2018,9,10,14,6,56,2018,9,10,18,15,45
12.949,0.021794771095152602,2018,9,10,14,13,41,2018,9,11,0,7,49
10.608,0.10267462493950638,2018,9,10,14,30,36,2018,9,10,16,13,55
12.509,0.09988554697897259,2018,9,10,14,34,52,2018,9,10,16,40,6
2.27,0.10141474311243485,2018,9,10,14,44,1,2018,9,10,15,6,24
6.269,0.04148908007941761,2018,9,10,14,46,44,2018,9,10,17,17,50
13.92,0.03953422323203635,2018,9,10,15,2,33,2018,9,10,20,54,39
10.657,0.028908178489081785,2018,9,10,15,5,13,2018,9,10,21,13,52
13.237,0.028605078336034578,2018,9,10,15,5,33,2018,9,10,22,48,18
6.43,0.02914777878513146,2018,9,10,15,6,42,2018,9,10,18,47,18
11.189,0.030658994382792164,2018,9,10,15,10,2,2018,9,10,21,14,59
13.327,0.04372375328083989,2018,9,10,15,10,27,2018,9,10,20,15,15
2.637,0.04547858580051739,2018,9,10,15,11,40,2018,9,10,16,9,39
27.432,0.05626115193983934,2018,9,10,15,20,47,2018,9,10,23,28,22
8.159,0.030426999813537206,2018,9,10,15,21,28,2018,9,10,19,49,37
4.643,0.050321531791907514,2018,9,10,15,22,28,2018,9,10,16,54,44
10.101,0.029255647808457234,2018,9,10,15,27,0,2018,9,10,21,12,16
11.847,0.09409849086576648,2018,9,10,15,27,18,2018,9,10,17,33,12
13.226,0.026140923016108313,2018,9,10,15,27,30,2018,9,10,23,53,27
6.727,0.02836800674725893,2018,9,10,15,30,21,2018,9,10,19,27,29
6.5,0.02155291516993645,2018,9,10,15,32,53,2018,9,10,20,34,28
6.435,0.06701961465023433,2018,9,10,15,38,9,2018,9,10,17,14,10
4.613,0.00788861654221057,2018,9,10,15,41,22,2018,9,11,1,26,8
13.93,0.022501009557140933,2018,9,10,15,42,44,2018,9,11,2,1,49
5.507,0.025822131916223817,2018,9,10,15,42,46,2018,9,10,19,16,2
13.915,0.03494913977144292,2018,9,10,15,45,22,2018,9,10,22,23,31
9.086,0.10210900917774865,2018,9,10,15,48,45,2018,9,10,17,17,44
10.329,0.053096298834818374,2018,9,10,15,53,21,2018,9,10,19,7,53
2.289,0.02669387755102041,2018,9,10,15,56,25,2018,9,10,17,22,10
7.221,0.05936694984927377,2018,9,10,15,59,31,2018,9,10,18,1,9
12.898,0.02644206785799706,2018,9,10,16,0,48,2018,9,11,0,8,35
5.587,0.05225565081839438,2018,9,10,16,5,15,2018,9,10,17,52,10
8.963,0.05496524938675388,2018,9,10,16,6,29,2018,9,10,18,49,33
13.04,0.04694869486948695,2018,9,10,16,8,8,2018,9,10,20,45,53
0.902,0.03576999339061468,2018,9,10,16,12,53,2018,9,10,16,38,6
8.389,0.04999404052443384,2018,9,10,16,15,41,2018,9,10,19,3,29
1.373,0.0294109246697608,2018,9,10,16,22,56,2018,9,10,17,9,37
13.976,0.028406504065040653,2018,9,10,16,38,24,2018,9,11,0,50,24
7.882,0.015935573002661994,2018,9,10,16,49,34,2018,9,11,1,4,11
7.494,0.0529548934165587,2018,9,10,17,2,20,2018,9,10,19,23,51
13.905,0.025876186340797715,2018,9,10,17,4,22,2018,9,11,2,1,44
13.99,0.029951828724353258,2018,9,10,17,15,23,2018,9,11,1,2,28
13.939,0.05365625200487585,2018,9,10,17,16,0,2018,9,10,21,35,47
1.573,0.03210204081632653,2018,9,10,17,26,47,2018,9,10,18,15,47
12.391,0.10015627104944093,2018,9,10,17,47,11,2018,9,10,19,50,54
2.133,0.08670731707317073,2018,9,10,17,53,26,2018,9,10,18,18,2
13.971,0.018621792735754747,2018,9,10,18,16,22,2018,9,11,6,46,37
3.395,0.054262120404901436,2018,9,10,19,2,41,2018,9,10,20,5,15
13.267,0.04457248446161599,2018,9,10,19,5,37,2018,9,11,0,3,16
13.921,0.10820831713952583,2018,9,10,19,7,30,2018,9,10,21,16,9
10.786,0.04577774633939308,2018,9,10,19,9,47,2018,9,10,23,5,24
6.674,0.055141834205453044,2018,9,10,19,31,32,2018,9,10,21,32,34
2.192,0.040122025625381336,2018,9,10,19,49,5,2018,9,10,20,43,43
13.284,0.0360162675101672,2018,9,10,19,53,7,2018,9,11,2,1,57
6.651,0.0413662278428527,2018,9,10,20,22,44,2018,9,10,23,3,31
2.03,0.035582822085889566,2018,9,10,20,30,21,2018,9,10,21,27,24
13.195,0.05536750821735786,2018,9,10,20,44,12,2018,9,11,0,42,31
3.524,0.011488182559087205,2018,9,10,20,46,1,2018,9,11,1,52,46
4.918,0.05080578512396695,2018,9,10,21,13,48,2018,9,10,22,50,36
2.578,0.033157556270096464,2018,9,10,21,18,1,2018,9,10,22,35,46
13.885,0.10383896298142839,2018,9,10,21,35,48,2018,9,10,23,49,31
6.799,0.05303432137285492,2018,9,10,21,52,26,2018,9,11,0,0,38
10.615,0.05873835654339205,2018,9,10,22,24,8,2018,9,11,1,24,51
1.948,0.10015424164524422,2018,9,10,22,34,57,2018,9,10,22,54,24
4.528,0.055331975560081466,2018,9,10,23,37,21,2018,9,11,0,59,11
5.448,0.10703339882121808,2018,9,10,23,55,46,2018,9,11,0,46,40
9.697,0.05810065907729178,2018,9,11,0,4,9,2018,9,11,2,51,3
5.259,0.10645748987854252,2018,9,11,0,48,3,2018,9,11,1,37,27
1.014,0.0959621451104101,2018,9,11,0,55,24,2018,9,11,1,5,58
0.95,0.09223300970873785,2018,9,11,0,57,17,2018,9,11,1,7,35
13.868,0.1064313123561013,2018,9,11,1,24,59,2018,9,11,3,35,17
10.788,0.10597249508840866,2018,9,11,1,31,56,2018,9,11,3,13,44
2.237,0.10237986270022884,2018,9,11,1,37,29,2018,9,11,1,59,20
13.243,0.1000226586102719,2018,9,11,1,53,11,2018,9,11,4,5,35
0.691,0.024416961130742047,2018,9,11,1,59,22,2018,9,11,2,27,40
2.913,0.09947638019351165,2018,9,11,2,2,46,2018,9,11,2,32,3
8.361,0.058448095071653265,2018,9,11,2,49,33,2018,9,11,5,12,36
6.79,0.05434898612593383,2018,9,11,2,50,29,2018,9,11,4,55,25
2.563,0.04933589990375361,2018,9,11,3,51,24,2018,9,11,4,43,21
2.521,0.032286019210245466,2018,9,11,4,30,57,2018,9,11,5,49,2
7.336,0.05602138220694922,2018,9,11,4,38,25,2018,9,11,6,49,22
0.815,0.07616822429906542,2018,9,11,4,42,44,2018,9,11,4,53,26
2.337,0.09292246520874753,2018,9,11,7,50,29,2018,9,11,8,15,38
2.238,0.043386106623586426,2018,9,11,10,14,9,2018,9,11,11,5,44
12.349,0.04617599401720055,2018,9,11,11,54,43,2018,9,11,16,22,9
11.157,0.049038165702146364,2018,9,11,13,3,20,2018,9,11,16,50,51
6.558,0.049663006436955696,2018,9,11,13,19,18,2018,9,11,15,31,21
10.901,0.10722295081967212,2018,9,11,13,38,38,2018,9,11,15,20,18
7.93,0.062465537613233556,2018,9,11,13,49,50,2018,9,11,15,56,47
13.9,0.043908602716647364,2018,9,11,13,59,45,2018,9,11,19,16,19
13.212,0.02318437061300889,2018,9,11,14,8,1,2018,9,11,23,37,53
11.843,0.04743524699599466,2018,9,11,14,8,2,2018,9,11,18,17,42
9.65,0.057372175980975035,2018,9,11,14,33,20,2018,9,11,17,21,32
13.827,0.05710097047284741,2018,9,11,14,35,0,2018,9,11,18,37,9
1.95,0.0033413296778615487,2018,9,11,14,35,10,2018,9,12,0,18,46
13.311,0.015209095063985373,2018,9,11,14,41,46,2018,9,12,5,16,58
12.279,0.09386418652057588,2018,9,11,14,42,31,2018,9,11,16,53,20
8.43,0.0949502534259433,2018,9,11,14,45,28,2018,9,11,16,14,15
3.388,0.043612958592576696,2018,9,11,14,49,20,2018,9,11,16,7,1
6.941,0.03962511893434824,2018,9,11,14,53,10,2018,9,11,17,48,20
1.313,0.030114678899082568,2018,9,11,15,2,43,2018,9,11,15,46,19
13.94,0.03641429753145544,2018,9,11,15,5,37,2018,9,11,21,28,26
12.591,0.03310517090271691,2018,9,11,15,9,9,2018,9,11,21,29,29
8.535,0.041937597248382606,2018,9,11,15,9,25,2018,9,11,18,32,56
13.26,0.03238754325259515,2018,9,11,15,11,18,2018,9,11,22,0,43
2.621,0.04566202090592335,2018,9,11,15,12,27,2018,9,11,16,9,51
1.0502255077653244,-1.06802594010033,2018,9,11,15,15,1,2018,9,11,15,14,2
11.913,0.025195812330360605,2018,9,11,15,19,31,2018,9,11,23,12,20
1.943,0.05303912647861693,2018,9,11,15,19,44,2018,9,11,15,56,22
4.472,0.030919566720442503,2018,9,11,15,21,30,2018,9,11,17,46,8
3.345,0.029376463700234196,2018,9,11,15,26,28,2018,9,11,17,20,20
14.028,0.09640132859924407,2018,9,11,15,30,31,2018,9,11,17,56,2
5.137,0.02290066126755331,2018,9,11,15,30,36,2018,9,11,19,14,55
13.952,0.03171149329494659,2018,9,11,15,36,4,2018,9,11,22,56,2
6.129,0.04922232632847008,2018,9,11,15,36,47,2018,9,11,17,41,18
4.679,0.051192560175054705,2018,9,11,15,37,28,2018,9,11,17,8,52
9.956,0.03329951502313395,2018,9,11,15,39,25,2018,9,11,20,38,24
5.506,0.04747233797959477,2018,9,11,15,39,53,2018,9,11,17,35,52
3.124,0.05630519675578252,2018,9,11,15,44,10,2018,9,11,16,39,39
13.924,0.042032602133226,2018,9,11,15,44,14,2018,9,11,21,15,30
6.002,0.049129604365620735,2018,9,11,15,44,38,2018,9,11,17,46,48
6.29,0.039316595478695704,2018,9,11,15,48,3,2018,9,11,18,28,2
6.849,0.04123419626730885,2018,9,11,15,55,17,2018,9,11,18,41,23
3.574,0.03946264262053736,2018,9,11,15,56,57,2018,9,11,17,27,31
3.236,0.02762270593256509,2018,9,11,16,15,47,2018,9,11,18,12,56
8.123,0.04004765817584223,2018,9,11,16,19,31,2018,9,11,19,42,21
1.824,0.03196261682242991,2018,9,11,16,22,11,2018,9,11,17,19,15
7.999,0.10807025444719658,2018,9,11,16,22,54,2018,9,11,17,36,55
8.776,0.05457145818219505,2018,9,11,16,26,16,2018,9,11,19,7,5
6.426,0.05245000680179568,2018,9,11,16,29,17,2018,9,11,18,31,48
1.549,0.03024406117800195,2018,9,11,16,31,16,2018,9,11,17,22,29
7.925,0.05672193725396636,2018,9,11,16,40,5,2018,9,11,18,59,48
13.95,0.03278239072536424,2018,9,11,16,46,25,2018,9,11,23,51,57
11.813,0.10320034944670937,2018,9,11,16,51,7,2018,9,11,18,45,35
24.869,0.09487759903350924,2018,9,11,17,9,22,2018,9,11,21,31,29
12.449,0.057527726432532345,2018,9,11,17,9,53,2018,9,11,20,46,17
12.177,0.054822540706835746,2018,9,11,17,13,34,2018,9,11,20,55,41
11.527,0.054423984891406985,2018,9,11,17,27,19,2018,9,11,20,59,7
1.942,0.054499532273152476,2018,9,11,18,22,35,2018,9,11,18,58,13
13.259,0.08104523227383864,2018,9,11,18,29,16,2018,9,11,21,12,52
13.954,0.07253855484318142,2018,9,11,18,36,15,2018,9,11,21,48,37
12.418,0.06606490512502217,2018,9,11,18,40,27,2018,9,11,21,48,25
2.152,0.033572542901716074,2018,9,11,18,42,24,2018,9,11,19,46,30
12.302,0.07677553567713752,2018,9,11,18,59,8,2018,9,11,21,39,22
1.106,0.03849187935034803,2018,9,11,19,16,30,2018,9,11,19,45,14
6.902,0.05394294646346229,2018,9,11,19,50,40,2018,9,11,21,58,37
8.493,0.10600790513833994,2018,9,11,19,51,14,2018,9,11,21,11,21
1.88,0.08757763975155279,2018,9,11,19,56,17,2018,9,11,20,17,45
2.666,0.04116314976839938,2018,9,11,20,0,16,2018,9,11,21,5,2
11.093,0.1029353541602227,2018,9,11,20,10,57,2018,9,11,21,58,43
7.952,0.10565101860053144,2018,9,11,20,28,58,2018,9,11,21,44,14
7.978,0.10081718618365626,2018,9,11,21,29,31,2018,9,11,22,48,39
13.922,0.10270748801180375,2018,9,11,21,50,35,2018,9,12,0,6,8
20.364,0.10392447052819598,2018,9,11,22,5,18,2018,9,12,1,21,15
2.497,0.09458333333333334,2018,9,11,22,30,24,2018,9,11,22,56,48
4.31,0.10229430379746834,2018,9,11,22,32,47,2018,9,11,23,14,55
4.227,0.04840076335877863,2018,9,11,22,35,4,2018,9,12,0,2,24
1.356,0.010734925451906584,2018,9,11,23,8,3,2018,9,12,1,14,22
2.825,0.033744774039418675,2018,9,11,23,27,55,2018,9,12,0,51,38
18.743167562701547,0.013294440942441784,2018,9,12,0,3,3,2018,9,12,23,32,54
1.437,0.03344453064391001,2018,9,12,0,4,3,2018,9,12,0,47,1
11.357,0.10673872180451127,2018,9,12,0,12,18,2018,9,12,1,58,42
13.205,0.02070398243963625,2018,9,12,0,14,53,2018,9,12,10,52,41
10.731,0.1051028403525955,2018,9,12,0,43,36,2018,9,12,2,25,42
3.12,0.10240700218818381,2018,9,12,0,52,23,2018,9,12,1,22,51
11.292,0.05066706551002094,2018,9,12,1,18,51,2018,9,12,5,1,43
2.576,0.10324649298597195,2018,9,12,1,39,42,2018,9,12,2,4,39
12.307,0.10946042099021643,2018,9,12,1,43,32,2018,9,12,3,35,58
0.692,0.09566820276497695,2018,9,12,1,44,15,2018,9,12,1,51,29
11.63,0.10567923671058611,2018,9,12,1,45,16,2018,9,12,3,35,19
13.657,0.05289652056032535,2018,9,12,1,45,51,2018,9,12,6,4,2
10.725,0.0569922947480294,2018,9,12,1,51,45,2018,9,12,4,59,56
2.027,0.10126561199000834,2018,9,12,1,55,24,2018,9,12,2,15,25
6.445,0.10667586206896552,2018,9,12,2,7,53,2018,9,12,3,8,18
2.443,0.057392325763508216,2018,9,12,2,9,40,2018,9,12,2,52,14
15.701,0.052502925932118374,2018,9,12,2,22,0,2018,9,12,7,21,3
13.002,0.10519417475728156,2018,9,12,2,23,42,2018,9,12,4,27,18
6.985,0.10897035881435259,2018,9,12,2,30,18,2018,9,12,3,34,24
21.741,0.10396588826014186,2018,9,12,2,33,42,2018,9,12,6,2,49
7.858,0.0963383735185942,2018,9,12,2,38,43,2018,9,12,4,0,17
13.899,0.08783863492732252,2018,9,12,2,50,45,2018,9,12,5,28,59
5.712,0.10124667651403249,2018,9,12,2,54,47,2018,9,12,3,51,12
9.391,0.11009378663540446,2018,9,12,3,20,13,2018,9,12,4,45,31
4.605,0.09850267379679145,2018,9,12,3,42,21,2018,9,12,4,29,6
13.911,0.10862311296199896,2018,9,12,3,54,38,2018,9,12,6,2,42
5.141,0.050278728606356966,2018,9,12,5,8,2,2018,9,12,6,50,17
11.531,0.0488498199533997,2018,9,12,5,57,23,2018,9,12,9,53,26
30.147,0.10429683445770627,2018,9,12,6,8,25,2018,9,12,10,57,28
6.162,0.05247232472324723,2018,9,12,10,3,34,2018,9,12,12,1,0
12.359,0.04007241286138881,2018,9,12,11,49,0,2018,9,12,16,57,25
3.024,0.03741802433491442,2018,9,12,13,5,34,2018,9,12,14,26,23
8.831,0.03655971848478576,2018,9,12,13,51,21,2018,9,12,17,52,54
12.457,0.03811811505507956,2018,9,12,14,1,48,2018,9,12,19,28,36
13.951,0.0355650917743032,2018,9,12,14,9,53,2018,9,12,20,42,9
6.345,0.06971250686687419,2018,9,12,14,26,25,2018,9,12,15,57,26
5.177,0.04575342465753424,2018,9,12,14,30,59,2018,9,12,16,24,8
5.512,0.06810543657331136,2018,9,12,14,50,47,2018,9,12,16,11,43
7.951,0.014058466434844107,2018,9,12,14,50,49,2018,9,13,0,16,23
10.379,0.08838206074368435,2018,9,12,15,1,51,2018,9,12,16,59,17
8.843,0.09847438752783964,2018,9,12,15,2,19,2018,9,12,16,32,7
13.247,0.02623081746477014,2018,9,12,15,2,57,2018,9,12,23,27,58
3.262,0.046767025089605736,2018,9,12,15,7,51,2018,9,12,16,17,36
32.136,0.09468008838693838,2018,9,12,15,15,34,2018,9,12,20,54,59
7.5,0.021822414043935794,2018,9,12,15,18,28,2018,9,12,21,2,9
4.74,0.052715477293790544,2018,9,12,15,20,40,2018,9,12,16,50,35
0.783,0.03074607329842932,2018,9,12,15,23,46,2018,9,12,15,49,14
4.738,0.037209424083769635,2018,9,12,15,27,41,2018,9,12,17,35,1
1.447,0.030907796368814525,2018,9,12,15,31,43,2018,9,12,16,18,32
5.698,0.033832756061355766,2018,9,12,15,38,35,2018,9,12,18,27,0
4.385,0.044905273937532,2018,9,12,15,40,0,2018,9,12,17,17,39
7.787,0.043899276519778256,2018,9,12,15,42,13,2018,9,12,18,39,36
4.042,0.03584392550990245,2018,9,12,15,42,35,2018,9,12,17,35,21
10.914,0.03383836295990078,2018,9,12,15,43,11,2018,9,12,21,5,43
6.027,0.04964579901153213,2018,9,12,15,43,26,2018,9,12,17,44,50
4.306,0.0322224993764031,2018,9,12,15,43,34,2018,9,12,17,57,12
13.979,0.03185370855645436,2018,9,12,15,51,23,2018,9,12,23,10,14
6.577,0.029979487958672037,2018,9,12,15,55,4,2018,9,12,19,34,27
1.659,0.036091370558375635,2018,9,12,15,55,21,2018,9,12,16,41,19
13.267,0.027582120582120583,2018,9,12,15,57,36,2018,9,12,23,58,36
6.233,0.05295666949872557,2018,9,12,15,59,24,2018,9,12,17,57,6
5.218,0.04910288582183187,2018,9,12,15,59,55,2018,9,12,17,46,11
3.117,0.02535520607375271,2018,9,12,16,1,9,2018,9,12,18,4,5
5.121,0.047409350408887524,2018,9,12,16,3,18,2018,9,12,17,51,19
5.797,0.03884954763766335,2018,9,12,16,7,33,2018,9,12,18,36,46
7.96,0.03620924943138741,2018,9,12,16,9,41,2018,9,12,19,49,31
4.255,0.023924655608658984,2018,9,12,16,15,14,2018,9,12,19,13,5
5.743,0.04699672667757774,2018,9,12,16,15,58,2018,9,12,18,18,10
1.624,0.026060443968975663,2018,9,12,16,18,50,2018,9,12,17,21,9
13.999,0.03241384633195694,2018,9,12,16,24,42,2018,9,12,23,36,35
13.987,0.02531965605672047,2018,9,12,16,42,58,2018,9,13,1,55,23
3.117,0.04544835965978129,2018,9,12,16,47,39,2018,9,12,17,56,14
13.904,0.06127359529930224,2018,9,12,16,48,13,2018,9,12,20,35,8
7.343,0.04865599116510216,2018,9,12,16,53,45,2018,9,12,19,24,40
11.212,0.07648021828103684,2018,9,12,16,54,17,2018,9,12,19,20,53
2.083,0.03339032861341171,2018,9,12,17,5,38,2018,9,12,18,8,1
13.994,0.029675549586484766,2018,9,12,17,17,57,2018,9,13,1,9,31
6.57,0.054394922036704846,2018,9,12,18,18,31,2018,9,12,20,19,18
4.692,0.04258357283315686,2018,9,12,19,33,19,2018,9,12,21,23,30
1.768,0.012055915444936924,2018,9,12,19,43,58,2018,9,12,22,10,37
2.051,0.04214383561643836,2018,9,12,19,49,6,2018,9,12,20,37,46
1.332,0.10259306803594354,2018,9,12,20,48,47,2018,9,12,21,1,46
1.884,0.05069058295964125,2018,9,12,20,52,1,2018,9,12,21,29,11
7.215,0.05284423828125,2018,9,12,22,8,44,2018,9,13,0,25,16
13.212,0.05731472778540958,2018,9,12,22,10,55,2018,9,13,2,1,26
5.354,0.10201333756748174,2018,9,12,23,8,49,2018,9,13,0,1,18
4.521,0.05570020533880903,2018,9,12,23,36,55,2018,9,13,0,58,5
2.842,0.05477674269193704,2018,9,12,23,40,20,2018,9,13,0,32,13
5.1,0.09659090909090909,2018,9,12,23,59,43,2018,9,13,0,52,31
13.884,0.10475855130784709,2018,9,13,0,5,58,2018,9,13,2,18,30
13.211,0.0448438560760353,2018,9,13,0,13,41,2018,9,13,5,8,17
4.882,0.10651636363636362,2018,9,13,0,51,52,2018,9,13,1,37,42
3.949,0.09938758389261744,2018,9,13,1,8,40,2018,9,13,1,48,24
13.917,0.017849935870029927,2018,9,13,1,25,30,2018,9,13,14,25,10
13.184,0.028951432858763677,2018,9,13,1,29,24,2018,9,13,9,4,47
13.89,0.06563755217767976,2018,9,13,1,29,31,2018,9,13,5,1,8
5.349,0.0569143465153396,2018,9,13,1,46,21,2018,9,13,3,20,20
11.604,0.10382344169400536,2018,9,13,1,46,24,2018,9,13,3,38,10
4.088,0.09622597096900745,2018,9,13,1,59,11,2018,9,13,2,41,40
7.305,0.10347025495750709,2018,9,13,2,25,13,2018,9,13,3,35,49
6.057,0.09851450257522364,2018,9,13,2,26,3,2018,9,13,3,27,32
2.045,0.03506716204629894,2018,9,13,2,26,30,2018,9,13,3,24,49
12.054,0.09732741219216795,2018,9,13,2,31,11,2018,9,13,4,35,2
12.191,0.10302253521126761,2018,9,13,2,31,45,2018,9,13,4,30,5
8.063,0.0562665736217725,2018,9,13,2,47,5,2018,9,13,5,10,23
10.21,0.09844126627028765,2018,9,13,3,7,58,2018,9,13,4,51,41
13.187,0.034974141360562254,2018,9,13,3,14,41,2018,9,13,9,31,44
8.742,0.05671099578332793,2018,9,13,3,54,36,2018,9,13,6,28,45
2.993,0.04808032128514056,2018,9,13,4,12,49,2018,9,13,5,15,4
9.647,0.10970811220621683,2018,9,13,4,37,22,2018,9,13,6,5,18
13.229,0.05899219620958751,2018,9,13,4,56,41,2018,9,13,8,40,56
2.14,0.04529100529100529,2018,9,13,7,11,36,2018,9,13,7,58,51
12.063,0.04662629646331251,2018,9,13,11,46,46,2018,9,13,16,5,29
4.912,0.05392863677950595,2018,9,13,13,7,17,2018,9,13,14,38,22
4.583,0.0762350984197394,2018,9,13,13,49,26,2018,9,13,14,49,33
10.863,0.049065040650406504,2018,9,13,13,51,39,2018,9,13,17,33,3
13.952,0.02591622550385437,2018,9,13,13,57,4,2018,9,13,22,55,25
13.991,0.02429344523223846,2018,9,13,14,5,12,2018,9,13,23,41,7
1.697,0.1115224534501643,2018,9,13,14,8,38,2018,9,13,14,23,51
8.192,0.06367664205207928,2018,9,13,14,15,53,2018,9,13,16,24,32
0.715,0.02526501766784452,2018,9,13,14,25,28,2018,9,13,14,53,46
7.969,0.012374864123401831,2018,9,13,14,34,13,2018,9,14,1,18,11
6.962,0.09266193433895296,2018,9,13,14,49,13,2018,9,13,16,4,21
6.85,0.05371144798745426,2018,9,13,14,58,21,2018,9,13,17,5,53
13.329,0.02513956997359487,2018,9,13,15,1,30,2018,9,13,23,51,42
13.333,0.047218746310943215,2018,9,13,15,9,54,2018,9,13,19,52,16
13.33,0.024902699504935084,2018,9,13,15,10,14,2018,9,14,0,5,31
2.624,0.005061077536325061,2018,9,13,15,14,21,2018,9,13,23,52,49
12.001,0.04486355140186916,2018,9,13,15,16,36,2018,9,13,19,44,6
12.675,0.0277039087829223,2018,9,13,15,26,7,2018,9,13,23,3,38
7.534,0.019589183567342693,2018,9,13,15,32,15,2018,9,13,21,56,51
0.865,0.0346,2018,9,13,15,32,27,2018,9,13,15,57,27
3.457,0.03409270216962524,2018,9,13,15,32,43,2018,9,13,17,14,7
1.705,0.015344232788360583,2018,9,13,15,36,21,2018,9,13,17,27,28
13.293,0.05317554503633576,2018,9,13,15,41,11,2018,9,13,19,51,10
4.383,0.052251142459765546,2018,9,13,15,42,12,2018,9,13,17,6,5
3.273,0.030408795292660266,2018,9,13,15,42,36,2018,9,13,17,30,14
2.012,0.04328433130154177,2018,9,13,15,43,4,2018,9,13,16,29,33
3.073,0.028484473968793448,2018,9,13,15,44,17,2018,9,13,17,32,10
13.906,0.10107328891580859,2018,9,13,15,46,9,2018,9,13,18,3,44
3.391,0.10731012658227848,2018,9,13,15,48,49,2018,9,13,16,20,25
5.677,0.031075631785421037,2018,9,13,15,49,7,2018,9,13,18,51,48
13.137,0.05573216432157251,2018,9,13,15,56,47,2018,9,13,19,52,30
4.697,0.03157293300470535,2018,9,13,15,57,29,2018,9,13,18,26,15
13.934,0.05749931224209078,2018,9,13,15,57,41,2018,9,13,20,0,1
1.794,0.041608040201005024,2018,9,13,15,58,50,2018,9,13,16,41,57
11.357,0.060484644061778794,2018,9,13,15,59,54,2018,9,13,19,7,40
2.18,0.03296370967741935,2018,9,13,16,1,0,2018,9,13,17,7,8
7.954,0.05040025345865456,2018,9,13,16,2,5,2018,9,13,18,39,54
6.609,0.094752688172043,2018,9,13,16,3,26,2018,9,13,17,13,11
13.257,0.031292340375309806,2018,9,13,16,9,7,2018,9,13,23,12,46
4.154,0.04788472622478386,2018,9,13,16,13,33,2018,9,13,17,40,18
6.811,0.053259481298058124,2018,9,13,16,16,5,2018,9,13,18,23,58
6.212,0.07478330658105939,2018,9,13,16,23,35,2018,9,13,17,46,39
13.925,0.04530911062906725,2018,9,13,16,25,41,2018,9,13,21,33,1
10.342,0.10388749372174787,2018,9,13,16,46,57,2018,9,13,18,26,30
7.281,0.05297841377637642,2018,9,13,17,4,36,2018,9,13,19,22,2
10.18,0.053857684507539014,2018,9,13,17,10,55,2018,9,13,20,19,56
10.711,0.0739284481766939,2018,9,13,17,11,22,2018,9,13,19,36,15
13.346,0.02823853016891773,2018,9,13,17,18,36,2018,9,14,1,11,13
9.687,0.10047018150388935,2018,9,13,17,28,36,2018,9,13,19,5,1
14.103,0.023906766492442437,2018,9,13,17,30,34,2018,9,14,3,20,29
14.08,0.039091203553745776,2018,9,13,18,47,24,2018,9,14,0,47,35
14.036,0.041471413798197666,2018,9,13,19,11,53,2018,9,14,0,50,20
6.694,0.05471189211279118,2018,9,13,20,1,23,2018,9,13,22,3,44
4.985,0.050429944360141636,2018,9,13,20,18,20,2018,9,13,21,57,11
6.719,0.054251110213968515,2018,9,13,20,24,54,2018,9,13,22,28,45
13.947,0.06584467700055079,2018,9,13,20,34,24,2018,9,14,0,6,13
4.678,0.04124614254224834,2018,9,13,20,50,2,2018,9,13,22,43,27
12.36,0.05546746447270007,2018,9,13,20,57,8,2018,9,14,0,39,58
0.577,0.06160142348754448,2018,9,13,21,32,33,2018,9,13,21,41,55
13.561,0.10052631578947369,2018,9,13,22,36,52,2018,9,14,0,51,46
13.222,0.05182726856993532,2018,9,13,23,48,8,2018,9,14,4,3,15
4.637,0.05492991115498518,2018,9,13,23,54,3,2018,9,14,1,18,28
13.199,0.05468443585140174,2018,9,13,23,58,20,2018,9,14,3,59,42
11.359,0.1051434742363468,2018,9,14,0,28,57,2018,9,14,2,16,59
13.93,0.0968931138418734,2018,9,14,0,46,33,2018,9,14,3,10,19
6.267,0.07809345794392523,2018,9,14,1,10,19,2018,9,14,2,30,34
11.667,0.07536821705426355,2018,9,14,1,42,32,2018,9,14,4,17,20
4.203,0.10390605686032138,2018,9,14,1,43,15,2018,9,14,2,23,42
3.864,0.10415094339622641,2018,9,14,1,47,15,2018,9,14,2,24,21
11.006,0.10201761161748803,2018,9,14,1,47,23,2018,9,14,3,35,16
3.31,0.09788072942336125,2018,9,14,1,48,14,2018,9,14,2,22,3
13.01,0.09094722125131072,2018,9,14,1,48,19,2018,9,14,4,11,22
12.937,0.10438676707907477,2018,9,14,1,49,48,2018,9,14,3,53,44
26.481,0.036295230263157896,2018,9,14,2,16,9,2018,9,14,14,25,45
5.214,0.05626618705035971,2018,9,14,2,16,41,2018,9,14,3,49,21
12.563,0.10372643456722169,2018,9,14,2,24,28,2018,9,14,4,25,35
12.136,0.09999450700357045,2018,9,14,2,34,21,2018,9,14,4,35,43
2.051,0.033187702265372175,2018,9,14,2,34,40,2018,9,14,3,36,28
9.252,0.05743016759776537,2018,9,14,2,36,16,2018,9,14,5,17,22
13.888,0.022395785739242616,2018,9,14,2,38,15,2018,9,14,12,58,22
2.133,0.048349074423876086,2018,9,14,2,50,30,2018,9,14,3,34,37
1.915,0.09559068219633943,2018,9,14,3,11,35,2018,9,14,3,31,37
7.591,0.10754663518299883,2018,9,14,3,34,8,2018,9,14,4,44,43
3.754,0.10451972157772622,2018,9,14,3,38,53,2018,9,14,4,14,48
1.838,0.1028731343283582,2018,9,14,3,55,43,2018,9,14,4,13,35
13.193,0.03667608766158551,2018,9,14,3,58,47,2018,9,14,9,58,30
44.703,0.05801566014881468,2018,9,14,4,28,56,2018,9,14,17,19,28
3.971,0.036893775162589036,2018,9,14,4,37,31,2018,9,14,6,25,9
2.622,0.1035,2018,9,14,4,45,6,2018,9,14,5,10,26
1.297,0.09776381909547738,2018,9,14,4,48,3,2018,9,14,5,1,19
13.205,0.04254188144329897,2018,9,14,4,50,13,2018,9,14,10,0,37
13.896,0.05417895899668594,2018,9,14,7,25,31,2018,9,14,11,42,0
4.555,0.05643196365888911,2018,9,14,11,40,45,2018,9,14,13,1,28
0.924,0.05703703703703704,2018,9,14,12,57,32,2018,9,14,13,13,44
8.445,0.06603675224814284,2018,9,14,13,16,0,2018,9,14,15,23,53
9.096,0.1099214501510574,2018,9,14,13,17,47,2018,9,14,14,40,32
9.348,0.044219489120151376,2018,9,14,13,27,49,2018,9,14,16,59,13
3.795,0.04856046065259117,2018,9,14,13,40,7,2018,9,14,14,58,16
10.979,0.04553397387156977,2018,9,14,13,51,21,2018,9,14,17,52,28
8.803,0.09359914938862308,2018,9,14,14,3,23,2018,9,14,15,37,26
5.822,0.09722237684386306,2018,9,14,14,9,14,2018,9,14,15,9,7
13.265,0.024841599300852085,2018,9,14,14,13,30,2018,9,14,23,7,29
12.072,0.09127016129032256,2018,9,14,14,15,12,2018,9,14,16,27,28
9.86,0.044274809160305344,2018,9,14,14,22,54,2018,9,14,18,5,36
2.93,0.10167727009832274,2018,9,14,14,32,8,2018,9,14,15,0,57
6.324,0.06334557595993322,2018,9,14,14,37,8,2018,9,14,16,16,58
9.073,0.053528023598820064,2018,9,14,14,43,22,2018,9,14,17,32,52
4.965,0.05115041208791209,2018,9,14,14,55,28,2018,9,14,16,32,32
13.193,0.029207438565419526,2018,9,14,15,4,10,2018,9,14,22,35,52
13.277,0.02963726329104505,2018,9,14,15,10,33,2018,9,14,22,38,32
2.438,0.0448987108655617,2018,9,14,15,15,9,2018,9,14,16,9,27
14.797,0.09471090249626628,2018,9,14,15,16,44,2018,9,14,17,52,58
2.745,0.03980183663605607,2018,9,14,15,19,16,2018,9,14,16,28,14
13.021,0.03806197018415668,2018,9,14,15,23,39,2018,9,14,21,5,45
3.347,0.05117737003058104,2018,9,14,15,25,42,2018,9,14,16,31,6
13.934,0.0328386818021132,2018,9,14,15,31,39,2018,9,14,22,35,58
10.956,0.034241066777789354,2018,9,14,15,36,24,2018,9,14,20,56,22
11.082,0.03778169214159896,2018,9,14,15,39,49,2018,9,14,20,33,8
4.828,0.030718981972428425,2018,9,14,15,40,4,2018,9,14,18,17,14
9.477,0.03195032870708547,2018,9,14,15,40,40,2018,9,14,20,37,17
0.928,0.027867867867867872,2018,9,14,15,40,42,2018,9,14,16,14,0
17.89,0.1027177033492823,2018,9,14,15,43,3,2018,9,14,18,37,13
3.439,0.028409748038000827,2018,9,14,15,49,20,2018,9,14,17,50,23
6.82,0.04128745837957825,2018,9,14,15,50,36,2018,9,14,18,35,47
1.836,0.03228604923798359,2018,9,14,15,51,1,2018,9,14,16,47,53
6.454,0.05564592613881304,2018,9,14,15,51,48,2018,9,14,17,47,47
6.371,0.03153960396039604,2018,9,14,15,52,48,2018,9,14,19,14,48
1.682,0.03627606038820992,2018,9,14,15,56,8,2018,9,14,16,42,30
1.588,0.039650436953807745,2018,9,14,15,57,25,2018,9,14,16,37,28
8.676,0.03329240214888718,2018,9,14,16,8,12,2018,9,14,20,28,48
11.946,0.0732883435582822,2018,9,14,16,9,4,2018,9,14,18,52,4
11.775,0.08451967938748654,2018,9,14,16,10,50,2018,9,14,18,30,9
3.156,0.0806473594548552,2018,9,14,16,24,18,2018,9,14,17,3,26
44.618,0.10883323847467274,2018,9,14,16,29,13,2018,9,14,23,19,11
13.944,0.025298297602128757,2018,9,14,16,31,39,2018,9,15,1,42,50
13.355,0.025229054500802872,2018,9,14,16,54,24,2018,9,15,1,43,45
10.507,0.102490651926516,2018,9,14,16,54,41,2018,9,14,18,37,12
7.129,0.035072154804854046,2018,9,14,17,1,48,2018,9,14,20,25,4
11.071,0.04911712511091393,2018,9,14,17,2,41,2018,9,14,20,48,5
4.644,0.049203602330920006,2018,9,14,17,9,15,2018,9,14,18,43,38
13.984,0.09634171546675852,2018,9,14,17,19,56,2018,9,14,19,45,5
13.905,0.04587594853183767,2018,9,14,17,26,35,2018,9,14,22,29,41
3.138,0.10839378238341969,2018,9,14,17,47,25,2018,9,14,18,16,22
4.095,0.04230371900826446,2018,9,14,17,56,12,2018,9,14,19,33,0
2.501,0.04086601307189542,2018,9,14,17,59,4,2018,9,14,19,0,16
7.74,0.04602120701615301,2018,9,14,18,5,10,2018,9,14,20,53,21
13.761,0.08226163196174155,2018,9,14,18,37,14,2018,9,14,21,24,31
12.795,0.1084475208362763,2018,9,14,18,41,10,2018,9,14,20,39,9
6.609,0.08913014160485502,2018,9,14,19,7,25,2018,9,14,20,21,34
5.79,0.05486418193303853,2018,9,14,20,35,31,2018,9,14,22,21,3
2.774,0.10641943734015345,2018,9,14,21,9,36,2018,9,14,21,35,40
5.992,0.016579202213511644,2018,9,14,21,19,22,2018,9,15,3,20,47
3.662,0.10120681713496085,2018,9,14,21,57,49,2018,9,14,22,34,0
1.983,0.044001479289940824,2018,9,14,22,19,2,2018,9,14,23,4,6
13.2,0.03781693167168027,2018,9,14,22,23,42,2018,9,15,4,12,45
4.882,0.09689712206417465,2018,9,14,22,31,11,2018,9,14,23,21,34
1.779,0.045228813559322026,2018,9,14,22,39,8,2018,9,14,23,18,28
12.163,0.10582656612529003,2018,9,14,22,51,54,2018,9,15,0,46,50
16.733,0.09443002257336344,2018,9,14,23,18,41,2018,9,15,2,15,53
10.828,0.10742063492063492,2018,9,14,23,41,10,2018,9,15,1,21,58
6.225,0.09711388455538222,2018,9,15,0,4,6,2018,9,15,1,8,12
13.2,0.013952259314718576,2018,9,15,0,6,50,2018,9,15,15,52,55
13.199,0.04367396459493741,2018,9,15,0,8,57,2018,9,15,5,11,10
2.373,0.09239454899415965,2018,9,15,0,17,7,2018,9,15,0,42,48
3.275,0.10479999999999999,2018,9,15,0,29,38,2018,9,15,1,0,53
13.865,0.057871304347826086,2018,9,15,0,37,17,2018,9,15,4,36,52
8.991,0.1067814726840855,2018,9,15,0,51,29,2018,9,15,2,15,41
5.216,0.052003988035892325,2018,9,15,0,52,59,2018,9,15,2,33,17
1.069,0.09762557077625571,2018,9,15,1,14,51,2018,9,15,1,25,48
13.177,0.10164823862175366,2018,9,15,1,17,49,2018,9,15,3,27,27
13.27,0.05629640104645407,2018,9,15,1,26,21,2018,9,15,5,22,4
12.385,0.10014824797843665,2018,9,15,1,30,19,2018,9,15,3,33,59
5.923,0.051126456624946054,2018,9,15,1,49,5,2018,9,15,3,44,56
6.29,0.10291791655304064,2018,9,15,2,8,33,2018,9,15,3,9,40
10.649,0.09947687996263428,2018,9,15,2,49,58,2018,9,15,4,37,1
2.516,0.051876288659793816,2018,9,15,2,59,53,2018,9,15,3,48,23
5.65,0.10889816896884036,2018,9,15,3,17,55,2018,9,15,4,9,48
2.513,0.03338056232012398,2018,9,15,3,37,39,2018,9,15,4,52,56
4.514,0.05390923566878981,2018,9,15,3,38,9,2018,9,15,5,1,53
3.58,0.04508816120906801,2018,9,15,3,49,6,2018,9,15,5,8,30
3.698,0.05204785362420831,2018,9,15,4,7,22,2018,9,15,5,18,25
6.577,0.10186370676303563,2018,9,15,4,15,15,2018,9,15,5,19,49
1.968,0.04678288431061806,2018,9,15,5,10,16,2018,9,15,5,52,20
1.851,0.10447789275634996,2018,9,15,5,20,4,2018,9,15,5,37,47
13.904,0.10150139919698262,2018,9,15,5,22,5,2018,9,15,7,39,4
4.556,0.057841726618705035,2018,9,15,5,44,54,2018,9,15,7,3,40
1.14,0.09293478260869564,2018,9,15,6,6,7,2018,9,15,6,18,23
37.964,0.11126611957796013,2018,9,15,8,56,37,2018,9,15,14,37,49
6.203,0.05151993355481727,2018,9,15,9,31,22,2018,9,15,11,31,46
0.98,0.11031894934333959,2018,9,15,12,59,40,2018,9,15,13,8,33
3.769,0.11015099853872382,2018,9,15,13,13,27,2018,9,15,13,47,40
13.544,0.10809257781324821,2018,9,15,14,40,36,2018,9,15,16,45,54
6.703,0.09656182472989196,2018,9,15,14,52,59,2018,9,15,16,2,24
13.916,0.06881727519986813,2018,9,15,15,32,2,2018,9,15,18,54,15
1.714,0.0403452334248725,2018,9,15,15,40,32,2018,9,15,16,23,1
7.999,0.09973815461346633,2018,9,15,15,51,22,2018,9,15,17,11,34
4.307,0.049830312379483224,2018,9,15,15,51,42,2018,9,15,17,18,8
5.829,0.10695412844036697,2018,9,15,16,6,3,2018,9,15,17,0,33
9.779,0.11324840764331211,2018,9,15,16,29,43,2018,9,15,17,56,4
12.821,0.10755872483221476,2018,9,15,16,33,16,2018,9,15,18,32,28
11.745,0.10380026513477683,2018,9,15,16,48,56,2018,9,15,18,42,5
13.889,0.10167642752562225,2018,9,15,16,53,41,2018,9,15,19,10,17
13.537,0.10964092872570196,2018,9,15,16,56,4,2018,9,15,18,59,32
1.885,0.10802292263610316,2018,9,15,17,50,43,2018,9,15,18,8,10
10.805,0.1006364483079789,2018,9,15,18,0,29,2018,9,15,19,47,51
6.989,0.05036512130674994,2018,9,15,18,40,45,2018,9,15,20,59,31
0.667,0.10394805194805194,2018,9,15,18,48,52,2018,9,15,18,55,17
3.844,0.048864406779661015,2018,9,15,18,56,18,2018,9,15,20,14,58
7.419,0.10988397926437916,2018,9,15,19,3,29,2018,9,15,20,11,0
11.692,0.05496513358928152,2018,9,15,19,14,33,2018,9,15,22,47,16
33.9,0.11123263699004703,2018,9,15,19,24,59,2018,9,16,0,29,45
2.065,0.10727272727272727,2018,9,15,19,40,51,2018,9,15,20,0,6
10.116,0.05675175315568022,2018,9,15,19,47,0,2018,9,15,22,45,15
11.2,0.1084395675326771,2018,9,15,19,49,48,2018,9,15,21,33,5
6.971,0.08277458935285968,2018,9,15,20,0,5,2018,9,15,21,24,18
11.58,0.057526080476900145,2018,9,15,20,14,20,2018,9,15,23,35,38
13.899,0.05841143097289347,2018,9,15,20,20,16,2018,9,16,0,18,13
6.987,0.057075561606535055,2018,9,15,20,38,27,2018,9,15,22,40,52
13.943,0.1059364315562872,2018,9,15,20,48,34,2018,9,15,23,0,11
0.797,0.02577897574123989,2018,9,15,20,57,26,2018,9,15,21,28,21
7.643,0.10419904567143831,2018,9,15,21,27,3,2018,9,15,22,40,24
6.065,0.05079564489112228,2018,9,15,21,29,58,2018,9,15,23,29,22
10.907,0.09402586206896552,2018,9,15,21,33,2,2018,9,15,23,29,2
2.318,0.04944187699964451,2018,9,15,22,7,26,2018,9,15,22,54,19
3.2,0.05064626747560011,2018,9,15,22,43,48,2018,9,15,23,46,59
2.351,0.03315158636897767,2018,9,15,23,30,44,2018,9,16,0,41,39
5.712,0.09831325301204819,2018,9,15,23,32,39,2018,9,16,0,30,45
2.48,0.056880733944954125,2018,9,15,23,45,0,2018,9,16,0,28,36
13.529,0.0772423636882672,2018,9,16,0,29,17,2018,9,16,3,24,26
6.315,0.057891520244461425,2018,9,16,1,24,50,2018,9,16,3,13,55
6.563,0.054615811373092925,2018,9,16,2,8,34,2018,9,16,4,8,44
13.899,0.09281469115191986,2018,9,16,2,24,33,2018,9,16,4,54,18
4.666,0.09528931245745405,2018,9,16,3,1,42,2018,9,16,3,50,40
10.038,0.09976478383302965,2018,9,16,3,37,53,2018,9,16,5,18,30
9.675,0.11135622482255898,2018,9,16,3,38,43,2018,9,16,5,5,36
3.505,0.08740648379052368,2018,9,16,4,8,10,2018,9,16,4,48,16
16.3,0.05017957927142125,2018,9,16,4,25,31,2018,9,16,9,50,21
13.198,0.10488476821192054,2018,9,16,4,48,59,2018,9,16,6,54,49
6.104,0.05169960474308301,2018,9,16,4,58,25,2018,9,16,6,56,29
56.855,0.11324193334218563,2018,9,16,7,34,10,2018,9,16,15,56,14
2.352,0.0335042735042735,2018,9,16,14,31,14,2018,9,16,15,41,26
1.249,0.014605340089651142,2018,9,16,15,8,34,2018,9,16,16,34,5
3.054,0.05273093525179856,2018,9,16,15,32,12,2018,9,16,16,30,7
2.33,0.10887850467289721,2018,9,16,15,33,52,2018,9,16,15,55,16
13.909,0.07486006458557588,2018,9,16,15,56,21,2018,9,16,19,2,9
19.319,0.10350388427538172,2018,9,16,16,7,48,2018,9,16,19,14,27
5.187,0.1098165137614679,2018,9,16,16,29,44,2018,9,16,17,16,58
4.129,0.04927207637231503,2018,9,16,16,39,9,2018,9,16,18,2,57
1.544,0.048275143303804065,2018,9,16,16,39,24,2018,9,16,17,11,23
14.015,0.09504916920990167,2018,9,16,16,50,13,2018,9,16,19,17,40
13.88,0.09477637418914306,2018,9,16,16,52,26,2018,9,16,19,18,53
34.869,0.10434613466334164,2018,9,16,16,58,30,2018,9,16,22,32,40
13.893,0.0801904761904762,2018,9,16,17,32,52,2018,9,16,20,26,7
13.877,0.013231942789034565,2018,9,16,17,40,16,2018,9,17,11,9,1
13.947,0.09644116630171717,2018,9,16,17,50,53,2018,9,16,20,15,30
11.034,0.06818125643666323,2018,9,16,17,57,52,2018,9,16,20,39,42
13.186,0.023042376583660987,2018,9,16,17,59,13,2018,9,17,3,31,28
13.871,0.09925581395348837,2018,9,16,18,19,14,2018,9,16,20,38,59
3.672,0.0329278134807951,2018,9,16,18,24,45,2018,9,16,20,16,16
2.274,0.08150537634408603,2018,9,16,19,1,14,2018,9,16,19,29,8
13.865,0.053433104245616286,2018,9,16,19,5,33,2018,9,16,23,25,2
4.325,0.05479307432432432,2018,9,16,19,10,50,2018,9,16,20,29,46
0.614,0.09568831168831168,2018,9,16,19,19,36,2018,9,16,19,26,1
13.223,0.06765413149143004,2018,9,16,19,25,16,2018,9,16,22,40,43
5.31,0.10825688073394495,2018,9,16,19,55,26,2018,9,16,20,44,29
9.135,0.05539161192521476,2018,9,16,20,1,28,2018,9,16,22,46,23
38.58,0.09636166847056864,2018,9,16,20,49,59,2018,9,17,3,30,21
10.968,0.056584694754944105,2018,9,16,21,7,57,2018,9,17,0,21,47
13.882,0.09923984272608126,2018,9,16,21,22,50,2018,9,16,23,42,43
4.55,0.09475876431794515,2018,9,16,21,30,19,2018,9,16,22,18,20
2.465,0.032391590013140605,2018,9,16,21,38,19,2018,9,16,22,54,25
7.477,0.0565297379032258,2018,9,16,22,27,17,2018,9,17,0,39,33
2.553,0.056109890109890107,2018,9,16,22,34,19,2018,9,16,23,19,49
11.613,0.09085669578823836,2018,9,16,23,9,6,2018,9,17,1,16,55
8.904,0.10185700667302192,2018,9,16,23,9,39,2018,9,17,0,37,4
13.88,0.09690481731440541,2018,9,16,23,15,41,2018,9,17,1,38,55
3.501,0.10906542056074765,2018,9,16,23,26,13,2018,9,16,23,58,19
11.476,0.10494741655235484,2018,9,16,23,35,17,2018,9,17,1,24,38
5.943,0.10503092783505154,2018,9,16,23,49,31,2018,9,17,0,46,6
8.069,0.062332947083816155,2018,9,17,0,0,47,2018,9,17,2,10,14
17.684,0.10542925278219398,2018,9,17,0,10,57,2018,9,17,2,58,41
6.948,0.055972073039742214,2018,9,17,0,43,13,2018,9,17,2,47,21
0.776,0.1003448275862069,2018,9,17,1,22,51,2018,9,17,1,30,35
9.542,0.012650977792509115,2018,9,17,1,24,11,2018,9,17,13,58,26
3.081,0.05807728557964185,2018,9,17,1,45,22,2018,9,17,2,38,25
1.005,0.048433734939759034,2018,9,17,1,51,47,2018,9,17,2,12,32
30.256,0.11092942254812099,2018,9,17,1,58,58,2018,9,17,6,31,43
13.186,0.05220455295282085,2018,9,17,2,13,30,2018,9,17,6,26,5
13.879,0.10782597436229444,2018,9,17,2,22,50,2018,9,17,4,31,33
11.72,0.10598342125094198,2018,9,17,2,36,32,2018,9,17,4,27,7
17.659,0.11170690564048497,2018,9,17,3,19,59,2018,9,17,5,58,4
13.495,0.10457187136768693,2018,9,17,3,22,53,2018,9,17,5,31,56
36.652,0.10537735397000336,2018,9,17,4,48,46,2018,9,17,10,36,35
12.512,0.055600651755295515,2018,9,17,4,58,59,2018,9,17,8,44,1
12.068,0.02965110565110565,2018,9,17,6,32,46,2018,9,17,13,19,46
0.616,0.1056,2018,9,17,7,6,42,2018,9,17,7,12,32
6.131,0.05203847786108361,2018,9,17,8,28,55,2018,9,17,10,26,44
11.903,0.04996711677044707,2018,9,17,11,47,52,2018,9,17,15,46,5
10.762,0.042442487182857896,2018,9,17,13,3,38,2018,9,17,17,17,12
3.872,0.056746458231558376,2018,9,17,13,31,38,2018,9,17,14,39,52
14.72,0.05945072697899839,2018,9,17,13,49,28,2018,9,17,17,57,4
9.649,0.040810658395601294,2018,9,17,14,6,49,2018,9,17,18,3,15
12.628,0.04512686122692079,2018,9,17,14,9,43,2018,9,17,18,49,33
9.442,0.06690127538970242,2018,9,17,14,14,33,2018,9,17,16,35,41
14.047,0.033613304618329745,2018,9,17,14,25,29,2018,9,17,21,23,23
0.895,0.026004842615012107,2018,9,17,14,27,18,2018,9,17,15,1,43
12.329,0.09307247106190236,2018,9,17,14,28,17,2018,9,17,16,40,45
35.938,0.06204586654389549,2018,9,17,14,33,10,2018,9,18,0,12,23
12.524,0.046015921616656456,2018,9,17,14,35,36,2018,9,17,19,7,46
22.228,0.09221961001244641,2018,9,17,14,41,52,2018,9,17,18,42,54
3.209,0.03755412521942657,2018,9,17,14,44,58,2018,9,17,16,10,25
9.653,0.03835375140719158,2018,9,17,14,48,47,2018,9,17,19,0,28
9.295,0.014239391308788235,2018,9,17,14,58,41,2018,9,18,1,51,27
13.22,0.03136541579342797,2018,9,17,14,58,54,2018,9,17,22,0,23
8.083,0.03409349736379613,2018,9,17,15,0,45,2018,9,17,18,57,50
5.84,0.05230631437527989,2018,9,17,15,2,25,2018,9,17,16,54,4
13.386,0.040382120770275025,2018,9,17,15,5,19,2018,9,17,20,36,48
5.645,0.049918938835666914,2018,9,17,15,7,31,2018,9,17,17,0,36
4.537,0.03373234200743495,2018,9,17,15,8,38,2018,9,17,17,23,8
13.211,0.03011855004179649,2018,9,17,15,9,11,2018,9,17,22,27,49
13.267,0.10490511333684766,2018,9,17,15,11,58,2018,9,17,17,18,26
6.838,0.03007476909544055,2018,9,17,15,15,10,2018,9,17,19,2,32
13.574,0.03719923266648397,2018,9,17,15,16,36,2018,9,17,21,21,30
13.938,0.029978491540005738,2018,9,17,15,19,36,2018,9,17,23,4,32
0.891,0.02793103448275862,2018,9,17,15,27,27,2018,9,17,15,59,21
6.607,0.03175170204245094,2018,9,17,15,30,58,2018,9,17,18,59,3
11.767,0.0239288256227758,2018,9,17,15,31,14,2018,9,17,23,42,59
5.613,0.06094462540716613,2018,9,17,15,36,55,2018,9,17,17,9,1
13.941,0.04029384845127414,2018,9,17,15,37,14,2018,9,17,21,23,13
12.391,0.09616608459448972,2018,9,17,15,37,35,2018,9,17,17,46,26
6.419,0.03155333442569228,2018,9,17,15,39,7,2018,9,17,19,2,33
2.725,0.05313617159571011,2018,9,17,15,41,51,2018,9,17,16,33,8
5.034,0.04159184797576425,2018,9,17,15,43,41,2018,9,17,17,44,43
12.37,0.10887487164441836,2018,9,17,15,44,2,2018,9,17,17,37,39
13.939,0.04087683284457478,2018,9,17,15,47,5,2018,9,17,21,28,5
4.21,0.042085971342885706,2018,9,17,15,50,31,2018,9,17,17,30,33
1.715,0.049187380497131936,2018,9,17,15,58,44,2018,9,17,16,33,36
1.691,0.03206700379266751,2018,9,17,16,15,18,2018,9,17,17,8,2
8.578,0.0477927384158232,2018,9,17,16,19,20,2018,9,17,19,18,49
11.181,0.04583942603348138,2018,9,17,16,24,17,2018,9,17,20,28,12
5.742,0.056340147179067865,2018,9,17,16,25,10,2018,9,17,18,7,5
4.439,0.04341320293398533,2018,9,17,16,32,1,2018,9,17,18,14,16
10.111,0.047514097744360904,2018,9,17,16,32,11,2018,9,17,20,4,59
10.041,0.05374308652988403,2018,9,17,16,32,22,2018,9,17,19,39,12
4.739,0.04735054121565362,2018,9,17,17,44,29,2018,9,17,19,24,34
9.54,0.08363530099357101,2018,9,17,18,15,50,2018,9,17,20,9,54
6.394,0.03510614934114202,2018,9,17,18,49,0,2018,9,17,21,51,8
13.881,0.09282880071333037,2018,9,17,18,59,45,2018,9,17,21,29,17
13.205,0.04413189996100931,2018,9,17,19,1,59,2018,9,18,0,1,12
13.93,0.09797210174657132,2018,9,17,19,7,7,2018,9,17,21,29,18
13.192,0.0405616480475556,2018,9,17,19,8,40,2018,9,18,0,33,54
2.521,0.05828901734104046,2018,9,17,19,20,3,2018,9,17,20,3,18
5.314,0.03967645594823295,2018,9,17,20,11,24,2018,9,17,22,25,20
2.009,0.023096378616593215,2018,9,17,20,12,42,2018,9,17,21,39,41
5.654,0.09695341526150328,2018,9,17,20,14,42,2018,9,17,21,13,1
13.93,0.0984684260131951,2018,9,17,20,31,22,2018,9,17,22,52,50
13.29,0.054193285306510804,2018,9,17,20,36,15,2018,9,18,0,41,29
2.224,0.03366296670030273,2018,9,17,20,54,34,2018,9,17,22,0,38
11.394,0.07376348726801898,2018,9,17,21,21,52,2018,9,17,23,56,20
13.196,0.07753231492361927,2018,9,17,21,24,0,2018,9,18,0,14,12
9.147,0.11107468123861568,2018,9,17,21,38,58,2018,9,17,23,1,19
20.731,0.09316605497715527,2018,9,17,22,19,40,2018,9,18,2,2,11
13.217,0.04537766079194324,2018,9,17,22,50,17,2018,9,18,3,41,33
3.86,0.04839114082741329,2018,9,17,23,19,14,2018,9,18,0,39,0
13.224,0.019203717598083113,2018,9,17,23,55,59,2018,9,18,11,24,36
13.345,0.10543850408217015,2018,9,17,23,58,31,2018,9,18,2,5,5
13.881,0.10817768541369009,2018,9,18,0,15,48,2018,9,18,2,24,7
10.021,0.1069286857549351,2018,9,18,0,36,14,2018,9,18,2,9,57
0.866,0.05406867845993757,2018,9,18,0,39,54,2018,9,18,0,55,55
6.468,0.08542372881355932,2018,9,18,0,40,34,2018,9,18,1,56,17
13.259,0.09944249999999999,2018,9,18,1,1,13,2018,9,18,3,14,33
13.211,0.05811290322580645,2018,9,18,1,8,16,2018,9,18,4,55,36
13.876,0.1038752339363693,2018,9,18,1,13,56,2018,9,18,3,27,31
2.486,0.03244019138755981,2018,9,18,1,14,30,2018,9,18,2,31,8
11.32,0.10600905259872015,2018,9,18,1,44,43,2018,9,18,3,31,30
13.923,0.020556116046162552,2018,9,18,1,44,48,2018,9,18,13,2,7
6.308,0.08057909303810944,2018,9,18,1,49,26,2018,9,18,3,7,43
2.598,0.10870292887029288,2018,9,18,1,58,48,2018,9,18,2,22,42
24.437,0.10781822192808295,2018,9,18,2,2,58,2018,9,18,5,49,37
5.956,0.05009953736155895,2018,9,18,2,4,5,2018,9,18,4,2,58
5.193,0.04760580595874713,2018,9,18,2,18,16,2018,9,18,4,7,21
12.455,0.1070783779911162,2018,9,18,2,28,49,2018,9,18,4,25,8
6.373,0.04966619041433953,2018,9,18,2,57,26,2018,9,18,5,5,45
11.235,0.10243124145266676,2018,9,18,3,25,6,2018,9,18,5,14,47
4.397,0.05848370649523387,2018,9,18,6,3,26,2018,9,18,7,18,37
4.283,0.057917511832319135,2018,9,18,9,5,46,2018,9,18,10,19,43
12.06,0.04958881578947369,2018,9,18,11,49,58,2018,9,18,15,53,10
3.67,0.05052776502983019,2018,9,18,13,12,39,2018,9,18,14,25,17
10.754,0.053743128435782106,2018,9,18,13,20,36,2018,9,18,16,40,42
13.277,0.037247860850049094,2018,9,18,14,8,13,2018,9,18,20,4,40
13.36,0.025104130781998687,2018,9,18,14,14,53,2018,9,18,23,7,4
13.6,0.06541082164328657,2018,9,18,14,21,4,2018,9,18,17,48,59
3.565,0.048947368421052635,2018,9,18,14,26,51,2018,9,18,15,39,41
4.066,0.03736559963240925,2018,9,18,14,33,8,2018,9,18,16,21,57
4.448,0.007631902542251708,2018,9,18,14,34,8,2018,9,19,0,16,57
1.957,0.10693989071038251,2018,9,18,14,43,12,2018,9,18,15,1,30
10.543,0.09526807228915661,2018,9,18,14,43,56,2018,9,18,16,34,36
6.494,0.052904276985743376,2018,9,18,14,51,5,2018,9,18,16,53,50
13.322,0.02397264793209969,2018,9,18,14,52,49,2018,9,19,0,8,32
20.748,0.1072063382707544,2018,9,18,15,9,3,2018,9,18,18,22,35
13.378,0.024647035342524642,2018,9,18,15,9,32,2018,9,19,0,12,19
11.64,0.03361085711535685,2018,9,18,15,10,43,2018,9,18,20,57,2
6.011,0.0414551724137931,2018,9,18,15,14,44,2018,9,18,17,39,44
4.244,0.04075544174135723,2018,9,18,15,16,50,2018,9,18,17,0,58
13.898,0.026085650827415773,2018,9,18,15,17,23,2018,9,19,0,10,10
13.246,0.021743864736942904,2018,9,18,15,33,22,2018,9,19,1,42,33
4.363,0.04422706538266599,2018,9,18,15,35,20,2018,9,18,17,13,59
2.683,0.046974029763641664,2018,9,18,15,37,12,2018,9,18,16,34,19
6.524,0.030440936309199782,2018,9,18,15,39,28,2018,9,18,19,13,47
3.813,0.04476227744081393,2018,9,18,15,39,38,2018,9,18,17,4,49
13.984,0.03219646968534152,2018,9,18,15,40,7,2018,9,18,22,54,27
4.336,0.052653309046751674,2018,9,18,15,42,46,2018,9,18,17,5,7
6.814,0.10586224754013465,2018,9,18,15,50,23,2018,9,18,16,54,45
2.639,0.03583163611676849,2018,9,18,15,53,26,2018,9,18,17,7,5
5.778,0.02906194987006455,2018,9,18,15,58,21,2018,9,18,19,17,10
13.262,0.04888015234351004,2018,9,18,16,0,24,2018,9,18,20,31,43
5.543,0.04544684339983602,2018,9,18,16,1,37,2018,9,18,18,3,35
1.461,0.039665158371040725,2018,9,18,16,3,5,2018,9,18,16,39,55
5.379,0.03614514503303841,2018,9,18,16,5,17,2018,9,18,18,34,6
1.788,0.03065142857142857,2018,9,18,16,5,35,2018,9,18,17,3,55
13.203,0.029284684484861923,2018,9,18,16,8,0,2018,9,18,23,38,51
13.915,0.05390973074191257,2018,9,18,16,13,24,2018,9,18,20,31,31
9.231,0.050962458594037544,2018,9,18,16,15,30,2018,9,18,19,16,38
14.007,0.03528507851204971,2018,9,18,16,17,28,2018,9,18,22,54,26
4.192,0.039019547005895126,2018,9,18,16,18,47,2018,9,18,18,6,13
1.617,0.03201980198019802,2018,9,18,16,22,23,2018,9,18,17,12,53
2.664,0.04195275590551181,2018,9,18,16,24,35,2018,9,18,17,28,5
14.046,0.03022812051649928,2018,9,18,16,25,19,2018,9,19,0,9,59
13.985,0.04440857369674517,2018,9,18,16,32,58,2018,9,18,21,47,53
8.932,0.019895311281879942,2018,9,18,16,34,3,2018,9,19,0,3,0
13.932,0.10136049472535469,2018,9,18,16,47,20,2018,9,18,19,4,47
14.38,0.03048440094689609,2018,9,18,16,50,50,2018,9,19,0,42,33
3.39,0.04219917012448133,2018,9,18,16,53,42,2018,9,18,18,14,2
6.942,0.054234375,2018,9,18,17,3,38,2018,9,18,19,11,38
10.26,0.054526129317980516,2018,9,18,17,6,23,2018,9,18,20,14,33
8.188,0.04287285103412166,2018,9,18,17,10,10,2018,9,18,20,21,9
14.012,0.03543902541837036,2018,9,18,17,35,26,2018,9,19,0,10,49
5.26,0.05554382259767687,2018,9,18,17,48,7,2018,9,18,19,22,49
7.008,0.05372859698441094,2018,9,18,18,28,7,2018,9,18,20,38,33
0.57,0.07702702702702702,2018,9,18,19,39,34,2018,9,18,19,46,58
4.812,0.05525741626794259,2018,9,18,19,40,34,2018,9,18,21,7,39
4.548,0.04760642009769714,2018,9,18,20,17,15,2018,9,18,21,52,47
2.818,0.10866323907455012,2018,9,18,20,27,42,2018,9,18,20,53,38
14.041,0.06340006020469596,2018,9,18,20,30,56,2018,9,19,0,12,24
7.491,0.093579013116802,2018,9,18,21,49,24,2018,9,18,23,9,27
13.232,0.09121323529411765,2018,9,18,22,32,6,2018,9,19,0,57,10
5.414,0.10384910485933503,2018,9,18,22,37,29,2018,9,18,23,29,37
13.751,0.10843211985806282,2018,9,18,22,43,55,2018,9,19,0,50,44
13.896,0.08330102907383356,2018,9,18,22,59,29,2018,9,19,1,46,18
11.909,0.10962565204050322,2018,9,18,23,12,30,2018,9,19,1,1,8
3.867,0.09716080402010051,2018,9,18,23,18,50,2018,9,18,23,58,38
3.983,0.04756767515923567,2018,9,18,23,42,23,2018,9,19,1,6,7
13.866,0.05436581062536757,2018,9,18,23,51,23,2018,9,19,4,6,26
9.792,0.10605054151624549,2018,9,19,0,16,36,2018,9,19,1,48,56
8.134,0.10309252217997465,2018,9,19,0,22,25,2018,9,19,1,41,19
6.051,0.10101836393989984,2018,9,19,0,41,45,2018,9,19,1,41,39
1.146,0.09979680696661829,2018,9,19,0,47,42,2018,9,19,0,59,11
26.752,0.09557130098243524,2018,9,19,0,58,16,2018,9,19,5,38,11
13.876,0.1060180822615561,2018,9,19,1,20,57,2018,9,19,3,31,50
11.311,0.11098282910874897,2018,9,19,1,46,24,2018,9,19,3,28,19
1.964,0.03272424326575951,2018,9,19,1,47,46,2018,9,19,2,47,47
4.978,0.09767168083714846,2018,9,19,1,49,52,2018,9,19,2,40,50
2.605,0.05756906077348066,2018,9,19,2,20,35,2018,9,19,3,5,50
13.724,0.09638768582465176,2018,9,19,2,46,9,2018,9,19,5,8,32
13.023,0.10387928742355756,2018,9,19,2,47,23,2018,9,19,4,52,45
13.8,0.10522302706824248,2018,9,19,2,51,31,2018,9,19,5,2,40
2.898,0.05786356073211314,2018,9,19,2,54,11,2018,9,19,3,44,16
17.281,0.10521156773211567,2018,9,19,3,2,59,2018,9,19,5,47,14
13.867,0.08211804184761153,2018,9,19,3,9,0,2018,9,19,5,57,52
4.205,0.09745075318655852,2018,9,19,3,40,56,2018,9,19,4,24,5
4.822,0.09790862944162437,2018,9,19,3,51,25,2018,9,19,4,40,40
13.192,0.05753998255306775,2018,9,19,4,1,49,2018,9,19,7,51,5
2.188,0.05182787208843269,2018,9,19,4,5,30,2018,9,19,4,47,43
13.007,0.05627893560250955,2018,9,19,5,36,42,2018,9,19,9,27,49
3.871,0.11166346153846154,2018,9,19,5,37,17,2018,9,19,6,11,57
13.186,0.09890736342042755,2018,9,19,6,37,54,2018,9,19,8,51,13
12.052,0.045268561412294975,2018,9,19,11,43,20,2018,9,19,16,9,34
4.135,0.05077773229635693,2018,9,19,13,0,35,2018,9,19,14,22,1
11.685,0.042050020992023034,2018,9,19,13,48,18,2018,9,19,18,26,11
7.263,0.06536373181340933,2018,9,19,13,50,15,2018,9,19,15,41,22
11.597,0.04604725034742902,2018,9,19,14,4,24,2018,9,19,18,16,15
12.195,0.037786614335881014,2018,9,19,14,7,3,2018,9,19,19,29,47
13.246,0.02313442393898818,2018,9,19,14,13,8,2018,9,19,23,45,42
11.591,0.09312533476164969,2018,9,19,14,30,48,2018,9,19,16,35,16
4.623,0.008026273908388552,2018,9,19,14,35,15,2018,9,20,0,11,14
11.93,0.04078864892586472,2018,9,19,14,36,55,2018,9,19,19,29,24
13.999,0.06189227028221944,2018,9,19,14,42,53,2018,9,19,18,29,4
13.232,0.02464442030110197,2018,9,19,14,48,54,2018,9,19,23,45,49
11.204,0.03753224275584836,2018,9,19,14,53,44,2018,9,19,19,52,15
13.912,0.03340483432047383,2018,9,19,14,58,56,2018,9,19,21,55,24
39.941,0.10961760131735432,2018,9,19,15,1,38,2018,9,19,21,6,0
10.59,0.09243526331102705,2018,9,19,15,5,23,2018,9,19,16,59,57
13.481,0.0402057858634059,2018,9,19,15,7,50,2018,9,19,20,43,8
2.429,0.04552952202436738,2018,9,19,15,17,25,2018,9,19,16,10,46
2.042,0.007861405197305101,2018,9,19,15,24,16,2018,9,19,19,44,1
1.268,0.048304761904761906,2018,9,19,15,26,9,2018,9,19,15,52,24
13.107,0.09427235674898106,2018,9,19,15,27,45,2018,9,19,17,46,47
6.172,0.03729305135951661,2018,9,19,15,29,36,2018,9,19,18,15,6
7.483,0.030756267981915327,2018,9,19,15,34,1,2018,9,19,19,37,19
5.374,0.04833458252136111,2018,9,19,15,37,52,2018,9,19,17,29,3
4.171,0.037987249544626595,2018,9,19,15,38,21,2018,9,19,17,28,9
2.236,0.04193810565801813,2018,9,19,15,39,4,2018,9,19,16,32,23
4.111,0.04602724388878522,2018,9,19,15,40,25,2018,9,19,17,9,44
12.452,0.03129691689008043,2018,9,19,15,41,9,2018,9,19,22,19,1
6.377,0.1017877094972067,2018,9,19,15,41,17,2018,9,19,16,43,56
13.208,0.03841768470040721,2018,9,19,15,44,27,2018,9,19,21,28,15
13.89,0.04154950643134909,2018,9,19,15,46,46,2018,9,19,21,21,4
5.558,0.05203307848338274,2018,9,19,15,49,18,2018,9,19,17,36,7
5.05,0.05102728191310205,2018,9,19,15,49,23,2018,9,19,17,28,21
7.463,0.012868720542591104,2018,9,19,15,50,57,2018,9,20,1,30,53
5.233,0.03127602350831756,2018,9,19,15,57,16,2018,9,19,18,44,35
7.515,0.03943156974202011,2018,9,19,16,6,36,2018,9,19,19,17,11
5.83,0.07504827290281055,2018,9,19,16,6,36,2018,9,19,17,24,17
3.931,0.04910680824484697,2018,9,19,16,6,36,2018,9,19,17,26,39
3.182,0.030586350528676705,2018,9,19,16,15,59,2018,9,19,18,0,1
7.821,0.0369496062992126,2018,9,19,16,16,54,2018,9,19,19,48,34
10.287,0.10968899946685624,2018,9,19,16,17,54,2018,9,19,17,51,41
7.409,0.06457582800697269,2018,9,19,16,50,4,2018,9,19,18,44,48
12.033,0.061174377224199286,2018,9,19,16,50,37,2018,9,19,20,7,19
13.399,0.057791675652361436,2018,9,19,16,52,11,2018,9,19,20,44,2
4.007,0.05542185338865836,2018,9,19,17,16,35,2018,9,19,18,28,53
13.919,0.05831983240223464,2018,9,19,17,26,22,2018,9,19,21,25,2
13.236,0.05145189504373178,2018,9,19,17,31,6,2018,9,19,21,48,21
3.659,0.05804865150713908,2018,9,19,18,23,12,2018,9,19,19,26,14
13.924,0.10654763423032776,2018,9,19,18,28,53,2018,9,19,20,39,34
13.93,0.04744819755889867,2018,9,19,18,38,48,2018,9,19,23,32,23
5.248,0.04036405589027048,2018,9,19,19,34,9,2018,9,19,21,44,10
3.233,0.04557800751879699,2018,9,19,19,56,19,2018,9,19,21,7,15
2.798,0.011924142339654805,2018,9,19,19,59,42,2018,9,19,23,54,21
5.461,0.03375154511742892,2018,9,19,20,2,36,2018,9,19,22,44,24
1.618,0.10762749445676276,2018,9,19,20,19,55,2018,9,19,20,34,57
2.583,0.03197441716525686,2018,9,19,21,14,59,2018,9,19,22,35,46
13.215,0.10178433889602054,2018,9,19,21,24,7,2018,9,19,23,33,57
10.899,0.05271584038694074,2018,9,19,21,39,27,2018,9,20,1,6,12
3.934,0.11060918462980318,2018,9,19,21,48,57,2018,9,19,22,24,31
4.123,0.0525111441307578,2018,9,19,21,54,24,2018,9,19,23,12,55
13.936,0.11126546906187625,2018,9,19,22,23,54,2018,9,20,0,29,9
5.823,0.09691539528432733,2018,9,19,22,51,39,2018,9,19,23,51,44
12.383,0.04402061855670102,2018,9,19,23,36,59,2018,9,20,4,18,17
13.265,0.09632094880793901,2018,9,20,0,2,14,2018,9,20,2,19,57
5.734,0.10559852670349909,2018,9,20,0,6,5,2018,9,20,1,0,23
13.207,0.058048494615779066,2018,9,20,0,17,54,2018,9,20,4,5,25
4.096,0.054661921708185054,2018,9,20,0,18,33,2018,9,20,1,33,29
13.883,0.10403147246159611,2018,9,20,0,32,16,2018,9,20,2,45,43
5.639,0.06656305331497148,2018,9,20,0,38,36,2018,9,20,2,3,19
13.196,0.04053240503737074,2018,9,20,0,41,3,2018,9,20,6,6,37
2.756,0.09608367228355606,2018,9,20,0,59,29,2018,9,20,1,28,10
7.345,0.09941348973607037,2018,9,20,1,2,47,2018,9,20,2,16,40
5.822,0.05264807837226828,2018,9,20,1,19,18,2018,9,20,3,9,53
5.318,0.10502962475312705,2018,9,20,1,33,0,2018,9,20,2,23,38
2.546,0.10342586323628977,2018,9,20,1,35,56,2018,9,20,2,0,33
10.1,0.1071049840933192,2018,9,20,1,47,33,2018,9,20,3,21,51
4.961,0.09515984654731459,2018,9,20,1,47,33,2018,9,20,2,39,41
5.831,0.1055703077851539,2018,9,20,2,0,16,2018,9,20,2,55,30
4.538,0.0998826118855466,2018,9,20,2,2,2,2018,9,20,2,47,28
0.953,0.09875647668393782,2018,9,20,2,5,29,2018,9,20,2,15,8
5.886,0.05074867078603248,2018,9,20,2,9,34,2018,9,20,4,5,33
8.276,0.10856143419326629,2018,9,20,2,18,51,2018,9,20,3,35,5
15.355,0.10318064732892822,2018,9,20,2,19,14,2018,9,20,4,48,3
2.435,0.03155507559395248,2018,9,20,2,19,56,2018,9,20,3,37,6
13.914,0.1117440770981127,2018,9,20,2,30,24,2018,9,20,4,34,55
3.557,0.05363659210857,2018,9,20,2,56,39,2018,9,20,4,2,58
11.836,0.05310004486316734,2018,9,20,3,2,4,2018,9,20,6,44,58
7.043,0.09804640371229699,2018,9,20,3,9,24,2018,9,20,4,21,14
6.346,0.053387549074593386,2018,9,20,3,33,58,2018,9,20,5,32,50
14.471,0.10656111929307804,2018,9,20,5,19,42,2018,9,20,7,35,30
13.233,0.02682364864864865,2018,9,20,5,43,24,2018,9,20,13,56,44
3.438,0.05810704225352113,2018,9,20,6,24,58,2018,9,20,7,24,8
1.736,0.011904,2018,9,20,8,51,29,2018,9,20,11,17,19
12.126,0.04665939844802155,2018,9,20,11,46,48,2018,9,20,16,6,41
10.976,0.03980176477698538,2018,9,20,13,20,3,2018,9,20,17,55,49
3.774,0.051580865603644645,2018,9,20,13,32,8,2018,9,20,14,45,18
5.991,0.056235919899874844,2018,9,20,13,48,59,2018,9,20,15,35,31
13.25,0.041681958789912446,2018,9,20,14,13,52,2018,9,20,19,31,45
13.114,0.05588352272727273,2018,9,20,14,15,49,2018,9,20,18,10,29
11.37,0.04701909159831828,2018,9,20,14,17,35,2018,9,20,18,19,24
4.48,0.09421661409043114,2018,9,20,14,26,22,2018,9,20,15,13,55
10.916,0.06493109943491623,2018,9,20,14,32,5,2018,9,20,17,20,12
6.15,0.04041621029572837,2018,9,20,14,34,26,2018,9,20,17,6,36
7.539,0.0130843770790547,2018,9,20,14,34,45,2018,9,21,0,10,56
6.963,0.03918034324298978,2018,9,20,14,34,52,2018,9,20,17,32,35
7.602,0.03872315137108413,2018,9,20,14,35,3,2018,9,20,17,51,22
23.604,0.10363237231084442,2018,9,20,14,36,4,2018,9,20,18,23,50
11.003,0.05092016968762052,2018,9,20,14,38,30,2018,9,20,18,14,35
7.185,0.10823499874466481,2018,9,20,14,41,20,2018,9,20,15,47,43
13.922,0.05090931253047295,2018,9,20,14,48,4,2018,9,20,19,21,32
4.852,0.05188379967920157,2018,9,20,14,51,38,2018,9,20,16,25,9
9.094,0.05360974651208489,2018,9,20,15,3,45,2018,9,20,17,53,23
4.49,0.05243285325029194,2018,9,20,15,6,40,2018,9,20,16,32,18
8.612,0.053024114930733716,2018,9,20,15,7,8,2018,9,20,17,49,33
6.473,0.04494618678393704,2018,9,20,15,9,5,2018,9,20,17,33,6
13.291,0.051638930259664574,2018,9,20,15,14,19,2018,9,20,19,31,42
4.462,0.051703360370799534,2018,9,20,15,18,52,2018,9,20,16,45,10
2.363,0.034843942000491526,2018,9,20,15,21,37,2018,9,20,16,29,26
3.324,0.029051711580480696,2018,9,20,15,22,48,2018,9,20,17,17,13
12.508,0.05424503071919045,2018,9,20,15,28,12,2018,9,20,19,18,47
12.828,0.0289789156626506,2018,9,20,15,28,23,2018,9,20,22,51,3
10.169,0.02579545934976536,2018,9,20,15,30,42,2018,9,20,22,4,55
2.363,0.04103617945007236,2018,9,20,15,32,47,2018,9,20,16,30,22
6.262,0.0205952968261799,2018,9,20,15,33,6,2018,9,20,20,37,9
2.963,0.05504024767801857,2018,9,20,15,37,22,2018,9,20,16,31,12
1.667,0.031853503184713375,2018,9,20,15,38,10,2018,9,20,16,30,30
10.99,0.05489967529764383,2018,9,20,15,40,12,2018,9,20,19,0,23
1.016,0.005347368421052632,2018,9,20,15,43,0,2018,9,20,18,53,0
13.906,0.06151736341517364,2018,9,20,15,46,27,2018,9,20,19,32,30
5.543,0.05040618369202789,2018,9,20,15,53,8,2018,9,20,17,43,6
4.117,0.03425599778116766,2018,9,20,16,11,53,2018,9,20,18,12,4
11.256,0.06337243126583467,2018,9,20,16,14,13,2018,9,20,19,11,50
4.164,0.05105026563138537,2018,9,20,16,15,56,2018,9,20,17,37,30
8.494,0.05145280161534578,2018,9,20,16,19,27,2018,9,20,19,4,32
7.922,0.054502923976608185,2018,9,20,16,20,24,2018,9,20,18,45,45
13.904,0.05570884808013355,2018,9,20,16,35,35,2018,9,20,20,45,10
13.927,0.058644115376517654,2018,9,20,16,41,15,2018,9,20,20,38,44
13.934,0.026858134155744024,2018,9,20,16,44,0,2018,9,21,1,22,48
13.195,0.03403697334479794,2018,9,20,16,46,52,2018,9,20,23,14,32
1.617,0.036161013790532985,2018,9,20,17,7,16,2018,9,20,17,51,59
13.916,0.05755963049772508,2018,9,20,17,32,49,2018,9,20,21,34,35
10.438,0.03712168810384684,2018,9,20,18,2,37,2018,9,20,22,43,48
3.584,0.030126085738302045,2018,9,20,18,21,6,2018,9,20,20,20,4
10.647,0.02508225686128234,2018,9,20,18,51,43,2018,9,21,1,56,12
6.984,0.02822388361285108,2018,9,20,18,57,23,2018,9,20,23,4,50
6.552,0.05401483924154987,2018,9,20,19,27,39,2018,9,20,21,28,57
9.834,0.10056928583603204,2018,9,20,19,32,5,2018,9,20,21,9,52
2.595,0.020092915214866437,2018,9,20,20,19,18,2018,9,20,22,28,27
13.903,0.1090573931232841,2018,9,20,20,36,21,2018,9,20,22,43,50
13.905,0.061300514327700215,2018,9,20,20,49,4,2018,9,21,0,35,54
11.251,0.05330122384524279,2018,9,20,21,28,59,2018,9,21,1,0,4
4.392,0.04902697674418605,2018,9,20,21,39,49,2018,9,20,23,9,24
13.255,0.10027739251040223,2018,9,20,22,6,11,2018,9,21,0,18,22
7.25,0.1083437110834371,2018,9,20,22,53,43,2018,9,21,0,0,38
13.882,0.1068531109685696,2018,9,20,23,25,29,2018,9,21,1,35,24
6.198,0.11041567695961996,2018,9,20,23,52,34,2018,9,21,0,48,42
11.107,0.10325689494886892,2018,9,20,23,57,47,2018,9,21,1,45,21
9.221,0.1067657275183327,2018,9,21,0,14,43,2018,9,21,1,41,5
6.654,0.09048957388939256,2018,9,21,0,25,8,2018,9,21,1,38,40
2.623,0.09625688073394496,2018,9,21,0,26,55,2018,9,21,0,54,10
5.914,0.05061911554921541,2018,9,21,0,34,38,2018,9,21,2,31,28
5.919,0.05499225766491173,2018,9,21,0,36,31,2018,9,21,2,24,9
5.478,0.10654132901134522,2018,9,21,0,51,11,2018,9,21,1,42,36
13.874,0.10151707317073172,2018,9,21,0,57,51,2018,9,21,3,14,31
6.38,0.055688100087285426,2018,9,21,1,6,14,2018,9,21,3,0,48
6.187,0.1060022844089092,2018,9,21,1,8,58,2018,9,21,2,7,20
4.061,0.05429144385026738,2018,9,21,1,12,47,2018,9,21,2,27,35
13.877,0.10456109506467412,2018,9,21,1,13,5,2018,9,21,3,25,48
2.906,0.0947608695652174,2018,9,21,1,21,53,2018,9,21,1,52,33
12.729,0.05718757019842755,2018,9,21,1,26,24,2018,9,21,5,8,59
13.282,0.05251532125205931,2018,9,21,1,36,28,2018,9,21,5,49,23
11.007,0.10090450725744844,2018,9,21,1,44,29,2018,9,21,3,33,34
6.073,0.09999451152579583,2018,9,21,1,48,18,2018,9,21,2,49,2
2.019,0.09268553940321346,2018,9,21,2,8,35,2018,9,21,2,30,22
29.669,0.11274558236747104,2018,9,21,2,24,40,2018,9,21,6,47,49
2.16,0.047127272727272726,2018,9,21,2,41,23,2018,9,21,3,27,13
2.0,0.035831591519856675,2018,9,21,2,47,41,2018,9,21,3,43,30
6.462,0.0524512987012987,2018,9,21,3,1,16,2018,9,21,5,4,28
12.643,0.10381551936499248,2018,9,21,3,5,41,2018,9,21,5,7,28
13.901,0.10541708796764408,2018,9,21,3,8,0,2018,9,21,5,19,52
7.254,0.11180066786539941,2018,9,21,3,17,42,2018,9,21,4,22,35
3.396,0.09530402245088868,2018,9,21,4,2,45,2018,9,21,4,38,23
7.845,0.10840626439428835,2018,9,21,4,15,54,2018,9,21,5,28,16
13.213,0.04233126868859462,2018,9,21,4,36,42,2018,9,21,9,48,50
1.89,0.035021618282890674,2018,9,21,5,4,13,2018,9,21,5,58,11
6.39,0.10632279534109816,2018,9,21,5,12,48,2018,9,21,6,12,54
0.929,0.03536802030456853,2018,9,21,9,58,5,2018,9,21,10,24,21
0.901,0.11453389830508476,2018,9,21,10,11,41,2018,9,21,10,19,33
12.109,0.0452250233426704,2018,9,21,11,42,52,2018,9,21,16,10,37
3.347,0.11462328767123288,2018,9,21,12,10,21,2018,9,21,12,39,33
4.119,0.05384313725490196,2018,9,21,13,6,4,2018,9,21,14,22,34
13.234,0.02132051660714765,2018,9,21,13,57,54,2018,9,22,0,18,37
9.59,0.03545941948604178,2018,9,21,13,58,11,2018,9,21,18,28,38
11.622,0.03500075289865984,2018,9,21,14,9,59,2018,9,21,19,42,2
13.213,0.03514095744680851,2018,9,21,14,15,1,2018,9,21,20,31,1
10.222,0.041927809680065625,2018,9,21,14,23,36,2018,9,21,18,27,24
11.355,0.04323243860651057,2018,9,21,14,27,5,2018,9,21,18,49,44
12.46,0.021277927992030737,2018,9,21,14,30,45,2018,9,22,0,16,20
10.925,0.09388427384703525,2018,9,21,14,33,24,2018,9,21,16,29,46
10.035,0.03540098777046096,2018,9,21,14,37,55,2018,9,21,19,21,23
1.521,0.03625744934445768,2018,9,21,14,47,3,2018,9,21,15,29,0
7.025,0.0990599294947121,2018,9,21,14,50,58,2018,9,21,16,1,53
10.622,0.04563368179865387,2018,9,21,14,56,20,2018,9,21,18,49,6
13.916,0.03802705287607597,2018,9,21,15,4,13,2018,9,21,21,10,10
13.949,0.08038997214484679,2018,9,21,15,6,53,2018,9,21,18,0,24
11.07,0.050482632819031696,2018,9,21,15,7,27,2018,9,21,18,46,44
6.224,0.07185684048489514,2018,9,21,15,8,49,2018,9,21,16,35,26
4.572783751486339,0.00856192932092933,2018,9,21,15,17,47,2018,9,22,0,11,52
9.444,0.10538218337362844,2018,9,21,15,22,19,2018,9,21,16,51,56
6.798440860214859,0.0439081218097838,2018,9,21,15,24,16,2018,9,21,17,59,6
4.965,0.05286601597160603,2018,9,21,15,26,34,2018,9,21,17,0,29
13.831111111108804,0.028958602319381938,2018,9,21,15,26,42,2018,9,21,23,24,19
4.177,0.05162100926879505,2018,9,21,15,27,44,2018,9,21,16,48,39
8.913,0.02756455852791093,2018,9,21,15,29,42,2018,9,21,20,53,3
14.552951015528256,0.02879301790317534,2018,9,21,15,29,57,2018,9,21,23,55,23
7.057,0.04473534072900159,2018,9,21,15,34,56,2018,9,21,18,12,41
11.107,0.07230335250081371,2018,9,21,15,36,8,2018,9,21,18,9,45
7.73,0.04485927072250702,2018,9,21,15,39,4,2018,9,21,18,31,23
13.965,0.10287292817679558,2018,9,21,15,44,28,2018,9,21,18,0,13
4.825,0.04990518876055852,2018,9,21,15,47,20,2018,9,21,17,24,1
9.464557945042795,0.02263887245664837,2018,9,21,15,47,43,2018,9,21,22,45,47
14.0591825,0.03509531328007988,2018,9,21,15,49,32,2018,9,21,22,30,8
3.654,0.09317467063323416,2018,9,21,16,1,13,2018,9,21,16,40,26
13.911,0.047171922685656155,2018,9,21,16,2,59,2018,9,21,20,57,53
1.415,0.03788487282463186,2018,9,21,16,5,23,2018,9,21,16,42,44
13.922,0.03659671412924425,2018,9,21,16,9,1,2018,9,21,22,29,26
14.033,0.045596230910863206,2018,9,21,16,11,17,2018,9,21,21,19,3
4.215,0.04743950478334271,2018,9,21,16,18,23,2018,9,21,17,47,14
12.268,0.0735712143928036,2018,9,21,16,39,18,2018,9,21,19,26,3
6.345,0.013967054334666324,2018,9,21,16,44,28,2018,9,22,0,18,45
7.301,0.043171380703656254,2018,9,21,16,51,49,2018,9,21,19,40,56
7.507,0.04465351442450679,2018,9,21,16,57,5,2018,9,21,19,45,12
10.548,0.10018679753047333,2018,9,21,17,3,7,2018,9,21,18,48,24
46.21229241337294,0.09546021981692407,2018,9,21,17,3,37,2018,9,22,1,7,43
3.372,0.05057999999999999,2018,9,21,17,6,4,2018,9,21,18,12,44
4.886,0.08981617647058825,2018,9,21,17,9,7,2018,9,21,18,3,31
8.735,0.10382329635499206,2018,9,21,17,22,30,2018,9,21,18,46,38
12.427,0.028671075905560253,2018,9,21,18,24,35,2018,9,22,1,38,1
13.335,0.05679301533219762,2018,9,21,18,29,41,2018,9,21,22,24,29
18.501,0.1112061711079944,2018,9,21,18,45,53,2018,9,21,21,32,15
7.580961768219736,0.029976124034083573,2018,9,21,18,49,20,2018,9,21,23,2,14
10.611,0.06306061806656102,2018,9,21,19,1,44,2018,9,21,21,50,0
1.142,0.052586339217191094,2018,9,21,19,25,0,2018,9,21,19,46,43
3.941,0.05264024933214604,2018,9,21,19,27,30,2018,9,21,20,42,22
2.722,0.09595769682726205,2018,9,21,19,46,13,2018,9,21,20,14,35
6.727,0.054425566343042076,2018,9,21,19,48,50,2018,9,21,21,52,26
1.964,0.03184864864864865,2018,9,21,19,50,10,2018,9,21,20,51,50
2.349,0.014941163998727872,2018,9,21,20,13,23,2018,9,21,22,50,36
5.976,0.05092458457605454,2018,9,21,20,50,7,2018,9,21,22,47,28
1.9140576463561687,0.035163337042673035,2018,9,21,21,1,49,2018,9,21,21,56,15
10.602,0.05244620331437052,2018,9,21,21,9,18,2018,9,22,0,31,27
3.743645459976365,0.030382622426427957,2018,9,21,22,22,7,2018,9,22,0,25,20
13.216,0.07739970717423132,2018,9,21,22,26,51,2018,9,22,1,17,36
23.643,0.106507996095803,2018,9,21,22,45,55,2018,9,22,2,27,54
3.104,0.05723417332513829,2018,9,21,22,58,40,2018,9,21,23,52,54
5.1965068697730725,0.04173342419841847,2018,9,21,23,18,25,2018,9,22,1,22,56
3.604592293907253,0.04015513138403921,2018,9,21,23,39,58,2018,9,22,1,9,44
1.3,0.05672727272727272,2018,9,22,0,0,19,2018,9,22,0,23,14
5.582,0.11068076668869796,2018,9,22,0,7,24,2018,9,22,0,57,50
4.403,0.09817168338907468,2018,9,22,0,14,4,2018,9,22,0,58,55
2.102,0.033347435219460604,2018,9,22,0,24,49,2018,9,22,1,27,51
6.764,0.05403994673768309,2018,9,22,0,39,38,2018,9,22,2,44,48
4.631,0.11105515587529975,2018,9,22,0,43,32,2018,9,22,1,25,14
7.206,0.0948990342405619,2018,9,22,1,16,45,2018,9,22,2,32,41
13.707,0.0988248017303533,2018,9,22,1,42,54,2018,9,22,4,1,36
2.508,0.10328071379547014,2018,9,22,1,53,51,2018,9,22,2,18,8
8.529,0.10145519429024584,2018,9,22,1,54,18,2018,9,22,3,18,22
5.808,0.05161137440758294,2018,9,22,1,55,32,2018,9,22,3,48,4
5.137,0.054475079533404025,2018,9,22,2,6,30,2018,9,22,3,40,48
5.028,0.10335046248715313,2018,9,22,2,20,45,2018,9,22,3,9,24
15.648,0.10283461117196058,2018,9,22,2,45,9,2018,9,22,5,17,19
12.201,0.09939714867617108,2018,9,22,2,54,47,2018,9,22,4,57,32
4.097,0.04873513084853292,2018,9,22,3,35,0,2018,9,22,4,59,4
5.858,0.05088750542927465,2018,9,22,4,8,44,2018,9,22,6,3,51
15.040822879327788,0.07170833315531723,2018,9,22,4,13,36,2018,9,22,7,43,21
13.881,0.05838485804416404,2018,9,22,4,18,38,2018,9,22,8,16,23
2.217,0.05116153846153846,2018,9,22,4,32,29,2018,9,22,5,15,49
3.877,0.10910881801125703,2018,9,22,6,16,16,2018,9,22,6,51,48
2.3610812425334484,0.05837036446312604,2018,9,22,8,39,45,2018,9,22,9,20,12
10.861,0.056134033939185125,2018,9,22,14,28,35,2018,9,22,17,42,4
13.717,0.10934236747708251,2018,9,22,14,35,32,2018,9,22,16,40,59
13.911,0.11142170604725671,2018,9,22,14,56,35,2018,9,22,17,1,26
2.484,0.05132231404958678,2018,9,22,15,9,52,2018,9,22,15,58,16
13.95,0.05896857827250951,2018,9,22,15,12,52,2018,9,22,19,9,26
2.316,0.10993670886075949,2018,9,22,15,59,38,2018,9,22,16,20,42
4.721,0.1104327485380117,2018,9,22,16,8,55,2018,9,22,16,51,40
1.785,0.04241584158415841,2018,9,22,16,27,31,2018,9,22,17,9,36
17.667,0.11223080995235576,2018,9,22,16,30,49,2018,9,22,19,8,14
13.832,0.10665981236344943,2018,9,22,16,31,6,2018,9,22,18,40,47
13.205,0.057492199404977865,2018,9,22,16,46,22,2018,9,22,20,36,3
7.629,0.1123564064801178,2018,9,22,16,51,18,2018,9,22,17,59,12
13.951,0.008503682633209733,2018,9,22,16,55,5,2018,9,23,20,15,40
12.73,0.10809510331163318,2018,9,22,16,55,43,2018,9,22,18,53,29
9.171,0.1115919691746096,2018,9,22,16,57,4,2018,9,22,18,19,15
13.911,0.020769403040784333,2018,9,22,17,10,46,2018,9,23,4,20,33
4.175,0.11133333333333333,2018,9,22,17,19,31,2018,9,22,17,57,1
13.878,0.10780424650440187,2018,9,22,17,44,43,2018,9,22,19,53,27
11.747,0.1088693234476367,2018,9,22,17,52,13,2018,9,22,19,40,7
4.897,0.09327619047619048,2018,9,22,17,53,31,2018,9,22,18,46,1
13.919,0.10752414059482426,2018,9,22,18,3,12,2018,9,22,20,12,39
13.906,0.10566869300911855,2018,9,22,18,10,21,2018,9,22,20,21,57
12.238,0.052109857355758994,2018,9,22,18,16,44,2018,9,22,22,11,35
2.521,0.03169740150880134,2018,9,22,18,17,36,2018,9,22,19,37,8
3.588,0.10405026582890285,2018,9,22,18,20,48,2018,9,22,18,55,17
1.456,0.1087920298879203,2018,9,22,18,24,57,2018,9,22,18,38,20
1.019,0.008455262066104273,2018,9,22,18,50,22,2018,9,22,20,50,53
8.349931302270507,0.11190437304807471,2018,9,22,18,57,45,2018,9,22,20,12,22
4.447,0.05632678910702976,2018,9,22,18,58,51,2018,9,22,20,17,48
11.83178464754735,0.11059465319408646,2018,9,22,19,3,49,2018,9,22,20,50,48
13.917,0.07912631479200227,2018,9,22,19,8,32,2018,9,22,22,4,25
7.062,0.10667673716012084,2018,9,22,19,11,32,2018,9,22,20,17,44
13.961,0.10898516783762686,2018,9,22,19,33,9,2018,9,22,21,41,15
7.494,0.05786127911465705,2018,9,22,19,42,23,2018,9,22,21,51,54
6.492,0.10816995279089142,2018,9,22,20,8,40,2018,9,22,21,8,41
5.587,0.05803670360110803,2018,9,22,20,18,40,2018,9,22,21,54,56
6.863814217442394,0.1548228770851668,2018,9,22,20,24,0,2018,9,22,21,8,20
13.969,0.09421537769784172,2018,9,22,20,27,16,2018,9,22,22,55,32
8.397,0.11215939447907393,2018,9,22,20,44,11,2018,9,22,21,59,3
13.983,0.09068093385214009,2018,9,22,21,52,47,2018,9,23,0,26,59
8.096,0.10773120425815036,2018,9,22,22,2,3,2018,9,22,23,17,12
7.18,0.10644922164566345,2018,9,22,22,3,30,2018,9,22,23,10,57
4.307,0.10749584026622296,2018,9,22,22,3,53,2018,9,22,22,43,57
13.044,0.09702950657079097,2018,9,22,22,11,59,2018,9,23,0,26,25
1.107,0.0378030734206033,2018,9,22,22,18,9,2018,9,22,22,47,26
3.612,0.10702222222222223,2018,9,22,22,37,54,2018,9,22,23,11,39
5.255,0.10947916666666667,2018,9,22,22,54,37,2018,9,22,23,42,37
4.113,0.10510221465076662,2018,9,22,23,8,54,2018,9,22,23,48,2
5.69,0.04950696055684455,2018,9,22,23,42,32,2018,9,23,1,37,28
2.988,0.04814178302900107,2018,9,22,23,58,37,2018,9,23,1,0,41
3.119,0.05134156378600824,2018,9,23,0,40,48,2018,9,23,1,41,33
0.939,0.11545081967213115,2018,9,23,1,2,39,2018,9,23,1,10,47
6.071,0.05186672362238359,2018,9,23,1,5,16,2018,9,23,3,2,19
1.0412738948624032,0.08665247391365352,2018,9,23,1,11,48,2018,9,23,1,23,49
11.227,0.11115841584158416,2018,9,23,1,19,52,2018,9,23,3,0,52
13.89,0.08535436296599755,2018,9,23,1,37,49,2018,9,23,4,20,33
15.494074074078206,0.022770334446437217,2018,9,23,1,51,37,2018,9,23,13,12,4
5.928,0.11544303797468354,2018,9,23,2,6,51,2018,9,23,2,58,12
6.124,0.058333068741070006,2018,9,23,3,6,20,2018,9,23,4,51,19
13.877,0.09763367729831146,2018,9,23,3,12,3,2018,9,23,5,34,11
8.576553166067987,0.10408438308334934,2018,9,23,3,28,44,2018,9,23,4,51,8
1.856,0.060000000000000005,2018,9,23,9,1,31,2018,9,23,9,32,27
6.317347670251457,0.05393296246657476,2018,9,23,10,26,4,2018,9,23,12,23,12
1.813,0.0988909090909091,2018,9,23,12,50,52,2018,9,23,13,9,12
2.729569892473242,0.06163876309687412,2018,9,23,13,11,13,2018,9,23,13,55,30
3.472,0.05162825278810409,2018,9,23,13,20,57,2018,9,23,14,28,12
12.099,0.1126711159397796,2018,9,23,13,34,40,2018,9,23,15,22,3
2.249,0.033409259717751924,2018,9,23,14,11,24,2018,9,23,15,18,43
13.61965352449445,0.08322428062630277,2018,9,23,15,13,45,2018,9,23,17,57,24
23.535,0.1054829312019123,2018,9,23,15,15,25,2018,9,23,18,58,32
8.359550477897265,0.09038980513134545,2018,9,23,15,16,10,2018,9,23,16,48,39
0.608,0.10922155688622755,2018,9,23,15,21,33,2018,9,23,15,27,7
4.628,0.11306188925081434,2018,9,23,15,23,26,2018,9,23,16,4,22
13.2722879330942,0.09137547630357452,2018,9,23,15,24,1,2018,9,23,17,49,16
25.885,0.10985287876644505,2018,9,23,15,24,16,2018,9,23,19,19,54
13.727871666666667,0.09514523506988565,2018,9,23,15,47,25,2018,9,23,18,11,42
5.653,0.1115356790529431,2018,9,23,16,5,19,2018,9,23,16,56,0
13.908,0.05809523809523809,2018,9,23,16,6,4,2018,9,23,20,5,28
7.603,0.11153545232273837,2018,9,23,16,7,47,2018,9,23,17,15,57
9.382,0.10708008369792658,2018,9,23,16,39,41,2018,9,23,18,7,18
10.579,0.10974066390041494,2018,9,23,17,42,13,2018,9,23,19,18,37
5.644,0.09867132867132866,2018,9,23,17,48,20,2018,9,23,18,45,32
13.906,0.10313473423980223,2018,9,23,18,8,28,2018,9,23,20,23,18
13.873,0.09481489919125186,2018,9,23,18,33,43,2018,9,23,21,0,2
13.80402527777778,0.04205979670255265,2018,9,23,19,7,4,2018,9,24,0,35,16
13.196,0.05783914091606399,2018,9,23,19,18,9,2018,9,23,23,6,18
13.867,0.10514596234045244,2018,9,23,19,31,30,2018,9,23,21,43,23
4.616,0.1047900113507378,2018,9,23,19,43,20,2018,9,23,20,27,23
13.8,0.10082805650267901,2018,9,23,20,1,7,2018,9,23,22,17,59
13.1,0.09836065573770492,2018,9,23,20,17,57,2018,9,23,22,31,8
14.261621863808337,0.06348844871854134,2018,9,23,20,26,13,2018,9,24,0,10,51
6.1,0.05307424593967517,2018,9,23,20,56,45,2018,9,23,22,51,41
22.668,0.10996765847347995,2018,9,23,21,10,15,2018,9,24,0,36,23
2.497,0.03255541069100391,2018,9,23,21,13,8,2018,9,23,22,29,50
10.816,0.09009579341940858,2018,9,23,21,25,4,2018,9,23,23,25,7
14.30172789724917,0.06441736159709859,2018,9,23,21,51,28,2018,9,24,1,33,29
5.226,0.10554022214742512,2018,9,23,22,23,51,2018,9,23,23,13,22
13.866,0.10844108446298227,2018,9,23,22,33,48,2018,9,24,0,41,40
5.014,0.050223706176961605,2018,9,23,22,36,8,2018,9,24,0,15,58
13.343,0.013588268241763837,2018,9,23,23,4,1,2018,9,24,15,25,58
7.843,0.1121496663489037,2018,9,23,23,21,37,2018,9,24,0,31,33
3.515,0.05670879268620597,2018,9,23,23,38,5,2018,9,24,0,40,4
3.702,0.11050746268656716,2018,9,23,23,57,47,2018,9,24,0,31,17
13.267,0.06655685618729096,2018,9,24,0,45,52,2018,9,24,4,5,12
4.543,0.057652284263959394,2018,9,24,1,1,34,2018,9,24,2,20,22
3.561,0.051696104524558424,2018,9,24,1,23,33,2018,9,24,2,32,26
3.2032482078848,0.050550997494236714,2018,9,24,1,51,11,2018,9,24,2,54,33
13.893,0.09835752212389381,2018,9,24,1,53,6,2018,9,24,4,14,21
11.195,0.10483845793663181,2018,9,24,2,27,44,2018,9,24,4,14,31
35.61397550777008,0.061153870140982336,2018,9,24,2,51,15,2018,9,24,12,33,37
9.77,0.10936567164179105,2018,9,24,3,38,55,2018,9,24,5,8,15
13.108965053761318,0.011004069885776952,2018,9,24,4,9,4,2018,9,25,0,0,21
5.318,0.054367013119781905,2018,9,24,5,7,6,2018,9,24,6,44,55
6.919360812425165,0.04396036094298071,2018,9,24,9,32,47,2018,9,24,12,10,11
12.401,0.04898031729313409,2018,9,24,11,46,36,2018,9,24,15,59,47
3.105,0.052538071065989844,2018,9,24,13,8,44,2018,9,24,14,7,50
10.624,0.10383450073301842,2018,9,24,13,23,27,2018,9,24,15,5,46
10.595,0.042984650753938744,2018,9,24,13,29,2,2018,9,24,17,35,31
12.595,0.06420560747663552,2018,9,24,13,49,49,2018,9,24,17,5,59
18.150128434886494,0.03876989946574067,2018,9,24,13,59,6,2018,9,24,21,47,15
19.44705645161562,0.026807503264644976,2018,9,24,14,6,15,2018,9,25,2,11,41
9.225522700118525,0.04626254592621074,2018,9,24,14,6,50,2018,9,24,17,26,15
11.024,0.07342806394316163,2018,9,24,14,12,58,2018,9,24,16,43,6
4.402,0.10289053369692248,2018,9,24,14,27,24,2018,9,24,15,10,11
14.014,0.02954670040059034,2018,9,24,14,33,3,2018,9,24,22,27,21
15.134,0.023149521988527724,2018,9,24,14,33,9,2018,9,25,1,26,54
3.915,0.042554347826086955,2018,9,24,14,33,9,2018,9,24,16,5,9
12.183,0.021455239213384207,2018,9,24,14,34,38,2018,9,25,0,2,28
10.477,0.022257550543497505,2018,9,24,14,35,19,2018,9,24,22,26,2
20.55,0.10242565210167803,2018,9,24,14,38,16,2018,9,24,17,58,54
12.265,0.03711231025266024,2018,9,24,14,43,15,2018,9,24,20,13,44
15.693,0.036189561073103234,2018,9,24,14,46,50,2018,9,24,22,0,28
5.549,0.0393685704150408,2018,9,24,14,49,38,2018,9,24,17,10,35
3.351,0.04999005469915465,2018,9,24,14,51,8,2018,9,24,15,58,10
16.978611111109608,0.04096166733681449,2018,9,24,15,5,4,2018,9,24,21,59,34
32.784,0.08173522812266266,2018,9,24,15,7,23,2018,9,24,21,48,29
10.292,0.10626742385131648,2018,9,24,15,12,33,2018,9,24,16,49,24
6.126,0.04076752440106477,2018,9,24,15,17,28,2018,9,24,17,47,44
8.438985961768164,0.03364826938504053,2018,9,24,15,17,57,2018,9,24,19,28,45
31.29,0.08296433779663265,2018,9,24,15,18,33,2018,9,24,21,35,42
4.091,0.0458375350140056,2018,9,24,15,20,12,2018,9,24,16,49,27
50.54763888889071,0.0820201296301334,2018,9,24,15,23,49,2018,9,25,1,40,6
11.9426553166057,0.031647350896402346,2018,9,24,15,28,21,2018,9,24,21,45,43
12.392,0.03271671213587961,2018,9,24,15,28,24,2018,9,24,21,47,10
13.776,0.024327760772309866,2018,9,24,15,28,53,2018,9,25,0,55,9
2.029,0.004056918155158624,2018,9,24,15,31,18,2018,9,24,23,51,26
2.014,0.041900138696255196,2018,9,24,15,32,33,2018,9,24,16,20,37
9.538,0.02180612711476909,2018,9,24,15,34,24,2018,9,24,22,51,48
13.406,0.03499956487686015,2018,9,24,15,38,7,2018,9,24,22,1,9
13.81,0.09899641577060932,2018,9,24,15,40,16,2018,9,24,17,59,46
4.792,0.03353002915451895,2018,9,24,15,40,51,2018,9,24,18,3,46
11.533903333333331,0.032187637209302324,2018,9,24,15,47,51,2018,9,24,21,46,11
10.682,0.021697416974169742,2018,9,24,15,51,51,2018,9,25,0,4,10
6.587,0.022878147612156292,2018,9,24,15,54,6,2018,9,24,20,42,1
14.117,0.027290653091471474,2018,9,24,15,56,18,2018,9,25,0,33,35
10.376,0.03874051026757934,2018,9,24,16,1,20,2018,9,24,20,29,10
5.69,0.03954592841422449,2018,9,24,16,1,44,2018,9,24,18,25,37
7.013,0.09833605982706241,2018,9,24,16,6,55,2018,9,24,17,18,14
49.557,0.09645192681977424,2018,9,24,16,8,37,2018,9,25,0,42,25
10.75,0.032914880587875076,2018,9,24,16,8,54,2018,9,24,21,35,30
5.131,0.05451744289003011,2018,9,24,16,16,2,2018,9,24,17,50,9
1.123,0.017066869300911856,2018,9,24,16,19,0,2018,9,24,17,24,48
7.658,0.02829310344827586,2018,9,24,16,22,11,2018,9,24,20,52,51
6.731,0.027192297333692432,2018,9,24,16,22,22,2018,9,24,20,29,54
2.972,0.0058465573770491806,2018,9,24,16,54,17,2018,9,25,1,22,37
1.712,0.0033432058584214807,2018,9,24,16,57,14,2018,9,25,1,29,19
3.562,0.02392477331243703,2018,9,24,17,13,0,2018,9,24,19,41,53
2.884858124252898,0.030414951230921437,2018,9,24,17,25,43,2018,9,24,19,0,34
5.338040621265398,0.023631848098275208,2018,9,24,18,59,42,2018,9,24,22,45,35
8.145,0.02374866362134318,2018,9,24,19,5,54,2018,9,25,0,48,52
1.464,0.0283996120271581,2018,9,24,19,57,1,2018,9,24,20,48,34
6.473,0.02640244731475187,2018,9,24,20,4,43,2018,9,25,0,9,53
2.269,0.020762543846271162,2018,9,24,20,24,9,2018,9,24,22,13,26
8.227,0.03204700383042265,2018,9,24,20,32,20,2018,9,25,0,49,3
7.139,0.019388041461096277,2018,9,24,20,41,48,2018,9,25,2,50,1
3.397,0.02755813953488372,2018,9,24,21,37,19,2018,9,24,23,40,35
2.231,0.012684544679238132,2018,9,24,22,10,16,2018,9,25,1,6,9
5.159,0.030635391923990497,2018,9,24,22,20,51,2018,9,25,1,9,15
0.669,0.010686900958466455,2018,9,24,22,30,56,2018,9,24,23,33,32
5.651,0.047150604922820194,2018,9,24,23,25,25,2018,9,25,1,25,16
2.158,0.023775247888358428,2018,9,24,23,52,7,2018,9,25,1,22,53
4.652,0.03475965130759651,2018,9,24,23,58,0,2018,9,25,2,11,50
3.356,0.029473067915690866,2018,9,25,0,6,31,2018,9,25,2,0,23
6.625,0.02781081648359337,2018,9,25,0,20,23,2018,9,25,4,18,36
0.6011230585422658,0.03072179174832704,2018,9,25,0,36,54,2018,9,25,0,56,28
2.034,0.05127731092436975,2018,9,25,0,36,57,2018,9,25,1,16,37
2.249,0.027249596122778677,2018,9,25,0,51,29,2018,9,25,2,14,1
5.982,0.02815721346199106,2018,9,25,1,13,0,2018,9,25,4,45,27
1.858,0.035458015267175576,2018,9,25,1,20,25,2018,9,25,2,12,49
2.986,0.06677599701826314,2018,9,25,1,25,47,2018,9,25,2,10,30
3.376,0.028341961662235904,2018,9,25,1,34,42,2018,9,25,3,33,49
1.354,0.029703839122486288,2018,9,25,1,43,46,2018,9,25,2,29,21
6.102,0.0543931065220621,2018,9,25,1,44,17,2018,9,25,3,36,28
5.428,0.06092031425364759,2018,9,25,1,47,5,2018,9,25,3,16,11
18.19821684587548,0.03370560304838799,2018,9,25,2,18,53,2018,9,25,11,18,48
1.243,0.028762051677593523,2018,9,25,2,20,19,2018,9,25,3,3,32
1.85,0.034101382488479264,2018,9,25,2,20,49,2018,9,25,3,15,4
3.318,0.03418269230769231,2018,9,25,2,27,40,2018,9,25,4,4,44
2.376,0.028916835699797156,2018,9,25,2,30,27,2018,9,25,3,52,37
0.553,0.03796338672768879,2018,9,25,2,49,15,2018,9,25,3,3,49
13.619,0.030617108171906028,2018,9,25,3,10,41,2018,9,25,10,35,30
0.707,0.028876786929884272,2018,9,25,3,35,52,2018,9,25,4,0,21
6.219,0.04180371947120771,2018,9,25,3,50,43,2018,9,25,6,19,29
0.66,0.056490727532097,2018,9,25,3,54,49,2018,9,25,4,6,30
13.785,0.025583841133347766,2018,9,25,4,1,58,2018,9,25,13,0,47
3.109,0.02846635128948573,2018,9,25,4,7,12,2018,9,25,5,56,25
18.326,0.028270684424332802,2018,9,25,4,12,47,2018,9,25,15,1,1
2.296,0.031589085072231134,2018,9,25,4,13,12,2018,9,25,5,25,53
2.117,0.05883279295970356,2018,9,25,4,42,14,2018,9,25,5,18,13
18.90154271206446,0.028188818918370148,2018,9,25,5,1,20,2018,9,25,16,11,52
5.165,0.03170981274941165,2018,9,25,5,16,4,2018,9,25,7,58,57
4.422,0.027764755127668475,2018,9,25,9,45,58,2018,9,25,12,25,14
12.182,0.033010568151025196,2018,9,25,11,51,35,2018,9,25,18,0,37
11.955,0.033331784386617096,2018,9,25,13,10,42,2018,9,25,19,9,22
18.81363,0.03698616644823067,2018,9,25,13,35,17,2018,9,25,22,3,57
10.181,0.03045012711230746,2018,9,25,13,36,16,2018,9,25,19,10,37
13.913,0.02940194420963652,2018,9,25,13,49,11,2018,9,25,21,42,23
6.856,0.03513795165285726,2018,9,25,13,52,46,2018,9,25,17,7,53
9.04779719235318,0.03758951887142992,2018,9,25,13,53,33,2018,9,25,17,54,15
5.123,0.026238156209987196,2018,9,25,13,54,0,2018,9,25,17,9,15
13.961,0.021395075602778913,2018,9,25,14,4,10,2018,9,26,0,56,42
8.118297491038154,0.02930088122366995,2018,9,25,14,10,2,2018,9,25,18,47,6
14.254288888888889,0.03475808068492779,2018,9,25,14,14,7,2018,9,25,21,4,13
13.864,0.02878339100346021,2018,9,25,14,14,37,2018,9,25,22,16,17
8.59,0.015296945953165346,2018,9,25,14,35,46,2018,9,25,23,57,19
14.001,0.024653264856933237,2018,9,25,14,42,16,2018,9,26,0,10,11
8.973089904416408,0.03619397608504098,2018,9,25,14,42,42,2018,9,25,18,50,37
4.061,0.0384564393939394,2018,9,25,14,52,4,2018,9,25,16,37,40
6.434,0.027698930903350794,2018,9,25,15,1,50,2018,9,25,18,54,7
13.518,0.024804428269977676,2018,9,25,15,5,2,2018,9,26,0,10,1
1.501,0.026271878646441073,2018,9,25,15,13,30,2018,9,25,16,10,38
5.59,0.031009615384615382,2018,9,25,15,14,21,2018,9,25,18,14,37
9.354893966546106,0.0291975467120665,2018,9,25,15,18,0,2018,9,25,20,38,24
6.973,0.029086484983314797,2018,9,25,15,21,6,2018,9,25,19,20,50
6.451,0.027928421964066672,2018,9,25,15,21,29,2018,9,25,19,12,28
4.647,0.035204545454545454,2018,9,25,15,22,59,2018,9,25,17,34,59
2.387,0.030939727802981203,2018,9,25,15,23,12,2018,9,25,16,40,21
13.402,0.04931436281123513,2018,9,25,15,31,10,2018,9,25,20,2,56
10.733,0.0202210569284391,2018,9,25,15,34,1,2018,9,26,0,24,48
13.932,0.029714204464666574,2018,9,25,15,40,1,2018,9,25,23,28,53
5.960646654720016,0.012243291886042961,2018,9,25,15,40,17,2018,9,25,23,47,8
7.778847072875807,0.015264114346487504,2018,9,25,15,45,6,2018,9,26,0,14,43
4.835376344085485,0.039280067782985255,2018,9,25,15,45,44,2018,9,25,17,48,50
6.274,0.028698635358694824,2018,9,25,15,49,56,2018,9,25,19,28,33
5.554590555555556,0.032422943217563324,2018,9,25,15,54,11,2018,9,25,18,45,30
4.352,0.03646927374301676,2018,9,25,15,58,30,2018,9,25,17,57,50
5.516,0.027420049710024857,2018,9,25,16,0,35,2018,9,25,19,21,45
20.055,0.04417076572938844,2018,9,25,16,1,12,2018,9,25,23,35,14
4.436,0.026738999397227244,2018,9,25,16,2,58,2018,9,25,18,48,52
1.466,0.02445371142618849,2018,9,25,16,3,38,2018,9,25,17,3,35
9.616,0.05506394350066807,2018,9,25,16,7,51,2018,9,25,19,2,29
8.944,0.028803606891739577,2018,9,25,16,18,50,2018,9,25,21,29,21
13.034890979687088,0.03138920608369021,2018,9,25,16,19,8,2018,9,25,23,14,24
8.11,0.036345981475948606,2018,9,25,16,20,1,2018,9,25,20,3,9
10.745,0.02825524827979138,2018,9,25,16,22,29,2018,9,25,22,42,46
7.481,0.043744274437189354,2018,9,25,16,25,34,2018,9,25,19,16,35
1.995,0.028284499054820417,2018,9,25,16,26,2,2018,9,25,17,36,34
13.989,0.03133502575972523,2018,9,25,16,41,21,2018,9,26,0,7,47
13.892,0.038403980833026166,2018,9,25,17,3,56,2018,9,25,23,5,40
13.879,0.036610393036138215,2018,9,25,17,41,30,2018,9,26,0,0,36
13.21,0.02996257513325521,2018,9,25,17,49,27,2018,9,26,1,10,20
1.668,0.028287167891464102,2018,9,25,18,2,16,2018,9,25,19,1,14
11.904,0.04157150340492404,2018,9,25,18,31,27,2018,9,25,23,17,48
2.243,0.029294732259468874,2018,9,25,19,17,59,2018,9,25,20,34,33
13.896,0.04743741465634957,2018,9,25,19,20,59,2018,9,26,0,13,55
1.595,0.028816621499548327,2018,9,25,19,23,55,2018,9,25,20,19,16
0.987,0.0329,2018,9,25,19,34,57,2018,9,25,20,4,57
8.623481182795462,0.042938495515994,2018,9,25,19,35,21,2018,9,25,22,56,11
21.951,0.09055070470952217,2018,9,25,19,52,59,2018,9,25,23,55,24
10.577,0.0399685098878952,2018,9,25,19,55,43,2018,9,26,0,20,21
8.022,0.032616385444195976,2018,9,25,19,59,13,2018,9,26,0,5,10
2.4926597968930606,0.06284016294688388,2018,9,25,20,7,8,2018,9,25,20,46,48
5.181,0.03166870415647922,2018,9,25,20,7,38,2018,9,25,22,51,14
9.021,0.047152190957400475,2018,9,25,20,48,34,2018,9,25,23,59,53
10.849,0.0521252402306214,2018,9,25,21,22,47,2018,9,26,0,50,55
16.07710125448172,0.016155996370088986,2018,9,25,21,55,51,2018,9,26,14,30,58
20.399,0.1070345430695234,2018,9,25,22,14,27,2018,9,26,1,25,2
6.259,0.09533891850723533,2018,9,25,22,16,30,2018,9,25,23,22,9
11.133,0.05421475529583637,2018,9,25,22,22,42,2018,9,26,1,48,3
1.906,0.03217782779966235,2018,9,25,22,46,25,2018,9,25,23,45,39
7.245533154124934,0.052484847186707234,2018,9,25,23,14,51,2018,9,26,1,32,54
17.534663978496432,0.08198237658456993,2018,9,25,23,35,41,2018,9,26,3,9,34
14.137582138587293,0.06144548557154926,2018,9,25,23,55,14,2018,9,26,3,45,19
12.247,0.10074307650123389,2018,9,25,23,58,49,2018,9,26,2,0,23
7.596,0.05725628140703518,2018,9,26,0,6,12,2018,9,26,2,18,52
15.85,0.10773762320154072,2018,9,26,0,16,50,2018,9,26,2,43,57
0.725,0.0416267942583732,2018,9,26,0,23,51,2018,9,26,0,41,16
6.47,0.051376389624139755,2018,9,26,0,40,35,2018,9,26,2,46,31
5.575,0.10423808039887816,2018,9,26,0,41,9,2018,9,26,1,34,38
3.821,0.10718092566619916,2018,9,26,0,50,17,2018,9,26,1,25,56
6.381,0.1076053962900506,2018,9,26,0,58,16,2018,9,26,1,57,34
6.754,0.06050164228127799,2018,9,26,1,0,55,2018,9,26,2,52,33
0.646,0.10281167108753315,2018,9,26,1,9,27,2018,9,26,1,15,44
5.64,0.11109652002626395,2018,9,26,1,23,45,2018,9,26,2,14,31
4.651,0.055946271050521246,2018,9,26,1,24,38,2018,9,26,2,47,46
2.557,0.03296519123334766,2018,9,26,1,25,49,2018,9,26,2,43,23
13.879,0.10461557788944724,2018,9,26,1,31,24,2018,9,26,3,44,4
12.904,0.1114495465668634,2018,9,26,1,37,50,2018,9,26,3,33,37
13.891,0.04706420464170761,2018,9,26,1,40,18,2018,9,26,6,35,27
4.917,0.09903323262839879,2018,9,26,1,48,22,2018,9,26,2,38,1
7.972,0.11056865464632457,2018,9,26,1,58,42,2018,9,26,3,10,48
4.828,0.057797286512370316,2018,9,26,2,1,8,2018,9,26,3,24,40
8.166,0.11294605809128631,2018,9,26,2,7,50,2018,9,26,3,20,8
3.231,0.052923832923832924,2018,9,26,2,29,8,2018,9,26,3,30,11
7.711,0.10570253598355038,2018,9,26,2,53,11,2018,9,26,4,6,8
30.609,0.10876754515842464,2018,9,26,2,57,56,2018,9,26,7,39,21
12.239,0.10667344567112144,2018,9,26,3,0,15,2018,9,26,4,54,59
12.339,0.10052138492871691,2018,9,26,3,3,46,2018,9,26,5,6,31
13.897,0.10895335162681302,2018,9,26,3,18,41,2018,9,26,5,26,14
8.944,0.11533204384268216,2018,9,26,3,24,9,2018,9,26,4,41,42
6.969,0.054198314970836034,2018,9,26,3,36,28,2018,9,26,5,45,3
2.375827359618296,0.05031755791637761,2018,9,26,4,34,24,2018,9,26,5,21,37
15.187641875756452,0.026830129329448445,2018,9,26,4,35,26,2018,9,26,14,1,30
1.726,0.11330415754923415,2018,9,26,5,3,35,2018,9,26,5,18,49
1.342,0.11230125523012553,2018,9,26,5,42,6,2018,9,26,5,54,3
6.895858721627498,0.04673574192902404,2018,9,26,8,0,55,2018,9,26,10,28,28
11.863,0.04572364617460012,2018,9,26,11,48,22,2018,9,26,16,7,49
13.145,0.1113825730828979,2018,9,26,13,8,57,2018,9,26,15,6,58
34.491,0.10513946044810242,2018,9,26,13,13,25,2018,9,26,18,41,28
11.739,0.05526836158192091,2018,9,26,13,42,50,2018,9,26,17,15,14
4.458,0.045304878048780486,2018,9,26,13,52,18,2018,9,26,15,30,42
2.156,0.10234177215189874,2018,9,26,13,55,11,2018,9,26,14,16,15
5.488,0.008287943619431162,2018,9,26,13,58,53,2018,9,27,1,1,3
13.883,0.05074505025890953,2018,9,26,14,13,13,2018,9,26,18,46,48
19.986675627239222,0.04375845785930864,2018,9,26,14,14,52,2018,9,26,21,51,37
10.463,0.03681130526562683,2018,9,26,14,15,12,2018,9,26,18,59,26
12.27,0.07644066036756307,2018,9,26,14,19,46,2018,9,26,17,0,17
11.278,0.05609549863218105,2018,9,26,14,22,37,2018,9,26,17,43,40
15.514,0.04001547588341501,2018,9,26,14,33,56,2018,9,26,21,1,38
17.33,0.107041383570105,2018,9,26,14,38,20,2018,9,26,17,20,14
4.757,0.008391990826497308,2018,9,26,14,38,59,2018,9,27,0,5,50
12.489,0.04904378558806205,2018,9,26,14,46,33,2018,9,26,19,1,12
7.095791517320684,0.0426173664703945,2018,9,26,14,47,1,2018,9,26,17,33,31
13.907,0.02662136294027565,2018,9,26,15,22,13,2018,9,27,0,4,37
22.141,0.11415828821861304,2018,9,26,15,23,40,2018,9,26,18,37,37
13.933,0.020731060136391814,2018,9,26,15,23,44,2018,9,27,2,35,49
13.913,0.03363607059392377,2018,9,26,15,24,3,2018,9,26,22,17,41
3.966,0.0320873786407767,2018,9,26,15,25,43,2018,9,26,17,29,19
0.866,0.03461692205196536,2018,9,26,15,25,45,2018,9,26,15,50,46
4.72988948626013,0.07084207917513924,2018,9,26,15,28,46,2018,9,26,16,35,32
3.948,0.031791705811300495,2018,9,26,15,30,0,2018,9,26,17,34,11
3.683318399039861,0.013707070888940747,2018,9,26,15,32,27,2018,9,26,20,1,10
6.609,0.05481614597732928,2018,9,26,15,45,59,2018,9,26,17,46,33
13.944,0.035724838806097614,2018,9,26,15,51,32,2018,9,26,22,21,51
4.434,0.03223945710130877,2018,9,26,15,53,8,2018,9,26,18,10,40
13.983,0.04989473684210526,2018,9,26,15,54,10,2018,9,26,20,34,25
5.003,0.03456303972366149,2018,9,26,15,57,1,2018,9,26,18,21,46
13.881,0.08659388646288209,2018,9,26,15,57,48,2018,9,26,18,38,6
6.06,0.0398422090729783,2018,9,26,16,1,9,2018,9,26,18,33,15
5.623,0.0350925733305596,2018,9,26,16,2,30,2018,9,26,18,42,44
9.84,0.0992936427850656,2018,9,26,16,2,43,2018,9,26,17,41,49
3.106456093188758,0.04671362546148509,2018,9,26,16,3,54,2018,9,26,17,10,24
12.405007467143449,0.038600790790820814,2018,9,26,16,4,0,2018,9,26,21,25,22
1.514,0.031629526462395544,2018,9,26,16,4,13,2018,9,26,16,52,5
13.99,0.03230325187608236,2018,9,26,16,4,21,2018,9,26,23,17,26
5.757226702507858,0.03856146485269831,2018,9,26,16,5,7,2018,9,26,18,34,25
13.063,0.05480979020979021,2018,9,26,16,12,58,2018,9,26,20,11,18
13.04,0.053217249353829404,2018,9,26,16,19,19,2018,9,26,20,24,21
11.909,0.10158373613875463,2018,9,26,16,35,2,2018,9,26,18,32,16
14.058,0.05044736842105263,2018,9,26,16,36,8,2018,9,26,21,14,48
5.991,0.04305425799496945,2018,9,26,16,46,46,2018,9,26,19,5,55
9.267,0.07491511721907841,2018,9,26,16,54,4,2018,9,26,18,57,46
1.009,0.02640209332751853,2018,9,26,17,22,43,2018,9,26,18,0,56
10.140795997603975,0.026271492221771955,2018,9,26,17,42,49,2018,9,27,0,8,49
1.854,0.03329542053277462,2018,9,26,18,45,2,2018,9,26,19,40,43
13.897,0.10459357752132463,2018,9,26,19,2,6,2018,9,26,21,14,58
6.455,0.10144054478784705,2018,9,26,19,9,7,2018,9,26,20,12,45
11.259,0.052249980663624414,2018,9,26,19,11,45,2018,9,26,22,47,14
8.649666666666667,0.11446404940449935,2018,9,26,19,21,51,2018,9,26,20,37,25
2.531,0.028080621301775147,2018,9,26,19,31,11,2018,9,26,21,1,19
9.696,0.038088254550216055,2018,9,26,19,31,15,2018,9,26,23,45,49
1.095,0.02581532416502947,2018,9,26,19,31,48,2018,9,26,20,14,13
22.5,0.07928584013625417,2018,9,26,19,33,32,2018,9,27,0,17,19
8.065049283151435,0.028748987463705206,2018,9,26,20,9,16,2018,9,27,0,49,48
4.514,0.03968933177022275,2018,9,26,20,11,59,2018,9,26,22,5,43
10.773,0.09866890551060906,2018,9,26,20,18,14,2018,9,26,22,7,25
4.335,0.025183965917893108,2018,9,26,20,25,19,2018,9,26,23,17,27
0.575,0.0209471766848816,2018,9,26,20,26,56,2018,9,26,20,54,23
14.241672640372888,0.06279397107748187,2018,9,26,21,46,25,2018,9,27,1,33,13
13.933,0.07680815876515987,2018,9,26,22,0,40,2018,9,27,1,2,4
13.877,0.10993134407182467,2018,9,26,22,52,2,2018,9,27,0,58,16
9.894,0.1099740644683216,2018,9,26,23,43,12,2018,9,27,1,13,10
13.809,0.043940390326686465,2018,9,26,23,45,2,2018,9,27,4,59,18
1.537,0.0194229149115417,2018,9,26,23,57,59,2018,9,27,1,17,7
10.998,0.10553014553014552,2018,9,26,23,59,32,2018,9,27,1,43,45
7.531986260454307,0.09005962049168162,2018,9,27,0,1,56,2018,9,27,1,25,34
1.007,0.05328042328042328,2018,9,27,0,5,29,2018,9,27,0,24,23
13.248,0.028176243309347416,2018,9,27,0,6,35,2018,9,27,7,56,46
1.294,0.036416510318949345,2018,9,27,0,29,11,2018,9,27,1,4,43
8.514,0.09733993902439024,2018,9,27,0,41,14,2018,9,27,2,8,42
0.831,0.03626181818181818,2018,9,27,0,42,23,2018,9,27,1,5,18
7.627,0.10895714285714285,2018,9,27,1,1,13,2018,9,27,2,11,13
56.041,0.11051271938473672,2018,9,27,1,9,43,2018,9,27,9,36,49
4.64,0.05835254663592538,2018,9,27,1,47,46,2018,9,27,3,7,17
4.909,0.09476833976833977,2018,9,27,1,48,19,2018,9,27,2,40,7
9.663,0.09651739637090062,2018,9,27,1,53,25,2018,9,27,3,33,32
11.074,0.05649039279034178,2018,9,27,1,57,28,2018,9,27,5,13,30
11.91,0.11063632141198328,2018,9,27,2,14,51,2018,9,27,4,2,30
8.789,0.11071593533487296,2018,9,27,2,25,31,2018,9,27,3,44,54
13.212,0.10451153592617006,2018,9,27,2,43,13,2018,9,27,4,49,38
13.215,0.021839966946701556,2018,9,27,3,13,4,2018,9,27,13,18,9
6.555,0.05298396874579011,2018,9,27,3,52,14,2018,9,27,5,55,57
11.021,0.10098656078191814,2018,9,27,3,52,44,2018,9,27,5,41,52
2.978,0.10725090036014406,2018,9,27,4,21,25,2018,9,27,4,49,11
1.167,0.10855813953488372,2018,9,27,4,49,57,2018,9,27,5,0,42
30.402099761047545,0.11525405861267786,2018,9,27,4,56,51,2018,9,27,9,20,38
0.993,0.10735135135135135,2018,9,27,5,48,47,2018,9,27,5,58,2
16.632365591395832,0.12443166277852244,2018,9,27,6,56,27,2018,9,27,9,10,7
2.104684886499298,0.06763850733259662,2018,9,27,8,28,31,2018,9,27,8,59,38
1.107,0.09869242199108469,2018,9,27,11,42,24,2018,9,27,11,53,37
11.856,0.05413286660071531,2018,9,27,11,50,7,2018,9,27,15,29,8
7.233,0.012382446929924674,2018,9,27,13,17,6,2018,9,27,23,1,14
11.322,0.04679479231246125,2018,9,27,13,52,14,2018,9,27,17,54,11
5.045,0.08078462770216173,2018,9,27,13,53,28,2018,9,27,14,55,55
14.074,0.036706802868941533,2018,9,27,13,55,15,2018,9,27,20,18,40
6.114,0.10840425531914893,2018,9,27,14,4,23,2018,9,27,15,0,47
18.34888142174413,0.04607184823002377,2018,9,27,14,5,0,2018,9,27,20,43,16
4.776,0.10970903522205207,2018,9,27,14,38,9,2018,9,27,15,21,41
4.743,0.11094736842105264,2018,9,27,14,38,27,2018,9,27,15,21,12
5.461,0.00917558106972837,2018,9,27,14,44,4,2018,9,28,0,39,14
6.065,0.09771750805585393,2018,9,27,14,52,41,2018,9,27,15,54,45
24.735,0.11132698222188883,2018,9,27,15,1,20,2018,9,27,18,43,31
6.34,0.05333707234997196,2018,9,27,15,2,45,2018,9,27,17,1,37
6.448738052568159,0.03995500652148797,2018,9,27,15,6,0,2018,9,27,17,47,24
5.829,0.050982507288629735,2018,9,27,15,7,42,2018,9,27,17,2,2
12.465,0.10623579545454545,2018,9,27,15,10,10,2018,9,27,17,7,30
1.761,0.08486746987951807,2018,9,27,15,12,29,2018,9,27,15,33,14
7.2791816009545345,0.03501289851348982,2018,9,27,15,20,38,2018,9,27,18,48,32
14.077,0.10569640845951696,2018,9,27,15,23,56,2018,9,27,17,37,7
14.806,0.09928028609745194,2018,9,27,15,27,44,2018,9,27,17,56,52
12.766,0.09857915057915058,2018,9,27,15,28,24,2018,9,27,17,37,54
4.791224611701482,0.009727058154635208,2018,9,27,15,33,42,2018,9,27,23,46,16
9.022677718040743,0.019444029275283548,2018,9,27,15,34,4,2018,9,27,23,18,6
7.677,0.01178206931832715,2018,9,27,15,35,50,2018,9,28,2,27,25
1.88,0.04267877412031782,2018,9,27,15,37,1,2018,9,27,16,21,4
10.339,0.09796904611497158,2018,9,27,15,40,44,2018,9,27,17,26,16
6.94,0.08018486424032352,2018,9,27,15,46,32,2018,9,27,17,13,5
6.700967777777778,0.06327637183926135,2018,9,27,15,48,5,2018,9,27,17,33,59
4.744,0.035903128153380426,2018,9,27,15,49,4,2018,9,27,18,1,12
4.697756869772707,0.028586755799833916,2018,9,27,15,51,35,2018,9,27,18,35,55
7.469,0.09912408759124089,2018,9,27,15,59,0,2018,9,27,17,14,21
5.718,0.05296079036739734,2018,9,27,15,59,9,2018,9,27,17,47,7
13.412413055555556,0.02906160064040061,2018,9,27,16,0,16,2018,9,27,23,41,47
11.54739666666667,0.023716968472940136,2018,9,27,16,2,14,2018,9,28,0,9,7
9.387,0.029261221945137156,2018,9,27,16,6,57,2018,9,27,21,27,45
4.687035543607725,0.0454023462409531,2018,9,27,16,8,9,2018,9,27,17,51,23
14.459,0.02784593163216177,2018,9,27,16,9,6,2018,9,28,0,48,21
8.596,0.027835285228560637,2018,9,27,16,13,48,2018,9,27,21,22,37
7.018,0.031984808203570074,2018,9,27,16,18,5,2018,9,27,19,57,30
14.211,0.028613711869525826,2018,9,27,16,18,45,2018,9,28,0,35,24
14.305,0.028419588755339224,2018,9,27,16,19,32,2018,9,28,0,42,53
13.503,0.02967257544682098,2018,9,27,16,19,44,2018,9,27,23,54,48
2.216,0.02759078647022204,2018,9,27,16,26,42,2018,9,27,17,47,1
1.14,0.02508250825082508,2018,9,27,16,26,47,2018,9,27,17,12,14
7.88,0.028642394135821165,2018,9,27,16,30,42,2018,9,27,21,5,49
7.542,0.02933488914819136,2018,9,27,16,31,8,2018,9,27,20,48,14
10.873,0.02786995898838004,2018,9,27,16,32,4,2018,9,27,23,2,12
11.741,0.030790681410900824,2018,9,27,16,47,56,2018,9,27,23,9,15
13.664,0.02898394965707417,2018,9,27,17,19,6,2018,9,28,1,10,32
13.872,0.03375182481751825,2018,9,27,18,8,3,2018,9,28,0,59,3
2.238932198327381,0.02532251308193079,2018,9,27,19,7,39,2018,9,27,20,36,4
2.251296296296367,0.010531559159346796,2018,9,27,19,18,12,2018,9,27,22,51,58
1.3559944444444445,0.06941951080773606,2018,9,27,19,41,43,2018,9,27,20,1,15
4.107,0.011367284804871298,2018,9,27,20,24,48,2018,9,28,2,26,6
13.874,0.03017289499438182,2018,9,27,20,32,24,2018,9,28,4,12,13
5.999425029864606,0.022455739350709693,2018,9,27,20,54,20,2018,9,28,1,21,30
2.173,0.024581447963800903,2018,9,27,21,10,2,2018,9,27,22,38,26
1.249,0.029125534395647107,2018,9,27,22,14,20,2018,9,27,22,57,13
4.443405017919009,-4.443405017919009,2018,9,27,22,58,45,2018,9,27,22,57,45
6.995,0.037926983553226094,2018,9,27,23,0,47,2018,9,28,2,5,13
0.507,0.0097157457681252,2018,9,27,23,0,55,2018,9,27,23,53,6
13.4665979689382,0.05782965059664271,2018,9,27,23,45,51,2018,9,28,3,38,43
13.199,0.05353839913466739,2018,9,28,0,13,34,2018,9,28,4,20,6
10.586,0.0949275145718129,2018,9,28,0,16,10,2018,9,28,2,7,41
10.483611111108305,0.09962253193957844,2018,9,28,0,26,26,2018,9,28,2,11,40
1.691,0.061305135951661635,2018,9,28,0,39,23,2018,9,28,1,6,58
11.105,0.05418394730422055,2018,9,28,0,48,31,2018,9,28,4,13,28
10.999,0.08645879732739421,2018,9,28,0,57,19,2018,9,28,3,4,32
13.701,0.08891941590048674,2018,9,28,0,57,57,2018,9,28,3,32,2
4.959,0.053980406386066764,2018,9,28,1,0,38,2018,9,28,2,32,30
4.613,0.10183222958057397,2018,9,28,1,9,41,2018,9,28,1,54,59
3.763,0.05552877520905066,2018,9,28,1,10,49,2018,9,28,2,18,35
6.807,0.11266758620689656,2018,9,28,1,48,21,2018,9,28,2,48,46
7.973,0.10869802317655079,2018,9,28,2,4,54,2018,9,28,3,18,15
6.158,0.1092812777284827,2018,9,28,2,5,7,2018,9,28,3,1,28
23.933,0.10803340355100813,2018,9,28,2,36,8,2018,9,28,6,17,40
8.116,0.10411802437459909,2018,9,28,2,45,17,2018,9,28,4,3,14
12.466,0.10428890128276631,2018,9,28,2,46,47,2018,9,28,4,46,19
13.352,0.11258010118043846,2018,9,28,2,51,24,2018,9,28,4,50,0
1.929,0.03292745376955903,2018,9,28,2,58,34,2018,9,28,3,57,9
8.017,0.11150208623087621,2018,9,28,3,14,57,2018,9,28,4,26,51
10.411,0.09935740416732941,2018,9,28,3,30,6,2018,9,28,5,14,53
6.605,0.052608522500995625,2018,9,28,3,40,56,2018,9,28,5,46,29
13.858,0.10744023775681615,2018,9,28,3,47,21,2018,9,28,5,56,20
1.781,0.09524064171122995,2018,9,28,3,57,56,2018,9,28,4,16,38
5.248,0.10929538354737939,2018,9,28,4,6,31,2018,9,28,4,54,32
14.862396953414516,0.06518118684342306,2018,9,28,4,41,24,2018,9,28,8,29,25
7.316,0.05834906287385351,2018,9,28,4,53,52,2018,9,28,6,59,15
37.622,0.10958928051267113,2018,9,28,8,55,58,2018,9,28,14,39,16
6.473118279568481,0.05455641196433612,2018,9,28,10,43,11,2018,9,28,12,41,50
12.267,0.049835466179159044,2018,9,28,11,45,46,2018,9,28,15,51,55
2.697,0.051666666666666666,2018,9,28,13,6,44,2018,9,28,13,58,56
11.779,0.04264148666586219,2018,9,28,13,51,51,2018,9,28,18,28,5
9.602,0.017963332501870793,2018,9,28,13,57,35,2018,9,28,22,52,7
13.558,0.07144563499033901,2018,9,28,13,58,46,2018,9,28,17,8,32
7.2,0.10412147505422993,2018,9,28,13,58,52,2018,9,28,15,8,1
5.431,0.008217582085035558,2018,9,28,13,59,53,2018,9,29,1,0,47
19.51244026284425,0.0516498176102111,2018,9,28,14,5,13,2018,9,28,20,23,0
5.579,0.09903550295857988,2018,9,28,14,20,57,2018,9,28,15,17,17
13.473,0.023199977040523477,2018,9,28,14,30,7,2018,9,29,0,10,51
8.305,0.07304309586631486,2018,9,28,14,52,45,2018,9,28,16,46,27
10.013,0.033434247871333964,2018,9,28,14,56,58,2018,9,28,19,56,27
3.897,0.05228533094812164,2018,9,28,14,59,55,2018,9,28,16,14,27
7.983,0.09918823773037895,2018,9,28,15,1,39,2018,9,28,16,22,8
19.889,0.039852391130109535,2018,9,28,15,4,28,2018,9,28,23,23,32
18.87093488650053,0.03643037622876551,2018,9,28,15,4,48,2018,9,28,23,42,48
13.917,0.036155877895648406,2018,9,28,15,6,13,2018,9,28,21,31,8
1.945,0.08512035010940919,2018,9,28,15,8,19,2018,9,28,15,31,10
15.761,0.08318613652357494,2018,9,28,15,11,24,2018,9,28,18,20,52
1.832,0.032704552216602206,2018,9,28,15,17,30,2018,9,28,16,13,31
13.039,0.09633542667159217,2018,9,28,15,20,24,2018,9,28,17,35,45
10.434,0.036877945334590004,2018,9,28,15,28,11,2018,9,28,20,11,7
4.729121863793056,0.009487655459510596,2018,9,28,15,30,37,2018,9,28,23,49,4
7.22368279569736,0.024046880145463915,2018,9,28,15,31,27,2018,9,28,20,31,51
4.645,0.05225951621976373,2018,9,28,15,34,52,2018,9,28,17,3,45
1.0043563321386166,0.03224257888085447,2018,9,28,15,35,23,2018,9,28,16,6,32
6.006,0.0474095513748191,2018,9,28,15,36,29,2018,9,28,17,43,10
13.907,0.09759298245614036,2018,9,28,15,43,21,2018,9,28,18,5,51
12.597,0.03651480747862215,2018,9,28,15,45,56,2018,9,28,21,30,55
5.37,0.04312675679293267,2018,9,28,15,46,15,2018,9,28,17,50,46
6.463,0.036531323598681116,2018,9,28,15,46,25,2018,9,28,18,43,20
10.025,0.05050801914518432,2018,9,28,15,50,19,2018,9,28,19,8,48
13.894,0.03220925739896453,2018,9,28,15,52,28,2018,9,28,23,3,50
3.836623357227592,0.03202523670473783,2018,9,28,15,56,59,2018,9,28,17,56,47
4.267,0.04955865272938444,2018,9,28,16,10,48,2018,9,28,17,36,54
10.330007467145924,0.031404562628129074,2018,9,28,16,11,19,2018,9,28,21,40,15
13.898,0.04439310051107325,2018,9,28,16,18,7,2018,9,28,21,31,11
8.571556152926204,0.025348384305563226,2018,9,28,16,18,30,2018,9,28,21,56,39
8.9,0.05335198321510641,2018,9,28,16,26,1,2018,9,28,19,12,50
8.832,0.05696227023540793,2018,9,28,16,37,45,2018,9,28,19,12,48
8.347,0.09642279553330767,2018,9,28,16,44,37,2018,9,28,18,11,11
8.34,0.014654717975751186,2018,9,28,16,44,43,2018,9,29,2,13,49
13.898,0.060831631164283625,2018,9,28,16,45,58,2018,9,28,20,34,26
13.799,0.07038510584034684,2018,9,28,16,53,44,2018,9,28,20,9,47
31.359,0.09034138378066933,2018,9,28,16,59,5,2018,9,28,22,46,12
13.216,0.035806014630181515,2018,9,28,17,18,49,2018,9,28,23,27,55
4.935,0.05466125161528521,2018,9,28,17,20,31,2018,9,28,18,50,48
1.197,0.10546255506607931,2018,9,28,18,49,54,2018,9,28,19,1,15
3.618,0.0380975780975781,2018,9,28,19,25,10,2018,9,28,21,0,8
1.461,0.09395498392282958,2018,9,28,19,39,13,2018,9,28,19,54,46
8.110034348863595,0.04355940031615931,2018,9,28,20,3,42,2018,9,28,23,9,53
13.224,0.06112788906009245,2018,9,28,20,7,2,2018,9,28,23,43,22
8.021,0.0498560033150316,2018,9,28,20,12,7,2018,9,28,22,53,0
11.806,0.05312434378281086,2018,9,28,20,31,23,2018,9,29,0,13,37
10.559,0.0730053007605439,2018,9,28,20,45,7,2018,9,28,23,9,45
2.928,0.039918200408997954,2018,9,28,20,49,10,2018,9,28,22,2,31
7.794,0.10949192226644813,2018,9,28,20,51,37,2018,9,28,22,2,48
13.895,0.10566539923954373,2018,9,28,21,12,3,2018,9,28,23,23,33
5.114,0.1123544489198096,2018,9,28,21,47,35,2018,9,28,22,33,6
3.5395489844690373,0.08118231615754673,2018,9,28,21,48,17,2018,9,28,22,31,53
1.143,0.031942244993013506,2018,9,28,21,56,3,2018,9,28,22,31,50
1.967,0.03281067556296914,2018,9,28,22,26,39,2018,9,28,23,26,36
8.724517622459263,0.10808818033193388,2018,9,28,22,34,46,2018,9,28,23,55,29
1.784,0.1079032258064516,2018,9,28,22,39,32,2018,9,28,22,56,4
12.829,0.10949359886201991,2018,9,28,23,0,49,2018,9,29,0,57,59
5.788,0.0912214342001576,2018,9,28,23,53,47,2018,9,29,0,57,14
19.30231929509589,0.0222368410910824,2018,9,29,0,3,54,2018,9,29,14,31,56
6.39,0.11145348837209301,2018,9,29,0,13,39,2018,9,29,1,10,59
13.883,0.1087157400156617,2018,9,29,0,19,53,2018,9,29,2,27,35
12.815,0.10627505183137526,2018,9,29,0,41,12,2018,9,29,2,41,47
13.891,0.10130788865929256,2018,9,29,1,47,22,2018,9,29,4,4,29
69.373,0.08735320041972719,2018,9,29,1,52,57,2018,9,29,15,7,7
13.599,0.11114834491213732,2018,9,29,2,2,33,2018,9,29,4,4,54
6.545,0.05366953669536695,2018,9,29,3,4,7,2018,9,29,5,6,4
45.136,0.10569666692685974,2018,9,29,3,23,49,2018,9,29,10,30,51
4.477,0.05606762680025048,2018,9,29,4,5,36,2018,9,29,5,25,27
13.879,0.10436646196265197,2018,9,29,4,39,7,2018,9,29,6,52,6
43.912,0.10595672806241453,2018,9,29,5,26,26,2018,9,29,12,20,52
5.554,0.058401682439537334,2018,9,29,5,41,41,2018,9,29,7,16,47
2.3437126642766777,0.06154168921514252,2018,9,29,7,23,23,2018,9,29,8,1,28
3.599,0.05150011924636298,2018,9,29,13,1,53,2018,9,29,14,11,46
13.681127777777778,0.057787234541828,2018,9,29,13,45,1,2018,9,29,17,41,46
7.423,0.059084637834969485,2018,9,29,14,52,39,2018,9,29,16,58,17
15.377749402624191,0.0237000067852727,2018,9,29,14,54,17,2018,9,30,1,43,8
13.872,0.03493033406076884,2018,9,29,16,20,39,2018,9,29,22,57,47
1.62,0.048770697441043655,2018,9,29,16,26,4,2018,9,29,16,59,17
11.254,0.10525954793452844,2018,9,29,16,54,20,2018,9,29,18,41,15
1.829,0.04214285714285714,2018,9,29,16,56,49,2018,9,29,17,40,13
31.183,0.11042138810198301,2018,9,29,17,3,8,2018,9,29,21,45,32
2.281,0.10041085840058696,2018,9,29,17,12,46,2018,9,29,17,35,29
10.16,0.1120382282668627,2018,9,29,17,16,2,2018,9,29,18,46,43
13.89,0.10830409356725147,2018,9,29,17,30,18,2018,9,29,19,38,33
1.637,0.11447552447552448,2018,9,29,17,40,32,2018,9,29,17,54,50
11.515,0.11254275940706956,2018,9,29,18,11,1,2018,9,29,19,53,20
13.915,0.010277716227195508,2018,9,29,18,11,53,2018,9,30,16,45,47
2.6850266666666665,0.09853308868501529,2018,9,29,18,12,24,2018,9,29,18,39,39
3.511,0.10983315954118875,2018,9,29,18,29,45,2018,9,29,19,1,43
9.581,0.11179696616102683,2018,9,29,18,36,27,2018,9,29,20,2,9
3.291,0.05020594965675057,2018,9,29,18,52,27,2018,9,29,19,58,0
6.719,0.052458035133376706,2018,9,29,19,14,25,2018,9,29,21,22,30
2.424,0.05635025184037195,2018,9,29,19,14,33,2018,9,29,19,57,34
13.217,0.05568569622919739,2018,9,29,19,15,31,2018,9,29,23,12,52
4.113,0.055518560179977514,2018,9,29,19,16,33,2018,9,29,20,30,38
11.529,0.11089131131773004,2018,9,29,19,32,3,2018,9,29,21,16,1
21.64561081241762,0.014785084968807927,2018,9,29,19,59,9,2018,9,30,20,23,10
7.558,0.05493397940642035,2018,9,29,20,15,36,2018,9,29,22,33,11
2.198848055555556,0.03162293464365613,2018,9,29,20,24,7,2018,9,29,21,33,39
13.89,0.08912415784408086,2018,9,29,20,32,11,2018,9,29,23,8,2
9.777,0.10432509336653031,2018,9,29,21,3,58,2018,9,29,22,37,41
13.907,0.010888236445488354,2018,9,29,21,13,56,2018,9,30,18,31,11
6.492,0.11084803642572566,2018,9,29,21,26,35,2018,9,29,22,25,9
7.433,0.11205527638190955,2018,9,29,21,38,42,2018,9,29,22,45,2
13.22,0.05778813929768323,2018,9,29,21,40,32,2018,9,30,1,29,18
6.81595878136259,0.11943853004724164,2018,9,29,22,3,35,2018,9,29,23,0,39
6.637,0.10949133901567225,2018,9,29,22,17,30,2018,9,29,23,18,7
3.852,0.10665436086755883,2018,9,29,22,19,51,2018,9,29,22,55,58
7.324,0.09499351491569391,2018,9,29,22,33,45,2018,9,29,23,50,51
1.814,0.03702040816326531,2018,9,29,22,33,47,2018,9,29,23,22,47
13.873,0.0432113377978508,2018,9,29,22,56,52,2018,9,30,4,17,55
9.805,0.11449980537173997,2018,9,29,23,7,7,2018,9,30,0,32,45
13.663,0.03672849462365591,2018,9,29,23,17,16,2018,9,30,5,29,16
3.693,0.10963879267689264,2018,9,29,23,26,26,2018,9,30,0,0,7
3.803,0.05856776180698151,2018,9,29,23,29,21,2018,9,30,0,34,17
0.699,0.021171125694093892,2018,9,30,0,4,47,2018,9,30,0,37,48
1.939,0.1093421052631579,2018,9,30,0,38,3,2018,9,30,0,55,47
13.869,0.10741448302568736,2018,9,30,0,46,22,2018,9,30,2,55,29
3.634949223416108,0.06514245920100552,2018,9,30,1,42,21,2018,9,30,2,38,9
0.932,0.10900584795321637,2018,9,30,1,57,9,2018,9,30,2,5,42
8.503,0.11267226148409894,2018,9,30,3,53,18,2018,9,30,5,8,46
3.477,0.10939695857367591,2018,9,30,4,12,19,2018,9,30,4,44,6
46.521,0.11311638839358082,2018,9,30,4,33,30,2018,9,30,11,24,46
7.216735364398363,0.09577618267283827,2018,9,30,5,32,52,2018,9,30,6,48,13
24.822,0.11339424394700776,2018,9,30,6,49,44,2018,9,30,10,28,38
6.424257765830912,0.057333848869530676,2018,9,30,8,40,55,2018,9,30,10,32,58
4.624,0.05518997413964591,2018,9,30,13,12,38,2018,9,30,14,36,25
2.348,0.03304714989444053,2018,9,30,13,55,58,2018,9,30,15,7,1
5.194,0.10285148514851485,2018,9,30,14,8,57,2018,9,30,14,59,27
13.883,0.08303229665071771,2018,9,30,14,57,10,2018,9,30,17,44,22
13.324,0.11013087202093952,2018,9,30,15,43,26,2018,9,30,17,44,25
5.103,0.056553380125600294,2018,9,30,16,0,8,2018,9,30,17,30,22
7.854,0.11220000000000001,2018,9,30,16,23,42,2018,9,30,17,33,42
13.879,0.09646009498436234,2018,9,30,16,27,4,2018,9,30,18,50,57
8.932,0.10785268665727511,2018,9,30,16,39,29,2018,9,30,18,2,18
15.626,0.08235769501054112,2018,9,30,16,39,58,2018,9,30,19,49,42
3.839,0.05376750700280111,2018,9,30,16,47,32,2018,9,30,17,58,56
10.542,0.1074435196195006,2018,9,30,17,20,53,2018,9,30,18,59,0
5.584,0.10683673469387754,2018,9,30,17,39,58,2018,9,30,18,32,14
2.067,0.11243880326382594,2018,9,30,17,43,27,2018,9,30,18,1,50
7.036,0.11363660834454913,2018,9,30,17,43,59,2018,9,30,18,45,54
14.342989844684718,0.10900308938329108,2018,9,30,17,44,49,2018,9,30,19,56,24
2.919,0.11056818181818183,2018,9,30,17,46,34,2018,9,30,18,12,58
13.874,0.0884539368823717,2018,9,30,18,8,30,2018,9,30,20,45,21
13.888,0.08016161616161616,2018,9,30,18,13,36,2018,9,30,21,6,51
3.859,0.058647416413373864,2018,9,30,18,54,41,2018,9,30,20,0,29
5.832,0.10780036968576709,2018,9,30,19,3,10,2018,9,30,19,57,16
10.502,0.07256103178258869,2018,9,30,19,19,13,2018,9,30,21,43,57
13.067,0.05585779424337418,2018,9,30,19,53,59,2018,9,30,23,47,55
13.897,0.10378640776699029,2018,9,30,19,54,1,2018,9,30,22,7,55
2.879,0.03285904508274682,2018,9,30,20,21,34,2018,9,30,21,49,11
6.419,0.05303497659047094,2018,9,30,20,27,17,2018,9,30,22,28,19
7.2,0.11085450346420322,2018,9,30,20,44,26,2018,9,30,21,49,23
0.995,0.10834845735027222,2018,9,30,21,5,56,2018,9,30,21,15,7
1.406,0.10664981036662452,2018,9,30,21,36,57,2018,9,30,21,50,8
6.19,0.051030502885408086,2018,9,30,21,37,34,2018,9,30,23,38,52
6.026,0.114853875476493,2018,9,30,21,37,43,2018,9,30,22,30,11
1.116,0.10887804878048782,2018,9,30,21,55,20,2018,9,30,22,5,35
4.861,0.10598110465116278,2018,9,30,22,36,15,2018,9,30,23,22,7
9.668,0.11432400472999606,2018,9,30,23,17,29,2018,10,1,0,42,3
3.652,0.0984366576819407,2018,9,30,23,37,19,2018,10,1,0,14,25
9.568,0.10928612221587664,2018,9,30,23,39,10,2018,10,1,1,6,43
22.491,0.10393253234750462,2018,9,30,23,40,30,2018,10,1,3,16,54
27.143,0.09533895328415877,2018,10,1,0,15,1,2018,10,1,4,59,43
13.891,0.09983948251078104,2018,10,1,0,23,39,2018,10,1,2,42,47
5.491597968935454,0.0610064577182239,2018,10,1,0,28,50,2018,10,1,1,58,51
13.877,0.054013623094388584,2018,10,1,0,29,8,2018,10,1,4,46,3
13.5262325,0.0689527570093458,2018,10,1,0,30,41,2018,10,1,3,46,51
0.999,0.09762214983713356,2018,10,1,0,34,36,2018,10,1,0,44,50
9.108,0.10474985623921794,2018,10,1,0,43,55,2018,10,1,2,10,52
8.19597222222319,0.062035868971034615,2018,10,1,0,47,10,2018,10,1,2,59,17
3.928,0.08810467289719626,2018,10,1,0,52,2,2018,10,1,1,36,37
7.4257437275968465,0.0555126618061065,2018,10,1,0,56,11,2018,10,1,3,9,57
13.157,0.05750018209629252,2018,10,1,1,10,36,2018,10,1,4,59,25
8.358,0.10897001303780965,2018,10,1,1,45,26,2018,10,1,3,2,8
14.463,0.10881253918495298,2018,10,1,2,14,14,2018,10,1,4,27,9
13.237,0.01715303874562654,2018,10,1,3,46,16,2018,10,1,16,37,58
4.21,0.10902028485110056,2018,10,1,3,57,43,2018,10,1,4,36,20
6.413,0.11448378458792027,2018,10,1,4,16,21,2018,10,1,5,12,22
6.548755973714021,0.05752091325177006,2018,10,1,8,56,58,2018,10,1,10,50,49
49.238,0.09878883129911385,2018,10,1,9,19,49,2018,10,1,17,38,14
12.239,0.0431964705882353,2018,10,1,11,50,23,2018,10,1,16,33,43
19.421,0.09548180924287118,2018,10,1,12,57,29,2018,10,1,16,20,53
4.302,0.05691730981256891,2018,10,1,13,9,18,2018,10,1,14,24,53
8.545,0.04527152317880795,2018,10,1,13,47,25,2018,10,1,16,56,10
54.615,0.08880006503712537,2018,10,1,13,49,5,2018,10,2,0,4,7
14.436,0.05005837138068543,2018,10,1,13,49,42,2018,10,1,18,38,5
20.723312425328384,0.04435324054789552,2018,10,1,14,4,32,2018,10,1,21,51,46
11.909,0.07280081507896077,2018,10,1,14,5,16,2018,10,1,16,48,51
10.032,0.0451011539037914,2018,10,1,14,10,21,2018,10,1,17,52,47
13.52,0.06929187665499273,2018,10,1,14,25,9,2018,10,1,17,40,16
9.473,0.01620054725800935,2018,10,1,14,30,10,2018,10,2,0,14,54
6.95,0.06382978723404255,2018,10,1,14,39,25,2018,10,1,16,28,18
5.507,0.049264947070225135,2018,10,1,14,39,27,2018,10,1,16,31,14
13.886,0.0458132629495216,2018,10,1,14,46,33,2018,10,1,19,49,39
15.092989844682718,0.027302803626415916,2018,10,1,14,47,27,2018,10,2,0,0,15
5.424,0.052942898975109814,2018,10,1,14,59,16,2018,10,1,16,41,43
2.331,0.040858895705521474,2018,10,1,15,7,25,2018,10,1,16,4,28
13.501,0.041528760381421094,2018,10,1,15,9,57,2018,10,1,20,35,3
13.951,0.016210469237174896,2018,10,1,15,10,54,2018,10,2,5,31,31
4.847586618869641,0.00955064021580674,2018,10,1,15,10,54,2018,10,1,23,38,28
7.97,0.08026183282980866,2018,10,1,15,12,7,2018,10,1,16,51,25
2.776,0.046865503657850305,2018,10,1,15,14,52,2018,10,1,16,14,6
13.948,0.06763213188944561,2018,10,1,15,18,35,2018,10,1,18,44,49
3.781324671445791,0.04984171359550692,2018,10,1,15,19,32,2018,10,1,16,35,24
1.527,0.0312589559877175,2018,10,1,15,24,40,2018,10,1,16,13,31
19.988,0.03414125886070544,2018,10,1,15,25,55,2018,10,2,1,11,22
13.635,0.04491846483281173,2018,10,1,15,29,27,2018,10,1,20,33,0
5.518,0.03200077324569882,2018,10,1,15,31,30,2018,10,1,18,23,56
8.479256272400251,0.02893944120273123,2018,10,1,15,32,30,2018,10,1,20,25,30
13.897198327360869,0.027934066989670086,2018,10,1,15,33,2,2018,10,1,23,50,32
6.447,0.04945914844649022,2018,10,1,15,33,49,2018,10,1,17,44,10
14.230068697731896,0.025610538180572132,2018,10,1,15,36,47,2018,10,2,0,52,25
8.434,0.039518937914877,2018,10,1,15,38,5,2018,10,1,19,11,30
19.991,0.04559990875912409,2018,10,1,15,44,45,2018,10,1,23,3,9
9.569,0.03932735118843757,2018,10,1,15,46,17,2018,10,1,19,49,36
4.906,0.03479432624113475,2018,10,1,15,48,12,2018,10,1,18,9,12
13.902,0.06784773060029282,2018,10,1,15,51,57,2018,10,1,19,16,51
13.873,0.032973379813024874,2018,10,1,15,54,46,2018,10,1,22,55,30
13.925,0.06514111960081086,2018,10,1,15,55,38,2018,10,1,19,29,24
8.202,0.02173386918694519,2018,10,1,15,58,19,2018,10,1,22,15,42
13.878,0.034010537924273984,2018,10,1,15,58,26,2018,10,1,22,46,29
5.569,0.03312252180808882,2018,10,1,15,59,8,2018,10,1,18,47,16
11.213,0.03494961038961039,2018,10,1,16,0,12,2018,10,1,21,21,2
7.103,0.03376753030663181,2018,10,1,16,9,8,2018,10,1,19,39,29
8.169,0.03726166945415844,2018,10,1,16,11,37,2018,10,1,19,50,51
6.491,0.03407945397269863,2018,10,1,16,11,53,2018,10,1,19,22,21
11.133,0.07149523707588569,2018,10,1,16,13,19,2018,10,1,18,49,2
4.911,0.035505482588263644,2018,10,1,16,32,34,2018,10,1,18,50,53
3.217,0.07172798216276477,2018,10,1,16,55,34,2018,10,1,17,40,25
8.09,0.03409426143148135,2018,10,1,17,1,17,2018,10,1,20,58,34
13.893,0.10435403104656986,2018,10,1,18,44,56,2018,10,1,20,58,4
13.825,0.10101071602532878,2018,10,1,18,57,48,2018,10,1,21,14,40
7.058,0.10968142968142969,2018,10,1,18,58,42,2018,10,1,20,3,3
2.997,0.05257894736842105,2018,10,1,19,17,6,2018,10,1,20,14,6
8.842,0.0960391020999276,2018,10,1,19,31,33,2018,10,1,21,3,37
11.224,0.05622776989229356,2018,10,1,19,59,5,2018,10,1,23,18,42
13.189,0.04985761088709677,2018,10,1,20,23,20,2018,10,2,0,47,52
6.682,0.06422941364947132,2018,10,1,20,30,12,2018,10,1,22,14,14
5.045,0.05413090128755364,2018,10,1,20,35,38,2018,10,1,22,8,50
2.539,0.018879662907423475,2018,10,1,20,47,44,2018,10,1,23,2,13
1.572,0.03439824945295405,2018,10,1,20,50,50,2018,10,1,21,36,32
11.455,0.05120697362539115,2018,10,1,20,56,19,2018,10,2,0,40,1
6.163,0.051609211444521984,2018,10,1,20,57,51,2018,10,1,22,57,16
11.26956839904297,0.054289370047577536,2018,10,1,21,5,39,2018,10,2,0,33,14
12.913,0.10392756539235412,2018,10,1,22,19,6,2018,10,2,0,23,21
4.178,0.04814288457845208,2018,10,1,22,30,29,2018,10,1,23,57,16
2.81,0.10388170055452865,2018,10,1,22,30,46,2018,10,1,22,57,49
0.942,0.1064406779661017,2018,10,1,22,46,14,2018,10,1,22,55,5
6.245,0.09529501525940998,2018,10,1,22,54,36,2018,10,2,0,0,8
1.878,0.03700492610837438,2018,10,1,23,37,46,2018,10,2,0,28,31
14.040498805267209,0.060641371171611905,2018,10,1,23,41,37,2018,10,2,3,33,9
13.882,0.09521262002743483,2018,10,2,0,10,30,2018,10,2,2,36,18
14.306414277180137,0.10320847139964028,2018,10,2,0,18,58,2018,10,2,2,37,35
13.021,0.05731914893617022,2018,10,2,0,22,36,2018,10,2,4,9,46
3.597,0.05139795189330793,2018,10,2,0,28,54,2018,10,2,1,38,53
13.633,0.10227306826706675,2018,10,2,0,56,40,2018,10,2,3,9,58
13.626,0.10867473082546855,2018,10,2,1,31,12,2018,10,2,3,36,35
14.289751666666668,0.08410683735530705,2018,10,2,1,37,57,2018,10,2,4,27,51
11.902,0.10924277191372188,2018,10,2,1,46,9,2018,10,2,3,35,6
12.926,0.11149511213341,2018,10,2,1,49,17,2018,10,2,3,45,13
6.817,0.11138888888888888,2018,10,2,2,23,33,2018,10,2,3,24,45
4.168,0.057226544622425636,2018,10,2,2,36,22,2018,10,2,3,49,12
51.887,0.11265089014329135,2018,10,2,2,53,49,2018,10,2,10,34,25
13.113,0.1039339498018494,2018,10,2,3,4,44,2018,10,2,5,10,54
6.641,0.054087145378037195,2018,10,2,3,14,25,2018,10,2,5,17,12
12.091,0.1088135593220339,2018,10,2,3,29,58,2018,10,2,5,21,5
2.695,0.04852941176470588,2018,10,2,3,51,17,2018,10,2,4,46,49
4.906,0.10938684503901894,2018,10,2,4,28,10,2018,10,2,5,13,1
2.256,0.08502512562814069,2018,10,2,4,35,46,2018,10,2,5,2,18
4.157,0.05330626202179953,2018,10,2,4,49,21,2018,10,2,6,7,20
7.158863500597958,0.05972355534425438,2018,10,2,7,49,4,2018,10,2,9,48,56
1.95,0.0994052676295667,2018,10,2,11,19,31,2018,10,2,11,39,8
1.522,0.10756183745583038,2018,10,2,11,40,24,2018,10,2,11,54,33
12.132,0.0503054595715273,2018,10,2,11,49,12,2018,10,2,15,50,22
37.892,0.08467801407873664,2018,10,2,13,1,29,2018,10,2,20,28,58
6.838,0.08327176781002639,2018,10,2,13,49,2,2018,10,2,15,11,9
12.599,0.07881764153894276,2018,10,2,14,0,36,2018,10,2,16,40,27
20.277909199522952,0.04395818165949047,2018,10,2,14,11,38,2018,10,2,21,52,56
9.411,0.10070626003210272,2018,10,2,14,18,56,2018,10,2,15,52,23
13.897,0.059190743238446794,2018,10,2,14,23,9,2018,10,2,18,17,56
3.701,0.08527649769585254,2018,10,2,14,26,5,2018,10,2,15,9,29
2.669,0.03272170004086637,2018,10,2,14,26,13,2018,10,2,15,47,47
4.367,0.007653123813418232,2018,10,2,14,32,5,2018,10,3,0,2,42
4.016,0.1091304347826087,2018,10,2,14,32,55,2018,10,2,15,9,43
15.591,0.06357618594535816,2018,10,2,14,32,58,2018,10,2,18,38,12
8.096,0.101390106449593,2018,10,2,14,40,41,2018,10,2,16,0,32
5.463,0.05304741867616119,2018,10,2,14,43,25,2018,10,2,16,26,24
13.91,0.04659966499162479,2018,10,2,14,46,26,2018,10,2,19,44,56
3.302,0.042799740764744,2018,10,2,15,5,3,2018,10,2,16,22,12
13.243,0.04180019990530801,2018,10,2,15,10,58,2018,10,2,20,27,47
15.08553763440946,0.02008860461336901,2018,10,2,15,15,32,2018,10,3,3,46,29
6.61,0.044204190815871604,2018,10,2,15,22,59,2018,10,2,17,52,31
4.765464456385378,0.00957240935330173,2018,10,2,15,23,24,2018,10,2,23,41,14
36.2889396654708,0.06755200980169546,2018,10,2,15,26,23,2018,10,3,0,23,35
13.211,0.029756738493880924,2018,10,2,15,28,0,2018,10,2,22,51,58
12.643,0.021268995682162287,2018,10,2,15,31,28,2018,10,3,1,25,54
14.094,0.08179127575200697,2018,10,2,15,32,3,2018,10,2,18,24,22
14.43265681003488,0.031275621518422884,2018,10,2,15,33,17,2018,10,2,23,14,45
6.441,0.0366035233945823,2018,10,2,15,38,7,2018,10,2,18,34,5
11.250925925924747,0.033844157001678775,2018,10,2,15,41,32,2018,10,2,21,13,58
5.025,0.04629203132197145,2018,10,2,15,43,4,2018,10,2,17,31,37
3.391,0.041303288672350794,2018,10,2,15,46,0,2018,10,2,17,8,6
4.074,0.05006964358869316,2018,10,2,15,49,14,2018,10,2,17,10,36
13.878,0.04812344680113275,2018,10,2,15,51,6,2018,10,2,20,39,29
9.799,0.03372375817368361,2018,10,2,15,53,37,2018,10,2,20,44,11
1.775,0.04008280015054573,2018,10,2,15,54,41,2018,10,2,16,38,58
5.41,0.05257531584062196,2018,10,2,15,59,10,2018,10,2,17,42,4
16.947,0.0944648829431438,2018,10,2,16,4,30,2018,10,2,19,3,54
39.062,0.08444620595229516,2018,10,2,16,7,10,2018,10,2,23,49,44
5.655165770608763,0.036833472235836495,2018,10,2,16,8,4,2018,10,2,18,41,36
11.488,0.046105685618729096,2018,10,2,16,17,50,2018,10,2,20,27,0
1.774,0.03219600725952813,2018,10,2,16,20,29,2018,10,2,17,15,35
2.498,0.031991462113127006,2018,10,2,16,21,16,2018,10,2,17,39,21
13.914,0.038980249334640706,2018,10,2,16,21,17,2018,10,2,22,18,14
1.838,0.029637194302606827,2018,10,2,16,21,53,2018,10,2,17,23,54
2.616,0.0315370705244123,2018,10,2,16,22,19,2018,10,2,17,45,16
13.884,0.08927660486550208,2018,10,2,16,22,30,2018,10,2,18,58,1
13.927,0.03455259675818723,2018,10,2,16,23,45,2018,10,2,23,6,49
3.658,0.04630379746835443,2018,10,2,16,27,28,2018,10,2,17,46,28
10.685,0.054978132235657326,2018,10,2,16,45,3,2018,10,2,19,59,24
5.742,0.041393728222996515,2018,10,2,17,39,18,2018,10,2,19,58,1
7.915,0.058120181128380854,2018,10,2,17,49,9,2018,10,2,20,5,20
4.839,0.0584773413897281,2018,10,2,17,53,55,2018,10,2,19,16,40
1.348,0.037583643122676584,2018,10,2,18,59,59,2018,10,2,19,35,51
24.872,0.08761860028182245,2018,10,2,19,26,47,2018,10,3,0,10,39
2.246,0.034081942336874047,2018,10,2,19,30,57,2018,10,2,20,36,51
13.886,0.08395405078597339,2018,10,2,19,44,25,2018,10,2,22,29,49
10.392,0.06083715484437506,2018,10,2,20,0,48,2018,10,2,22,51,37
0.771,0.04635270541082165,2018,10,2,20,22,15,2018,10,2,20,38,53
6.736,0.05319994734763723,2018,10,2,20,30,14,2018,10,2,22,36,51
6.66,0.027113583932691004,2018,10,2,20,39,46,2018,10,3,0,45,24
11.748,0.10269230769230768,2018,10,2,20,52,55,2018,10,2,22,47,19
10.472,0.053905284831846256,2018,10,2,21,7,2,2018,10,3,0,21,18
4.71,0.10628055660022565,2018,10,2,22,22,1,2018,10,2,23,6,20
7.116,0.06453446191051995,2018,10,2,22,28,9,2018,10,3,0,18,25
11.165,0.11333107765183556,2018,10,2,22,34,28,2018,10,3,0,12,59
6.226,0.10725236864771749,2018,10,2,22,41,30,2018,10,2,23,39,33
14.023,0.10911425236674879,2018,10,2,22,49,26,2018,10,3,0,57,57
14.0458900836316,0.09812008441237582,2018,10,2,22,58,5,2018,10,3,1,21,14
5.086,0.07073713490959666,2018,10,2,23,4,24,2018,10,3,0,16,18
13.203,0.05458416592020947,2018,10,2,23,30,25,2018,10,3,3,32,18
1.523,0.03821831869510665,2018,10,2,23,46,25,2018,10,3,0,26,16
7.325,0.10059510185397116,2018,10,2,23,57,22,2018,10,3,1,10,11
13.873,0.10739001419171719,2018,10,3,0,2,40,2018,10,3,2,11,51
13.891,0.08153590295441204,2018,10,3,0,32,31,2018,10,3,3,22,53
13.893,0.05768320531451111,2018,10,3,0,53,42,2018,10,3,4,54,33
13.906,0.07416533333333333,2018,10,3,0,59,15,2018,10,3,4,6,45
14.097822580646632,0.09304469858528192,2018,10,3,1,1,36,2018,10,3,3,33,7
3.495,0.05584553928095872,2018,10,3,1,7,19,2018,10,3,2,9,54
13.881,0.036654343807763404,2018,10,3,1,15,10,2018,10,3,7,33,52
13.0,0.10798837048317873,2018,10,3,1,40,14,2018,10,3,3,40,37
9.848,0.05718378012193942,2018,10,3,1,42,31,2018,10,3,4,34,44
10.627,0.10148336781792137,2018,10,3,1,45,55,2018,10,3,3,30,38
11.052,0.10810564069122922,2018,10,3,1,46,39,2018,10,3,3,28,53
3.216,0.038323733862959286,2018,10,3,1,58,1,2018,10,3,3,21,56
12.247,0.10274328859060403,2018,10,3,2,0,23,2018,10,3,3,59,35
13.885,0.07405333333333333,2018,10,3,2,11,57,2018,10,3,5,19,27
1.437,0.10301075268817206,2018,10,3,2,14,1,2018,10,3,2,27,58
2.216,0.054335921536575404,2018,10,3,2,17,32,2018,10,3,2,58,19
2.472,0.03168553727835933,2018,10,3,2,27,5,2018,10,3,3,45,6
5.928,0.10732649366324683,2018,10,3,2,27,6,2018,10,3,3,22,20
1.413,0.10288834951456312,2018,10,3,2,30,34,2018,10,3,2,44,18
6.47,0.08420824295010847,2018,10,3,2,32,11,2018,10,3,3,49,1
30.316,0.10948356807511737,2018,10,3,2,56,50,2018,10,3,7,33,44
7.746,0.11084187932268065,2018,10,3,3,16,2,2018,10,3,4,25,55
4.362,0.10819346837536171,2018,10,3,3,22,7,2018,10,3,4,2,26
6.441,0.05245114006514658,2018,10,3,3,22,17,2018,10,3,5,25,5
11.67,0.10067577282530553,2018,10,3,3,22,31,2018,10,3,5,18,26
17.731,0.09071885392683553,2018,10,3,4,17,5,2018,10,3,7,32,32
14.961608422949556,0.03393424455193821,2018,10,3,4,18,34,2018,10,3,11,39,28
0.789,0.11138823529411766,2018,10,3,5,17,32,2018,10,3,5,24,37
4.669,0.06901699926090168,2018,10,3,5,18,32,2018,10,3,6,26,11
11.162,0.11562845303867404,2018,10,3,5,26,16,2018,10,3,7,2,48
1.94,0.11501976284584979,2018,10,3,6,25,16,2018,10,3,6,42,8
5.926,0.051740395809080325,2018,10,3,6,39,50,2018,10,3,8,34,22
5.232718040620085,0.06026162810694916,2018,10,3,9,40,40,2018,10,3,11,7,30
12.008,0.05123959889054832,2018,10,3,11,48,36,2018,10,3,15,42,57
3.838,0.05140178571428571,2018,10,3,13,5,54,2018,10,3,14,20,34
9.1,0.054043353459368504,2018,10,3,13,51,36,2018,10,3,16,39,59
6.713,0.08398248540450375,2018,10,3,13,58,1,2018,10,3,15,17,57
19.43436529271254,0.05633421506173014,2018,10,3,14,6,44,2018,10,3,19,51,43
12.869,0.07424423076923077,2018,10,3,14,12,22,2018,10,3,17,5,42
5.516,0.0997167821633022,2018,10,3,14,17,59,2018,10,3,15,13,18
6.302,0.01090909090909091,2018,10,3,14,33,28,2018,10,4,0,11,9
9.697,0.10391498481871762,2018,10,3,14,49,40,2018,10,3,16,22,59
16.104,0.07881882698425646,2018,10,3,14,49,55,2018,10,3,18,14,14
8.897,0.014632020393059783,2018,10,3,15,4,51,2018,10,4,1,12,54
8.315,0.04444939415538132,2018,10,3,15,8,31,2018,10,3,18,15,35
4.346687574662896,0.00804569657503544,2018,10,3,15,12,32,2018,10,4,0,12,47
13.882,0.05453545472402278,2018,10,3,15,13,7,2018,10,3,19,27,40
6.632,0.055731092436974786,2018,10,3,15,14,38,2018,10,3,17,13,38
2.391,0.044803247970018736,2018,10,3,15,16,12,2018,10,3,16,9,34
1.642,0.030615288999378494,2018,10,3,15,22,23,2018,10,3,16,16,1
8.419,0.04571816453977735,2018,10,3,15,23,11,2018,10,3,18,27,20
1.533,0.10885207100591715,2018,10,3,15,23,28,2018,10,3,15,37,33
4.214,0.05259829415435824,2018,10,3,15,25,37,2018,10,3,16,45,44
4.543715651134049,0.04689077039354023,2018,10,3,15,25,53,2018,10,3,17,2,47
14.335,0.06781518568162108,2018,10,3,15,26,57,2018,10,3,18,58,20
4.898143667860633,0.020317222265581608,2018,10,3,15,27,51,2018,10,3,19,28,56
13.877,0.08417955717318776,2018,10,3,15,29,21,2018,10,3,18,14,12
4.792719534049613,0.05799983300584445,2018,10,3,15,36,5,2018,10,3,16,58,43
4.659678912785232,0.02504530455676018,2018,10,3,15,37,24,2018,10,3,18,43,27
4.88,0.04747851467488244,2018,10,3,15,37,38,2018,10,3,17,20,25
6.343530465949307,0.04089961615699102,2018,10,3,15,38,30,2018,10,3,18,13,36
14.583033055555555,0.10425139799038882,2018,10,3,15,39,24,2018,10,3,17,59,17
13.208,0.03852600875060768,2018,10,3,15,48,39,2018,10,3,21,31,29
5.463,0.04073825503355705,2018,10,3,15,55,56,2018,10,3,18,10,2
9.15,0.09708222811671088,2018,10,3,15,56,5,2018,10,3,17,30,20
5.365,0.05270137524557957,2018,10,3,15,58,53,2018,10,3,17,40,41
5.437,0.03154017209707049,2018,10,3,16,1,40,2018,10,3,18,54,3
12.672456690560562,0.03529276835469893,2018,10,3,16,4,4,2018,10,3,22,3,8
3.744,0.04810278372591007,2018,10,3,16,4,17,2018,10,3,17,22,7
10.421,0.04535141800246609,2018,10,3,16,7,51,2018,10,3,19,57,38
2.134,0.04898240244835501,2018,10,3,16,10,38,2018,10,3,16,54,12
13.907,0.049496974730098474,2018,10,3,16,12,40,2018,10,3,20,53,38
8.3,0.05149948293691831,2018,10,3,16,16,10,2018,10,3,18,57,20
5.305,0.05331658291457286,2018,10,3,16,22,50,2018,10,3,18,2,20
4.993,0.03723340790454885,2018,10,3,16,23,54,2018,10,3,18,38,0
5.551,0.043435054773082946,2018,10,3,16,25,31,2018,10,3,18,33,19
13.88,0.057805233567016036,2018,10,3,16,32,19,2018,10,3,20,32,26
13.219,0.03498632554036171,2018,10,3,16,39,29,2018,10,3,22,57,19
13.177,0.04389163382001888,2018,10,3,16,56,31,2018,10,3,21,56,44
2.679,0.032173738991192954,2018,10,3,17,16,35,2018,10,3,18,39,51
7.518,0.0706689644367852,2018,10,3,17,22,58,2018,10,3,19,9,21
6.032,0.07198090692124105,2018,10,3,17,27,15,2018,10,3,18,51,3
11.887603046596237,0.04643292642378584,2018,10,3,19,35,4,2018,10,3,23,51,5
13.208,0.08170739251469224,2018,10,3,19,35,23,2018,10,3,22,17,2
7.336421744323954,0.05578320930926843,2018,10,3,19,50,15,2018,10,3,22,1,46
6.694,0.05418780356179169,2018,10,3,20,18,32,2018,10,3,22,22,4
11.848,0.10452580502867227,2018,10,3,20,21,20,2018,10,3,22,14,41
11.761,0.10799816345270889,2018,10,3,20,22,48,2018,10,3,22,11,42
13.874,0.1077313316940598,2018,10,3,21,17,37,2018,10,3,23,26,24
3.571,0.10920489296636085,2018,10,3,22,3,59,2018,10,3,22,36,41
5.444024790917713,0.0711482220551215,2018,10,3,22,7,10,2018,10,3,23,23,41
14.083632019116337,0.060177889271256245,2018,10,3,23,13,40,2018,10,4,3,7,42
13.958746388888889,0.05783212148414123,2018,10,3,23,34,2,2018,10,4,3,35,24
11.996,0.0566740157480315,2018,10,3,23,36,25,2018,10,4,3,8,5
9.293,0.11124900239425378,2018,10,3,23,39,53,2018,10,4,1,3,25
8.187,0.11222755311857435,2018,10,4,0,6,51,2018,10,4,1,19,48
5.798,0.11276499189627229,2018,10,4,0,7,33,2018,10,4,0,58,58
1.845905017920892,0.050921517735748746,2018,10,4,0,9,56,2018,10,4,0,46,11
9.415,0.1096254608965651,2018,10,4,0,34,23,2018,10,4,2,0,16
6.704,0.055450785773366415,2018,10,4,0,36,43,2018,10,4,2,37,37
2.604,0.05438217890706579,2018,10,4,0,56,28,2018,10,4,1,44,21
8.147,0.05377557755775578,2018,10,4,1,2,17,2018,10,4,3,33,47
5.153,0.05483859524654132,2018,10,4,1,16,8,2018,10,4,2,50,6
11.024,0.10802547770700636,2018,10,4,1,17,32,2018,10,4,2,59,35
4.245,0.05342983008181246,2018,10,4,1,17,54,2018,10,4,2,37,21
11.975,0.10394965277777778,2018,10,4,1,38,39,2018,10,4,3,33,51
12.91,0.11073624017155112,2018,10,4,1,41,27,2018,10,4,3,38,2
10.621,0.11406121353141221,2018,10,4,1,48,0,2018,10,4,3,21,7
7.289,0.10026134800550206,2018,10,4,1,48,45,2018,10,4,3,1,27
2.61,0.03273411371237458,2018,10,4,1,55,30,2018,10,4,3,15,14
4.164,0.09937947494033413,2018,10,4,1,57,28,2018,10,4,2,39,22
30.708,0.11167222255894295,2018,10,4,1,59,56,2018,10,4,6,34,55
0.889,0.05437308868501529,2018,10,4,2,6,24,2018,10,4,2,22,45
3.284,0.11088351153629712,2018,10,4,2,21,7,2018,10,4,2,50,44
9.761,0.0655320577374958,2018,10,4,2,36,32,2018,10,4,5,5,29
1.906,0.03316705336426914,2018,10,4,2,40,44,2018,10,4,3,38,12
2.497,0.032498915401301516,2018,10,4,2,54,42,2018,10,4,4,11,32
6.61,0.10989193682460516,2018,10,4,3,10,17,2018,10,4,4,10,26
6.501,0.053279606611118704,2018,10,4,3,14,47,2018,10,4,5,16,48
7.894,0.11277142857142858,2018,10,4,3,22,53,2018,10,4,4,32,53
1.145,0.10569230769230768,2018,10,4,4,0,58,2018,10,4,4,11,48
3.401,0.1095330112721417,2018,10,4,5,31,29,2018,10,4,6,2,32
13.916,0.029542511410678273,2018,10,4,5,48,29,2018,10,4,13,39,32
1.6549626642757846,0.05544263531912176,2018,10,4,7,38,18,2018,10,4,8,8,9
11.973,0.050075282308657466,2018,10,4,11,48,2,2018,10,4,15,47,8
41.644,0.09002810405707286,2018,10,4,12,52,11,2018,10,4,20,34,45
3.791,0.057036108324974924,2018,10,4,13,12,26,2018,10,4,14,18,54
2.124,0.04914770536058619,2018,10,4,13,17,16,2018,10,4,14,0,29
1.146,0.10293413173652695,2018,10,4,13,30,29,2018,10,4,13,41,37
17.28264038231863,0.0637539762028354,2018,10,4,14,6,11,2018,10,4,18,37,16
8.114,0.09592906403940889,2018,10,4,14,9,4,2018,10,4,15,33,39
13.208,0.06376055998069032,2018,10,4,14,13,41,2018,10,4,17,40,50
9.453,0.05378662873399715,2018,10,4,14,20,6,2018,10,4,17,15,51
7.451072281959035,0.06767549756547715,2018,10,4,14,36,12,2018,10,4,16,26,18
8.878,0.07918537237996136,2018,10,4,14,36,16,2018,10,4,16,28,23
12.826,0.09779641631719405,2018,10,4,14,37,57,2018,10,4,16,49,6
11.353,0.06881301141529447,2018,10,4,14,41,18,2018,10,4,17,26,17
5.393,0.054493095318288984,2018,10,4,14,52,3,2018,10,4,16,31,1
6.741,0.06077535687453042,2018,10,4,14,54,8,2018,10,4,16,45,3
5.484,0.049037257824143074,2018,10,4,14,56,23,2018,10,4,16,48,13
6.069,0.04000659195781147,2018,10,4,15,3,4,2018,10,4,17,34,46
13.222,0.04092020426058699,2018,10,4,15,11,38,2018,10,4,20,34,45
3.156482974907421,0.01845716582150329,2018,10,4,15,13,52,2018,10,4,18,4,53
11.723,0.06352208073692767,2018,10,4,15,16,15,2018,10,4,18,20,48
1.674,0.032441860465116275,2018,10,4,15,18,16,2018,10,4,16,9,52
4.698381123058113,0.060637312837919295,2018,10,4,15,26,49,2018,10,4,16,44,18
14.027,0.09682696732627702,2018,10,4,15,31,32,2018,10,4,17,56,24
13.89,0.022940350684026535,2018,10,4,15,39,29,2018,10,5,1,44,58
4.844,0.045137443702438274,2018,10,4,15,39,31,2018,10,4,17,26,50
11.016,0.03728970380818054,2018,10,4,15,41,53,2018,10,4,20,37,18
4.907,0.04897205588822355,2018,10,4,15,45,23,2018,10,4,17,25,35
3.416251493429234,0.04958275026747799,2018,10,4,15,45,24,2018,10,4,16,54,18
13.909,0.02860364683301344,2018,10,4,15,46,45,2018,10,4,23,53,1
4.584,0.04351898734177215,2018,10,4,15,47,52,2018,10,4,17,33,12
7.314,0.034518996302996936,2018,10,4,15,47,59,2018,10,4,19,19,52
13.879,0.0514736061317839,2018,10,4,15,56,20,2018,10,4,20,25,58
5.418,0.040088790233074365,2018,10,4,15,58,37,2018,10,4,18,13,46
10.25973864993967,0.034258128944091505,2018,10,4,15,59,42,2018,10,4,20,59,11
12.786768219831162,0.03161911033588319,2018,10,4,16,1,29,2018,10,4,22,45,53
5.992613500598342,0.028165189568846977,2018,10,4,16,2,45,2018,10,4,19,35,31
13.903,0.03138492795063772,2018,10,4,16,7,25,2018,10,4,23,30,24
6.318,0.044171521789792584,2018,10,4,16,15,30,2018,10,4,18,38,32
4.565,0.030991174473862865,2018,10,4,16,18,9,2018,10,4,18,45,27
5.424,0.04096676737160121,2018,10,4,16,18,25,2018,10,4,18,30,49
7.226,0.09560308710033076,2018,10,4,16,18,34,2018,10,4,17,34,9
6.0,0.020264565156206026,2018,10,4,16,21,18,2018,10,4,21,17,23
5.914,0.05421543162719633,2018,10,4,16,25,11,2018,10,4,18,14,16
8.39,0.04485831402602032,2018,10,4,16,27,33,2018,10,4,19,34,35
13.893,0.07832190171944002,2018,10,4,16,28,23,2018,10,4,19,25,46
18.222,0.050371803731859024,2018,10,4,16,45,46,2018,10,4,22,47,31
11.263,0.033152472527472526,2018,10,4,17,1,41,2018,10,4,22,41,25
7.429204002387708,0.03314389472401386,2018,10,4,18,42,36,2018,10,4,22,26,45
11.768,0.04642209072978304,2018,10,4,18,52,45,2018,10,4,23,6,15
8.799823775386518,0.024316742344364716,2018,10,4,19,10,28,2018,10,5,1,12,21
2.098,0.044199438202247185,2018,10,4,19,25,40,2018,10,4,20,13,8
1.5794250298684809,0.032587861689170855,2018,10,4,19,36,25,2018,10,4,20,24,53
8.347417861411028,0.033953296161932184,2018,10,4,19,40,49,2018,10,4,23,46,40
13.92,0.027392587733683173,2018,10,4,19,58,34,2018,10,5,4,26,44
0.783,0.025435841905793177,2018,10,4,20,1,40,2018,10,4,20,32,27
4.697707586618106,0.03286259242125293,2018,10,4,20,27,51,2018,10,4,22,50,48
13.869,0.10522761760242791,2018,10,4,21,13,16,2018,10,4,23,25,4
9.807,0.05472147307728076,2018,10,4,21,21,37,2018,10,5,0,20,50
11.896,0.10091333239078185,2018,10,4,21,44,37,2018,10,4,23,42,30
13.87,0.10643304770431002,2018,10,4,22,16,58,2018,10,5,0,27,17
6.30864844683407,0.07315788689795984,2018,10,4,22,31,53,2018,10,4,23,58,7
3.795,0.04702602230483271,2018,10,4,22,33,32,2018,10,4,23,54,14
4.482,0.05872898012666521,2018,10,4,23,16,39,2018,10,5,0,32,58
10.961,0.10569913211186113,2018,10,4,23,56,21,2018,10,5,1,40,3
13.894,0.07268003487358327,2018,10,5,0,4,33,2018,10,5,3,15,43
6.588,0.05273915943962642,2018,10,5,0,10,50,2018,10,5,2,15,45
15.924493727607278,0.02151861681132464,2018,10,5,0,18,34,2018,10,5,12,38,36
9.981,0.1116651128099944,2018,10,5,0,22,43,2018,10,5,1,52,6
6.108,0.11152769324406572,2018,10,5,0,24,42,2018,10,5,1,19,28
2.283,0.033557079862812346,2018,10,5,0,28,6,2018,10,5,1,36,8
2.506,0.03385723936050439,2018,10,5,0,31,22,2018,10,5,1,45,23
25.867,0.08658410041841004,2018,10,5,1,3,49,2018,10,5,6,2,34
0.847,0.05634146341463415,2018,10,5,1,35,58,2018,10,5,1,51,0
10.142,0.1107809939923539,2018,10,5,1,45,54,2018,10,5,3,17,27
13.88705388888889,0.10583300309073204,2018,10,5,1,48,1,2018,10,5,3,59,14
9.45,0.10531203566121841,2018,10,5,1,49,38,2018,10,5,3,19,22
5.911765232973899,0.08885418686834518,2018,10,5,1,55,16,2018,10,5,3,1,48
5.226,0.05784172661870504,2018,10,5,1,58,10,2018,10,5,3,28,31
22.993,0.10133539003966505,2018,10,5,1,58,26,2018,10,5,5,45,20
13.784,0.10360015031942878,2018,10,5,1,59,0,2018,10,5,4,12,3
7.608,0.04396417220456515,2018,10,5,2,9,21,2018,10,5,5,2,24
23.470462962961367,0.12116914281342989,2018,10,5,2,10,53,2018,10,5,5,24,35
18.757,0.08696545861989027,2018,10,5,2,14,59,2018,10,5,5,50,40
12.19,0.10334887664264518,2018,10,5,2,39,33,2018,10,5,4,37,30
7.451,0.1121013039117352,2018,10,5,3,0,16,2018,10,5,4,6,44
9.197,0.1104523618895116,2018,10,5,3,2,43,2018,10,5,4,25,59
11.257,0.05588911874224245,2018,10,5,3,16,12,2018,10,5,6,37,37
15.602,0.05665900012105072,2018,10,5,3,39,24,2018,10,5,8,14,46
6.427,0.04611576177947859,2018,10,5,4,10,8,2018,10,5,6,29,30
13.282,0.027970938191007686,2018,10,5,5,3,1,2018,10,5,12,57,52
7.473,0.05847417840375587,2018,10,5,5,19,23,2018,10,5,7,27,11
11.908,0.04939029448361675,2018,10,5,11,51,33,2018,10,5,15,52,39
9.193,0.1058085555342413,2018,10,5,11,56,39,2018,10,5,13,23,32
22.765,0.09709269263576913,2018,10,5,12,52,47,2018,10,5,16,47,15
13.376,0.10730846369835538,2018,10,5,12,56,53,2018,10,5,15,1,32
5.446,0.1064711632453568,2018,10,5,13,4,57,2018,10,5,13,56,6
4.134,0.057020689655172416,2018,10,5,13,37,44,2018,10,5,14,50,14
20.2883154121869,0.043566762990988654,2018,10,5,14,0,14,2018,10,5,21,45,55
5.837,0.10032082497851619,2018,10,5,14,11,0,2018,10,5,15,9,11
19.16487305854537,0.023006590174520763,2018,10,5,14,11,22,2018,10,6,4,4,23
11.677,0.05297693761814745,2018,10,5,14,45,31,2018,10,5,18,25,56
8.19,0.05970112987486332,2018,10,5,14,47,57,2018,10,5,17,5,8
5.362,0.052715058168114046,2018,10,5,14,56,9,2018,10,5,16,37,52
4.123,0.053154275891706064,2018,10,5,14,56,12,2018,10,5,16,13,46
19.888,0.06742837769113409,2018,10,5,15,0,51,2018,10,5,19,55,48
35.726,0.11178930899608866,2018,10,5,15,7,5,2018,10,5,20,26,40
4.813,0.05127485795454546,2018,10,5,15,7,19,2018,10,5,16,41,11
4.620316606922384,0.008815155062812994,2018,10,5,15,10,21,2018,10,5,23,54,29
3.005,0.1131116687578419,2018,10,5,15,13,0,2018,10,5,15,39,34
14.841241039426697,0.025070369727909058,2018,10,5,15,13,34,2018,10,6,1,5,33
12.791656212661456,0.02933866103821435,2018,10,5,15,18,23,2018,10,5,22,34,23
7.455056750297655,0.02388165536667695,2018,10,5,15,27,56,2018,10,5,20,40,6
16.635,0.06401359671626476,2018,10,5,15,30,34,2018,10,5,19,50,26
6.088,0.047636932707355244,2018,10,5,15,30,52,2018,10,5,17,38,40
6.549,0.015267513696234993,2018,10,5,15,31,31,2018,10,5,22,40,28
5.895837813619079,0.0333380707583776,2018,10,5,15,33,52,2018,10,5,18,30,43
11.549,0.059695037904893174,2018,10,5,15,39,10,2018,10,5,18,52,38
6.497,0.05423959927647141,2018,10,5,15,41,43,2018,10,5,17,41,30
14.067258333333337,0.05890811697375769,2018,10,5,15,51,53,2018,10,5,19,50,41
2.344,0.03305287896592244,2018,10,5,15,53,59,2018,10,5,17,4,54
1.822,0.04174112256586484,2018,10,5,15,54,28,2018,10,5,16,38,7
4.305,0.08752965096577431,2018,10,5,15,57,3,2018,10,5,16,46,14
4.736061827956131,0.03872495362188169,2018,10,5,16,3,37,2018,10,5,18,5,55
13.906,0.09385376827896513,2018,10,5,16,8,55,2018,10,5,18,37,5
8.576,0.05042234198922097,2018,10,5,16,20,50,2018,10,5,19,10,55
5.495,0.03797949544983297,2018,10,5,16,37,57,2018,10,5,19,2,38
7.787,0.05899242424242424,2018,10,5,16,40,33,2018,10,5,18,52,33
3.695,0.08195933456561921,2018,10,5,16,45,6,2018,10,5,17,30,11
7.164,0.06891774891774892,2018,10,5,16,48,57,2018,10,5,18,32,54
11.084,0.07328264462809918,2018,10,5,16,54,39,2018,10,5,19,25,54
4.592,0.048833746898263024,2018,10,5,16,57,58,2018,10,5,18,32,0
8.873,0.07869623059866962,2018,10,5,17,2,58,2018,10,5,18,55,43
13.885,0.0813733151006056,2018,10,5,17,5,14,2018,10,5,19,55,52
9.712,0.09762439269559389,2018,10,5,17,9,38,2018,10,5,18,49,7
3.159,0.08518651685393257,2018,10,5,17,10,50,2018,10,5,17,47,55
13.902,0.08920115495668912,2018,10,5,17,29,43,2018,10,5,20,5,34
9.201,0.09803942461374535,2018,10,5,17,46,32,2018,10,5,19,20,23
13.92,0.042965173105612424,2018,10,5,18,23,24,2018,10,5,23,47,23
5.319251792114522,0.03263678367183468,2018,10,5,18,52,15,2018,10,5,21,35,14
9.142,0.10491966335118591,2018,10,5,19,20,38,2018,10,5,20,47,46
6.729,0.05458896700919416,2018,10,5,19,28,35,2018,10,5,21,31,51
12.438,0.11062555588496888,2018,10,5,20,4,39,2018,10,5,21,57,5
5.999,0.05475205354426529,2018,10,5,20,23,15,2018,10,5,22,12,49
5.211,0.057169500822819526,2018,10,5,20,41,32,2018,10,5,22,12,41
1.709,0.10805057955742887,2018,10,5,20,48,8,2018,10,5,21,3,57
8.605,0.11334796926454445,2018,10,5,20,51,58,2018,10,5,22,7,53
4.226562126642789,0.04724175253326515,2018,10,5,20,53,43,2018,10,5,22,23,11
13.196,0.10664870689655172,2018,10,5,21,49,54,2018,10,5,23,53,38
5.689,0.10140819964349376,2018,10,5,22,31,7,2018,10,5,23,27,13
5.84984617682342,0.057211209553285285,2018,10,5,22,32,39,2018,10,6,0,14,54
1.4896878733569954,0.0599070190358041,2018,10,5,23,8,3,2018,10,5,23,32,55
4.88,0.10030832476875642,2018,10,6,0,3,23,2018,10,6,0,52,2
4.526,0.05530753564154786,2018,10,6,0,8,36,2018,10,6,1,30,26
13.624,0.10351272635177916,2018,10,6,0,15,44,2018,10,6,2,27,21
5.562,0.08616576297443843,2018,10,6,0,57,19,2018,10,6,2,1,52
10.523,0.05542310393258427,2018,10,6,1,6,43,2018,10,6,4,16,35
23.24777628434976,0.11361623988441685,2018,10,6,1,38,58,2018,10,6,5,3,35
6.012,0.05180525635501938,2018,10,6,2,3,5,2018,10,6,3,59,8
13.895,0.10767144517628825,2018,10,6,2,26,26,2018,10,6,4,35,29
1.965,0.05450762829403607,2018,10,6,2,28,19,2018,10,6,3,4,22
3.795,0.04860192102454643,2018,10,6,3,25,0,2018,10,6,4,43,5
4.775,0.11083172147001935,2018,10,6,3,34,15,2018,10,6,4,17,20
1.977,0.11201133144475922,2018,10,6,4,29,3,2018,10,6,4,46,42
2.755,0.11071667782987274,2018,10,6,4,41,52,2018,10,6,5,6,45
6.419,0.05338045738045738,2018,10,6,4,56,8,2018,10,6,6,56,23
15.63,0.05752315524750047,2018,10,6,4,56,22,2018,10,6,9,28,5
2.7047834528069523,0.05235064747368295,2018,10,6,6,55,10,2018,10,6,7,46,50
13.195,0.05773353751914242,2018,10,6,14,44,34,2018,10,6,18,33,7
13.129,0.1107620922384702,2018,10,6,14,48,17,2018,10,6,16,46,49
8.434,0.11346188340807174,2018,10,6,14,48,29,2018,10,6,16,2,49
6.274,0.10003720435822482,2018,10,6,14,48,36,2018,10,6,15,51,19
4.173,0.04193969849246231,2018,10,6,14,53,46,2018,10,6,16,33,16
13.948388055555556,0.05356181013333333,2018,10,6,14,59,20,2018,10,6,19,19,45
13.372,0.11207151836848722,2018,10,6,15,13,17,2018,10,6,17,12,36
5.129,0.0539516129032258,2018,10,6,15,19,10,2018,10,6,16,54,14
13.882,0.06196860352652332,2018,10,6,15,41,0,2018,10,6,19,25,1
15.252,0.055431582773032895,2018,10,6,15,51,44,2018,10,6,20,26,53
1.571,0.03960504201680672,2018,10,6,16,24,8,2018,10,6,17,3,48
6.57,0.10107692307692308,2018,10,6,16,28,44,2018,10,6,17,33,44
13.89,0.04761197440585009,2018,10,6,16,36,26,2018,10,6,21,28,10
9.002,0.047891470118815394,2018,10,6,16,47,4,2018,10,6,19,55,2
13.213,0.11036892663232632,2018,10,6,16,50,19,2018,10,6,18,50,2
13.886,0.09981550257577572,2018,10,6,17,51,44,2018,10,6,20,10,51
12.805,0.11362023070097604,2018,10,6,18,8,52,2018,10,6,20,1,34
1.432,0.014644622464632691,2018,10,6,18,25,29,2018,10,6,20,3,16
9.687,0.05256579542371348,2018,10,6,18,38,35,2018,10,6,21,42,52
9.432,0.11500101605364764,2018,10,6,18,41,36,2018,10,6,20,3,37
9.431,0.0789976266927265,2018,10,6,18,44,51,2018,10,6,20,44,14
1.881,0.04339100346020761,2018,10,6,18,47,50,2018,10,6,19,31,11
8.163,0.11096057997281378,2018,10,6,18,54,11,2018,10,6,20,7,45
13.513,0.11322161709258484,2018,10,6,18,54,14,2018,10,6,20,53,35
13.841,0.10942943734352352,2018,10,6,18,56,47,2018,10,6,21,3,16
13.478,0.11111294311624073,2018,10,6,19,18,50,2018,10,6,21,20,8
14.06614305555556,0.055932704840170565,2018,10,6,19,24,18,2018,10,6,23,35,47
12.727,0.05573461791110138,2018,10,6,19,43,46,2018,10,6,23,32,7
5.944,0.05163457362096424,2018,10,6,20,6,0,2018,10,6,22,1,7
4.272,0.1135666814355339,2018,10,6,20,9,35,2018,10,6,20,47,12
7.755806451613332,0.058822953747541394,2018,10,6,20,14,13,2018,10,6,22,26,4
7.864,0.05779519843214111,2018,10,6,20,16,54,2018,10,6,22,32,58
6.289,0.05099189189189189,2018,10,6,20,18,1,2018,10,6,22,21,21
4.112,0.10740966478014803,2018,10,6,20,19,2,2018,10,6,20,57,19
28.59,0.10907356774972976,2018,10,6,20,20,13,2018,10,7,0,42,20
25.282,0.11194155412884658,2018,10,6,21,3,3,2018,10,7,0,48,54
2.192,0.03285535848113915,2018,10,6,21,5,5,2018,10,6,22,11,48
1.918,0.10815789473684209,2018,10,6,21,13,35,2018,10,6,21,31,19
13.892,0.10755096774193548,2018,10,6,21,24,39,2018,10,6,23,33,49
28.396,0.11344786256492209,2018,10,6,21,33,2,2018,10,7,1,43,20
2.409,0.03369230769230769,2018,10,6,22,56,27,2018,10,7,0,7,57
13.205,0.11132499648728397,2018,10,6,23,6,57,2018,10,7,1,5,34
2.701,0.09839708561020037,2018,10,6,23,11,24,2018,10,6,23,38,51
14.531436678613384,0.04063032763487595,2018,10,6,23,32,41,2018,10,7,5,30,20
1.516,0.11427135678391959,2018,10,6,23,34,52,2018,10,6,23,48,8
6.626149940264064,0.10618830032474462,2018,10,6,23,47,14,2018,10,7,0,49,38
2.938,0.1102439024390244,2018,10,6,23,49,36,2018,10,7,0,16,15
17.48487007168597,0.013531784701026187,2018,10,6,23,52,11,2018,10,7,21,24,19
13.793,0.10843553459119495,2018,10,6,23,57,19,2018,10,7,2,4,31
3.345,0.05009985022466301,2018,10,7,0,0,26,2018,10,7,1,7,12
8.725,0.05429371499688861,2018,10,7,0,11,43,2018,10,7,2,52,25
13.903,0.09715583508036339,2018,10,7,0,37,33,2018,10,7,3,0,39
12.427,0.05617992766726944,2018,10,7,1,11,16,2018,10,7,4,52,28
12.041,0.11260286783042393,2018,10,7,1,11,52,2018,10,7,2,58,48
1.062,0.035617663499161546,2018,10,7,1,52,11,2018,10,7,2,22,0
6.399,0.053533184606804236,2018,10,7,2,24,13,2018,10,7,4,23,45
5.434,0.06419373892498523,2018,10,7,2,26,30,2018,10,7,3,51,9
15.985,0.05677499556029124,2018,10,7,2,29,43,2018,10,7,7,11,16
13.831,0.10467457114026237,2018,10,7,3,35,13,2018,10,7,5,47,21
3.247,0.05787878787878788,2018,10,7,3,35,38,2018,10,7,4,31,44
3.732,0.05988767050013372,2018,10,7,4,3,42,2018,10,7,5,6,1
11.928,0.1144355612408059,2018,10,7,4,29,31,2018,10,7,6,13,45
13.206,0.10969957081545063,2018,10,7,5,53,56,2018,10,7,7,54,19
1.604,0.11511961722488039,2018,10,7,5,55,37,2018,10,7,6,9,33
5.553,0.11584840055632824,2018,10,7,6,58,47,2018,10,7,7,46,43
2.045,0.03341503267973856,2018,10,7,7,24,30,2018,10,7,8,25,42
2.426,0.034081011472723015,2018,10,7,14,6,23,2018,10,7,15,17,34
2.268,0.04473372781065088,2018,10,7,14,59,25,2018,10,7,15,50,7
2.729,0.09990237949969494,2018,10,7,15,51,50,2018,10,7,16,19,9
3.913,0.11084985835694051,2018,10,7,15,52,40,2018,10,7,16,27,58
1.878,0.043929824561403506,2018,10,7,15,58,37,2018,10,7,16,41,22
5.02,0.10087073007367715,2018,10,7,16,18,19,2018,10,7,17,8,5
14.020899044206448,0.10906961527970788,2018,10,7,16,27,50,2018,10,7,18,36,23
13.767,0.10929081767663403,2018,10,7,16,29,1,2018,10,7,18,34,59
11.382,0.1093546837469976,2018,10,7,16,31,27,2018,10,7,18,15,32
11.843,0.05283515503011376,2018,10,7,17,36,11,2018,10,7,21,20,20
6.307,0.05873350923482849,2018,10,7,18,1,57,2018,10,7,19,49,20
13.792340833333334,0.07170439736591284,2018,10,7,18,14,47,2018,10,7,21,27,8
13.153,0.057124864277958744,2018,10,7,18,19,19,2018,10,7,22,9,34
2.715301672641996,0.059437468208142934,2018,10,7,18,51,58,2018,10,7,19,37,39
10.567,0.06953498574248738,2018,10,7,19,17,7,2018,10,7,21,49,5
13.874,0.10799688635184225,2018,10,7,19,38,14,2018,10,7,21,46,42
7.378,0.10882005899705015,2018,10,7,19,40,51,2018,10,7,20,48,39
9.896,0.11108699719363893,2018,10,7,19,51,58,2018,10,7,21,21,3
2.461,0.11127354935945741,2018,10,7,20,7,36,2018,10,7,20,29,43
1.771,0.10541666666666666,2018,10,7,20,12,38,2018,10,7,20,29,26
3.406,0.11179431072210066,2018,10,7,21,0,7,2018,10,7,21,30,35
13.999,0.011989037810987882,2018,10,7,21,31,18,2018,10,8,16,58,57
13.221,0.1126309811160017,2018,10,7,21,38,2,2018,10,7,23,35,25
7.519,0.11267232767232767,2018,10,7,22,7,29,2018,10,7,23,14,13
3.124,0.10741547277936964,2018,10,7,22,17,51,2018,10,7,22,46,56
2.067,0.05866603595080416,2018,10,7,22,27,57,2018,10,7,23,3,11
39.565,0.11325858778625954,2018,10,7,22,42,23,2018,10,8,4,31,43
13.594,0.11159392529757833,2018,10,7,22,52,13,2018,10,8,0,54,2
8.770707885304065,0.1225529746432799,2018,10,7,22,54,8,2018,10,8,0,5,42
11.466,0.10312696747114375,2018,10,7,23,6,30,2018,10,8,0,57,41
6.765079151730894,0.052327542748982034,2018,10,7,23,15,21,2018,10,8,1,24,38
2.024,0.10606113537117905,2018,10,7,23,39,13,2018,10,7,23,58,18
13.876,0.10752421542037968,2018,10,7,23,57,32,2018,10,8,2,6,35
7.525,0.09997785651018601,2018,10,8,0,31,16,2018,10,8,1,46,32
7.191020011947406,0.10876259155957761,2018,10,8,0,36,11,2018,10,8,1,42,18
13.879,0.10827460668313613,2018,10,8,0,36,49,2018,10,8,2,45,0
13.893,0.07958564063395074,2018,10,8,0,47,21,2018,10,8,3,41,55
13.867,0.09684786404376673,2018,10,8,0,51,51,2018,10,8,3,15,2
13.895,0.04649749023982153,2018,10,8,0,52,57,2018,10,8,5,51,47
10.977,0.11316494845360825,2018,10,8,0,55,21,2018,10,8,2,32,21
4.913735065710164,0.03528714589378933,2018,10,8,0,56,35,2018,10,8,3,15,50
2.266,0.10713947990543736,2018,10,8,2,11,47,2018,10,8,2,32,56
5.52,0.051936647326328994,2018,10,8,2,51,56,2018,10,8,4,38,13
4.174,0.05884398496240602,2018,10,8,3,22,26,2018,10,8,4,33,22
3.742,0.07296717582060448,2018,10,8,3,41,0,2018,10,8,4,32,17
43.624,0.10762057481189095,2018,10,8,3,41,24,2018,10,8,10,26,45
3.144,0.05889478613799563,2018,10,8,5,13,18,2018,10,8,6,6,41
1.085,0.11401050788091067,2018,10,8,5,50,56,2018,10,8,6,0,27
11.759,0.056146745185420975,2018,10,8,7,41,48,2018,10,8,11,11,14
6.60334528075959,0.05575580028786594,2018,10,8,7,45,56,2018,10,8,9,44,22
11.801,0.05153650192881579,2018,10,8,11,49,46,2018,10,8,15,38,45
3.696,0.05736161407139162,2018,10,8,13,12,41,2018,10,8,14,17,7
7.559,0.05201146788990826,2018,10,8,13,16,30,2018,10,8,15,41,50
13.308,0.05343862936688529,2018,10,8,13,34,34,2018,10,8,17,43,36
8.406,0.08427067669172933,2018,10,8,13,47,43,2018,10,8,15,27,28
13.931,0.027106628615903492,2018,10,8,14,0,46,2018,10,8,22,34,42
19.721756272399364,0.047872213623430776,2018,10,8,14,4,38,2018,10,8,20,56,36
26.85116188769339,0.052506916313972016,2018,10,8,14,13,55,2018,10,8,22,45,18
3.358,0.005724188874367862,2018,10,8,14,29,38,2018,10,9,0,16,16
13.926,0.042543788187372714,2018,10,8,14,38,6,2018,10,8,20,5,26
5.957,0.05225438596491228,2018,10,8,14,55,14,2018,10,8,16,49,14
29.875,0.07098728763217298,2018,10,8,14,56,52,2018,10,8,21,57,43
17.754,0.08429532325710216,2018,10,8,15,14,43,2018,10,8,18,45,20
5.455,0.05064995357474466,2018,10,8,15,14,49,2018,10,8,17,2,31
10.817,0.0742076377772696,2018,10,8,15,16,3,2018,10,8,17,41,49
1.62,0.03203691496374423,2018,10,8,15,16,37,2018,10,8,16,7,11
4.733137694139292,0.009385249401776579,2018,10,8,15,17,38,2018,10,8,23,41,57
6.906,0.03480846774193548,2018,10,8,15,18,3,2018,10,8,18,36,27
7.371484468337346,0.030881795007697305,2018,10,8,15,19,41,2018,10,8,19,18,23
3.520905017921155,0.03671433803880245,2018,10,8,15,21,23,2018,10,8,16,57,17
9.366,0.052431423773092,2018,10,8,15,26,8,2018,10,8,18,24,46
7.413,0.0458111031002163,2018,10,8,15,27,43,2018,10,8,18,9,32
8.702,0.03350359342915811,2018,10,8,15,30,45,2018,10,8,19,50,29
16.341,0.07320689912640932,2018,10,8,15,31,58,2018,10,8,19,15,11
2.863,0.032006707657909444,2018,10,8,15,38,16,2018,10,8,17,7,43
13.941,0.021449892296645814,2018,10,8,15,39,26,2018,10,9,2,29,22
26.249,0.10332895945413988,2018,10,8,15,45,27,2018,10,8,19,59,29
5.771064814813594,0.0371368392201647,2018,10,8,15,47,32,2018,10,8,18,22,56
5.519,0.036269441401971525,2018,10,8,15,50,46,2018,10,8,18,22,56
13.965,0.02596207473508087,2018,10,8,15,53,34,2018,10,9,0,51,28
5.679,0.04352279984672373,2018,10,8,15,55,38,2018,10,8,18,6,7
3.721,0.05005829596412557,2018,10,8,15,57,46,2018,10,8,17,12,6
13.946,0.026445434720773677,2018,10,8,15,58,34,2018,10,9,0,45,55
2.242,0.03164431898376853,2018,10,8,16,2,39,2018,10,8,17,13,30
4.760933393069926,0.032523739449413135,2018,10,8,16,10,37,2018,10,8,18,37,0
13.889,0.03683596340007956,2018,10,8,16,11,46,2018,10,8,22,28,49
14.968,0.022382613896919548,2018,10,8,16,21,50,2018,10,9,3,30,34
13.942,0.02786913646055437,2018,10,8,16,24,33,2018,10,9,0,44,49
5.333,0.03602566989416798,2018,10,8,16,26,47,2018,10,8,18,54,49
10.276005077655912,0.03094250249218883,2018,10,8,16,28,34,2018,10,8,22,0,40
13.274,0.04443923669233344,2018,10,8,16,44,6,2018,10,8,21,42,48
11.13,0.04593795143427117,2018,10,8,16,53,32,2018,10,8,20,55,49
8.14,0.03743102391171061,2018,10,8,17,0,13,2018,10,8,20,37,41
12.767,0.05465325342465753,2018,10,8,17,4,36,2018,10,8,20,58,12
4.092,0.0434471774907096,2018,10,8,17,4,47,2018,10,8,18,38,58
11.417,0.021209362808842655,2018,10,8,17,11,25,2018,10,9,2,9,43
13.196,0.03866204404511939,2018,10,8,18,38,23,2018,10,9,0,19,42
1.36,0.09283276450511946,2018,10,8,19,2,41,2018,10,8,19,17,20
1.1042488052563355,-1.1042488052563355,2018,10,8,19,14,32,2018,10,8,19,13,32
6.852,0.05135790131168021,2018,10,8,19,22,37,2018,10,8,21,36,2
6.513,0.05766268260292164,2018,10,8,19,41,20,2018,10,8,21,34,17
13.942,0.06308597285067874,2018,10,8,20,4,43,2018,10,8,23,45,43
10.706,0.08154881299987304,2018,10,8,20,7,45,2018,10,8,22,19,2
15.93976254480968,0.061342168731228316,2018,10,8,20,11,43,2018,10,9,0,31,34
1.495,0.03949801849405549,2018,10,8,20,40,39,2018,10,8,21,18,30
5.617,0.0986592505854801,2018,10,8,20,52,59,2018,10,8,21,49,55
13.912,0.09158657011191573,2018,10,8,21,6,18,2018,10,8,23,38,12
9.863,0.09867933966983491,2018,10,8,21,43,33,2018,10,8,23,23,30
8.13702359617603,0.04722590595575177,2018,10,8,22,7,51,2018,10,9,1,0,9
2.664,0.08068652195860677,2018,10,8,22,20,26,2018,10,8,22,53,27
12.318,0.10657245854361933,2018,10,8,22,54,53,2018,10,9,0,50,28
11.716,0.09978140525195173,2018,10,8,23,12,56,2018,10,9,1,10,21
6.204,0.10852478134110786,2018,10,8,23,37,19,2018,10,9,0,34,29
3.0763545400230985,0.04604172422084957,2018,10,8,23,43,58,2018,10,9,0,50,47
5.584,0.11216605289588215,2018,10,8,23,45,16,2018,10,9,0,35,3
3.699,0.057363659860429045,2018,10,9,0,3,22,2018,10,9,1,7,51
1.697,0.055186991869918704,2018,10,9,0,18,18,2018,10,9,0,49,3
13.906,0.0867859371749532,2018,10,9,0,21,54,2018,10,9,3,2,8
5.504,0.10732531686707832,2018,10,9,0,35,52,2018,10,9,1,27,9
6.622,0.09952905811623247,2018,10,9,0,49,37,2018,10,9,1,56,9
13.833337222222225,0.05723744799209251,2018,10,9,0,51,20,2018,10,9,4,53,1
13.88,0.10818394388152766,2018,10,9,1,19,35,2018,10,9,3,27,53
13.438,0.11164220437551926,2018,10,9,1,46,11,2018,10,9,3,46,33
7.844,0.0693647752394989,2018,10,9,1,48,18,2018,10,9,3,41,23
5.368,0.057648111687846795,2018,10,9,1,52,39,2018,10,9,3,25,46
12.878,0.10542775276299632,2018,10,9,1,58,24,2018,10,9,4,0,33
5.131,0.10057497549820321,2018,10,9,2,8,43,2018,10,9,2,59,44
7.581,0.11208969935929028,2018,10,9,2,10,8,2018,10,9,3,17,46
3.6969982078858177,0.11422239571222917,2018,10,9,2,11,0,2018,10,9,2,43,22
7.133021206691894,0.05838762242858303,2018,10,9,2,12,21,2018,10,9,4,14,31
13.872,0.1048129958443521,2018,10,9,2,16,5,2018,10,9,4,28,26
6.75,0.1092233009708738,2018,10,9,2,24,46,2018,10,9,3,26,34
6.685,0.05365886287625418,2018,10,9,2,37,27,2018,10,9,4,42,2
29.73704898446884,0.12097246857875994,2018,10,9,3,36,19,2018,10,9,7,42,8
5.445,0.10111420612813371,2018,10,9,4,18,49,2018,10,9,5,12,40
3.071218637992583,0.052276061923278015,2018,10,9,8,29,57,2018,10,9,9,28,42
11.694,0.05153433712816747,2018,10,9,11,44,19,2018,10,9,15,31,14
5.388,0.052057971014492756,2018,10,9,12,18,14,2018,10,9,14,1,44
13.924,0.09982554666029395,2018,10,9,12,34,31,2018,10,9,14,54,0
35.263,0.07260492090182218,2018,10,9,12,55,15,2018,10,9,21,0,56
12.468,0.054696205308181624,2018,10,9,13,8,59,2018,10,9,16,56,56
6.192,0.06492834673191193,2018,10,9,13,48,11,2018,10,9,15,23,33
12.202,0.07121097169536038,2018,10,9,14,5,26,2018,10,9,16,56,47
13.375,0.06831531454839533,2018,10,9,14,8,11,2018,10,9,17,23,58
19.99722222222145,0.04563144950685658,2018,10,9,14,8,24,2018,10,9,21,26,38
5.535,0.09724743777452416,2018,10,9,14,8,45,2018,10,9,15,5,40
4.553,0.007921705089169204,2018,10,9,14,34,46,2018,10,10,0,9,31
5.281,0.05321800470272085,2018,10,9,14,35,59,2018,10,9,16,15,13
13.899,0.04812117714945182,2018,10,9,14,39,10,2018,10,9,19,28,0
12.984,0.05905397210430564,2018,10,9,14,39,36,2018,10,9,18,19,28
10.981,0.05902176834184358,2018,10,9,14,44,4,2018,10,9,17,50,7
7.258,0.0517627481278973,2018,10,9,14,50,39,2018,10,9,17,10,52
6.488,0.04717973578960126,2018,10,9,14,55,8,2018,10,9,17,12,39
13.882,0.032384136858475895,2018,10,9,15,0,37,2018,10,9,22,9,17
1.576698028673105,3.6385339123225497,2018,10,9,15,11,37,2018,10,9,15,12,3
13.883,0.02512002412545235,2018,10,9,15,13,9,2018,10,10,0,25,49
5.563,0.04317423360496701,2018,10,9,15,25,9,2018,10,9,17,34,0
6.983,0.07420828905419766,2018,10,9,15,25,31,2018,10,9,16,59,37
13.979,0.054941700510939336,2018,10,9,15,25,35,2018,10,9,19,40,1
6.559,0.03427750195975961,2018,10,9,15,26,42,2018,10,9,18,38,3
13.701,0.07890008638065074,2018,10,9,15,32,56,2018,10,9,18,26,35
13.922,0.08035786435786436,2018,10,9,15,33,1,2018,10,9,18,26,16
1.946,0.03994526171741361,2018,10,9,15,35,5,2018,10,9,16,23,48
4.747,0.034700292397660815,2018,10,9,15,35,16,2018,10,9,17,52,4
4.824991039425995,0.040500764180968055,2018,10,9,15,41,27,2018,10,9,17,40,35
5.764680406213948,0.026849932027079405,2018,10,9,15,41,32,2018,10,9,19,16,14
16.607,0.045602745995423334,2018,10,9,15,42,13,2018,10,9,21,46,23
13.899,0.04180779064520981,2018,10,9,15,43,9,2018,10,9,21,15,36
8.030047789724064,0.028748903119723362,2018,10,9,15,44,58,2018,10,9,20,24,17
5.778727598565893,0.034190282606641705,2018,10,9,15,45,24,2018,10,9,18,34,25
13.992,0.03451831750339213,2018,10,9,15,46,42,2018,10,9,22,32,3
14.346245519714932,0.030898655006924257,2018,10,9,15,46,44,2018,10,9,23,31,2
14.432882317799406,0.02716096161176691,2018,10,9,15,46,50,2018,10,10,0,38,13
11.402,0.03874497366483547,2018,10,9,15,50,20,2018,10,9,20,44,37
6.093,0.046558838512480896,2018,10,9,15,52,22,2018,10,9,18,3,14
14.182,0.02043074263487719,2018,10,9,15,52,58,2018,10,10,3,27,7
16.636,0.058992907801418436,2018,10,9,15,53,35,2018,10,9,20,35,35
13.877,0.03275710126681879,2018,10,9,16,2,55,2018,10,9,23,6,33
6.533,0.03508906991316803,2018,10,9,16,7,14,2018,10,9,19,13,25
13.927,0.0254537147034634,2018,10,9,16,7,32,2018,10,10,1,14,41
6.928,0.043903675538656525,2018,10,9,16,40,11,2018,10,9,19,17,59
10.551,0.033376917804608004,2018,10,9,17,3,1,2018,10,9,22,19,8
2.095,0.08580204778156997,2018,10,9,17,33,0,2018,10,9,17,57,25
1.853,0.0327,2018,10,9,17,47,17,2018,10,9,18,43,57
13.896,0.06325468477353767,2018,10,9,17,49,36,2018,10,9,21,29,17
8.452,0.05091566265060241,2018,10,9,18,30,36,2018,10,9,21,16,36
13.212,0.04223560125739251,2018,10,9,19,4,6,2018,10,10,0,16,55
7.315722819594208,0.042974678791428675,2018,10,9,19,33,27,2018,10,9,22,23,41
1.397,0.04654081066074403,2018,10,9,19,41,40,2018,10,9,20,11,41
6.735,0.05469680563075257,2018,10,9,19,59,13,2018,10,9,22,2,21
6.533,0.055169598874032375,2018,10,9,20,5,11,2018,10,9,22,3,36
5.790821385901554,0.042905567196109315,2018,10,9,20,26,32,2018,10,9,22,41,30
2.737,0.050889370932754883,2018,10,9,21,1,36,2018,10,9,21,55,23
4.793,0.05043493511048755,2018,10,9,21,10,45,2018,10,9,22,45,47
1.144525089605333,0.04908613679508218,2018,10,9,21,32,46,2018,10,9,21,56,5
1.957,0.03235602094240838,2018,10,9,22,39,31,2018,10,9,23,40,0
12.711989247315069,0.11316310902654364,2018,10,9,22,45,22,2018,10,10,0,37,42
6.197,0.05182160278745645,2018,10,9,22,51,39,2018,10,10,0,51,14
6.38,0.11199531889994148,2018,10,9,23,3,47,2018,10,10,0,0,45
14.303198924734824,0.06342413239849895,2018,10,9,23,12,35,2018,10,10,2,58,6
8.157,0.11266574585635358,2018,10,10,0,0,20,2018,10,10,1,12,44
12.118,0.11115731539519952,2018,10,10,0,6,0,2018,10,10,1,55,1
1.682,0.1061198738170347,2018,10,10,0,9,32,2018,10,10,0,25,23
5.117,0.05430137955429784,2018,10,10,0,18,54,2018,10,10,1,53,8
5.453,0.11282068965517242,2018,10,10,0,25,7,2018,10,10,1,13,27
5.496,0.054623157197283424,2018,10,10,0,45,52,2018,10,10,2,26,29
2.083690262844167,0.060896939001777894,2018,10,10,0,57,5,2018,10,10,1,31,18
2.428,0.032663677130044845,2018,10,10,1,3,5,2018,10,10,2,17,25
6.686,0.1068335552596538,2018,10,10,1,30,33,2018,10,10,2,33,8
15.495000000003497,0.022721051859822324,2018,10,10,1,30,40,2018,10,10,12,52,38
6.901,0.05808107728994249,2018,10,10,1,31,42,2018,10,10,3,30,31
10.054,0.11250279746363298,2018,10,10,1,39,48,2018,10,10,3,9,10
6.217,0.11006786662732368,2018,10,10,1,43,58,2018,10,10,2,40,27
11.264,0.11001790656031253,2018,10,10,1,45,42,2018,10,10,3,28,5
12.695,0.11180096873623954,2018,10,10,1,48,28,2018,10,10,3,42,1
4.232,0.049218840860631906,2018,10,10,1,57,14,2018,10,10,3,23,13
11.955,0.1087477258944815,2018,10,10,2,15,23,2018,10,10,4,5,19
12.567,0.10689254323787922,2018,10,10,2,20,29,2018,10,10,4,18,3
8.750843787336015,0.10839195442612735,2018,10,10,2,46,44,2018,10,10,4,7,28
6.941,0.10578105156210313,2018,10,10,2,59,49,2018,10,10,4,5,26
6.471,0.05226978998384491,2018,10,10,3,26,36,2018,10,10,5,30,24
13.455,0.1116443092241737,2018,10,10,3,28,55,2018,10,10,5,29,26
9.234,0.057294725956566706,2018,10,10,3,44,19,2018,10,10,6,25,29
10.831,0.05640166637736504,2018,10,10,3,52,55,2018,10,10,7,4,57
1.891,0.10418732782369147,2018,10,10,5,36,40,2018,10,10,5,54,49
35.935,0.090304071033674,2018,10,10,12,51,42,2018,10,10,19,29,38
13.215,0.03910534622213454,2018,10,10,13,12,35,2018,10,10,18,50,31
9.023,0.044252084355076014,2018,10,10,13,49,59,2018,10,10,17,13,53
23.857,0.04610939311944337,2018,10,10,14,6,8,2018,10,10,22,43,32
13.239,0.027583165497604003,2018,10,10,14,7,19,2018,10,10,22,7,17
12.573,0.07108744817188088,2018,10,10,14,8,28,2018,10,10,17,5,20
14.670458482677155,0.05396857810917409,2018,10,10,14,10,51,2018,10,10,18,42,41
10.157,0.01753070793659926,2018,10,10,14,34,36,2018,10,11,0,13,59
11.142,0.048293000072238676,2018,10,10,14,56,13,2018,10,10,18,46,56
6.687,0.047537914691943135,2018,10,10,15,0,14,2018,10,10,17,20,54
37.893,0.07632792829086514,2018,10,10,15,3,14,2018,10,10,23,19,41
5.464,0.044165431766132295,2018,10,10,15,4,5,2018,10,10,17,7,48
14.117,0.055772700335813524,2018,10,10,15,8,22,2018,10,10,19,21,29
0.718,0.02768637532133676,2018,10,10,15,21,28,2018,10,10,15,47,24
0.942529868577868,0.059653789150497974,2018,10,10,15,22,25,2018,10,10,15,38,13
0.747,0.024006427423674342,2018,10,10,15,23,4,2018,10,10,15,54,11
16.642974910392354,0.03520708298217894,2018,10,10,15,24,51,2018,10,10,23,17,34
7.163,0.08758508253515386,2018,10,10,15,25,9,2018,10,10,16,46,56
13.209,0.018248676030393735,2018,10,10,15,26,11,2018,10,11,3,30,1
2.237,0.028244949494949496,2018,10,10,15,26,38,2018,10,10,16,45,50
14.41268667861515,0.02426105938494302,2018,10,10,15,26,46,2018,10,11,1,20,50
13.662,0.04803797468354431,2018,10,10,15,29,3,2018,10,10,20,13,27
15.312,0.08260384822873583,2018,10,10,15,31,24,2018,10,10,18,36,46
6.674,0.014162835113531867,2018,10,10,15,32,36,2018,10,10,23,23,50
4.9,0.045609680421967114,2018,10,10,15,33,0,2018,10,10,17,20,26
8.260678016726713,0.036708686194904666,2018,10,10,15,39,22,2018,10,10,19,24,24
17.442,0.05664213033124053,2018,10,10,15,39,30,2018,10,10,20,47,26
13.95184737156303,0.030572690635615272,2018,10,10,15,42,10,2018,10,10,23,18,31
4.198,0.055019659239842734,2018,10,10,15,43,6,2018,10,10,16,59,24
8.374,0.04599835210107114,2018,10,10,15,45,43,2018,10,10,18,47,46
7.007,0.022512449799196785,2018,10,10,15,46,8,2018,10,10,20,57,23
13.885,0.05088876672164192,2018,10,10,15,48,9,2018,10,10,20,21,0
5.645,0.042300487073810414,2018,10,10,15,52,59,2018,10,10,18,6,26
3.0059229390678137,0.014357218304734024,2018,10,10,15,53,4,2018,10,10,19,22,26
13.886,0.03851872399445215,2018,10,10,15,53,32,2018,10,10,21,54,2
6.169,0.03907315528343713,2018,10,10,15,54,53,2018,10,10,18,32,46
5.074695340500892,0.030858591307393688,2018,10,10,15,55,46,2018,10,10,18,40,13
2.462,0.03984893444834098,2018,10,10,15,56,37,2018,10,10,16,58,24
5.333,0.043874948580830936,2018,10,10,15,58,25,2018,10,10,17,59,58
8.381,0.09281284606866003,2018,10,10,16,4,26,2018,10,10,17,34,44
13.884,0.03969125214408233,2018,10,10,16,9,24,2018,10,10,21,59,12
10.338,0.09408160169877142,2018,10,10,16,11,54,2018,10,10,18,1,47
8.373,0.041406082584686386,2018,10,10,16,12,41,2018,10,10,19,34,54
4.345512246108116,0.006832924544433329,2018,10,10,16,15,9,2018,10,11,2,51,7
12.046,0.036573221333873085,2018,10,10,16,50,30,2018,10,10,22,19,52
6.565,0.1004590665646519,2018,10,10,17,3,40,2018,10,10,18,9,1
6.78,0.0936895439889452,2018,10,10,17,28,1,2018,10,10,18,40,23
6.275855734767036,0.028624199474422057,2018,10,10,19,15,37,2018,10,10,22,54,52
13.905,0.10607755880483152,2018,10,10,19,35,22,2018,10,10,21,46,27
8.643,0.06388813601084145,2018,10,10,19,41,56,2018,10,10,21,57,13
7.006,0.06012873694750394,2018,10,10,19,51,9,2018,10,10,21,47,40
6.519956690560155,0.031971020058320476,2018,10,10,19,56,42,2018,10,10,23,20,38
0.996,0.03247826086956521,2018,10,10,20,0,50,2018,10,10,20,31,30
6.023950119474131,0.03165779164127598,2018,10,10,20,1,13,2018,10,10,23,11,30
10.665,0.051241191543882125,2018,10,10,21,31,39,2018,10,11,0,59,47
0.871,0.03375968992248062,2018,10,10,21,39,23,2018,10,10,22,5,11
4.52,0.050568711542047354,2018,10,10,22,9,3,2018,10,10,23,38,26
5.27,0.057241129616220125,2018,10,10,23,24,47,2018,10,11,0,56,51
13.871,0.07012048192771085,2018,10,10,23,44,40,2018,10,11,3,2,29
13.553,0.1058828125,2018,10,10,23,59,47,2018,10,11,2,7,47
6.022,0.051854190585533866,2018,10,11,0,9,22,2018,10,11,2,5,30
13.884,0.11329253365973073,2018,10,11,0,10,47,2018,10,11,2,13,20
10.265,0.0765854265108182,2018,10,11,1,2,1,2018,10,11,3,16,3
5.268,0.058381972663465086,2018,10,11,1,15,56,2018,10,11,2,46,10
2.989,0.09957801221543587,2018,10,11,1,18,52,2018,10,11,1,48,53
1.572,0.10828932261768083,2018,10,11,1,19,31,2018,10,11,1,34,2
4.578,0.052650948821161586,2018,10,11,1,25,39,2018,10,11,2,52,36
8.679,0.10236681737762926,2018,10,11,1,48,17,2018,10,11,3,13,4
10.104,0.11239154616240266,2018,10,11,1,48,19,2018,10,11,3,18,13
36.045,0.11193520004140574,2018,10,11,1,54,4,2018,10,11,7,16,5
3.127825567503128,0.07065871010925741,2018,10,11,1,55,48,2018,10,11,2,40,4
11.293,0.05586445708632203,2018,10,11,2,4,11,2018,10,11,5,26,20
2.399,0.032244623655913976,2018,10,11,2,7,29,2018,10,11,3,21,53
4.299,0.11229429690901177,2018,10,11,2,11,59,2018,10,11,2,50,16
13.883,0.09833313658363829,2018,10,11,2,23,55,2018,10,11,4,45,6
33.83943548387568,0.11790744071036824,2018,10,11,2,25,47,2018,10,11,7,12,47
13.89,0.10763270050368073,2018,10,11,2,28,23,2018,10,11,4,37,26
2.553,0.03205273069679849,2018,10,11,2,34,54,2018,10,11,3,54,33
6.36,0.0526344827586207,2018,10,11,2,58,49,2018,10,11,4,59,39
13.659,0.10679437060203284,2018,10,11,3,8,6,2018,10,11,5,16,0
1.415,0.1044280442804428,2018,10,11,3,37,44,2018,10,11,3,51,17
1.625,0.029252925292529253,2018,10,11,5,23,17,2018,10,11,6,18,50
1.5331287335721562,0.05957754146005788,2018,10,11,6,56,46,2018,10,11,7,22,30
11.892,0.047190476190476185,2018,10,11,11,45,2,2018,10,11,15,57,2
21.035,0.10733055531932988,2018,10,11,12,59,51,2018,10,11,16,15,50
4.324,0.057859054415700266,2018,10,11,13,16,37,2018,10,11,14,31,21
10.687,0.015735460122699385,2018,10,11,13,41,1,2018,10,12,1,0,11
4.38,0.05596252129471891,2018,10,11,13,48,7,2018,10,11,15,6,23
1.213,0.1086268656716418,2018,10,11,13,55,22,2018,10,11,14,6,32
15.026,0.10128749578699023,2018,10,11,14,13,55,2018,10,11,16,42,16
8.752,0.05771183646554567,2018,10,11,14,14,28,2018,10,11,16,46,7
12.924,0.07638297872340426,2018,10,11,14,17,56,2018,10,11,17,7,8
8.828,0.049791314156796385,2018,10,11,14,25,49,2018,10,11,17,23,7
5.42,0.010301244892141025,2018,10,11,14,34,20,2018,10,11,23,20,29
11.875,0.04064229079915578,2018,10,11,14,45,5,2018,10,11,19,37,16
0.862,0.02491329479768786,2018,10,11,14,58,0,2018,10,11,15,32,36
6.011,0.0528207381370826,2018,10,11,15,0,50,2018,10,11,16,54,38
8.16423237753844,0.04650217796205681,2018,10,11,15,1,0,2018,10,11,17,56,34
13.221,0.03986631822293698,2018,10,11,15,11,24,2018,10,11,20,43,2
4.355,0.10219006648416114,2018,10,11,15,17,17,2018,10,11,15,59,54
2.3355122461165947,0.1787381821007598,2018,10,11,15,18,9,2018,10,11,15,31,13
6.661,0.06319734345351043,2018,10,11,15,23,49,2018,10,11,17,9,13
13.909,0.03836612725266642,2018,10,11,15,24,14,2018,10,11,21,26,46
13.187,0.0984349340631998,2018,10,11,15,26,43,2018,10,11,17,40,41
9.663125746712266,0.03722074499600282,2018,10,11,15,28,15,2018,10,11,19,47,52
4.898,0.045365853658536584,2018,10,11,15,28,18,2018,10,11,17,16,16
6.797,0.03487131252672082,2018,10,11,15,30,25,2018,10,11,18,45,20
6.953,0.015638776428250113,2018,10,11,15,35,57,2018,10,11,23,0,33
4.614,0.04997111913357401,2018,10,11,15,38,4,2018,10,11,17,10,24
16.867,0.06260562944633467,2018,10,11,15,40,46,2018,10,11,20,10,11
4.025,0.053714412811387904,2018,10,11,15,42,5,2018,10,11,16,57,1
13.927,0.052817141773592056,2018,10,11,15,44,23,2018,10,11,20,8,4
4.372,0.05090626819328546,2018,10,11,15,51,32,2018,10,11,17,17,25
0.7143369175622748,-0.7143369175622748,2018,10,11,15,58,47,2018,10,11,15,57,47
5.54,0.04900486510393631,2018,10,11,16,5,24,2018,10,11,17,58,27
13.901,0.061636121785397575,2018,10,11,16,7,8,2018,10,11,19,52,40
1.606,0.03143882544861338,2018,10,11,16,9,0,2018,10,11,17,0,5
9.695229988052088,0.03900193089394068,2018,10,11,16,12,41,2018,10,11,20,21,16
1.831132019115,-1.9275073885421055,2018,10,11,16,14,5,2018,10,11,16,13,8
6.736,0.012866830091369266,2018,10,11,16,14,30,2018,10,12,0,58,1
2.259,0.03382580484152733,2018,10,11,16,19,44,2018,10,11,17,26,31
8.733216845873832,0.018708022805256522,2018,10,11,16,28,43,2018,10,12,0,15,32
11.713,0.06533234173096587,2018,10,11,16,30,28,2018,10,11,19,29,45
2.403,0.038831133854026395,2018,10,11,16,31,57,2018,10,11,17,33,50
2.396,0.040011132758140826,2018,10,11,16,35,21,2018,10,11,17,35,14
5.875,0.04649782350613376,2018,10,11,16,41,50,2018,10,11,18,48,11
6.369,0.08945224719101123,2018,10,11,16,44,51,2018,10,11,17,56,3
10.109,0.05328004216444132,2018,10,11,17,0,15,2018,10,11,20,9,59
7.231,0.04973177441540577,2018,10,11,17,2,3,2018,10,11,19,27,27
13.94600472222222,0.10773275181322689,2018,10,11,17,13,28,2018,10,11,19,22,55
7.26896505376132,0.04138716105766552,2018,10,11,17,14,23,2018,10,11,20,10,1
3.46106929510115,0.03263107443527168,2018,10,11,18,24,46,2018,10,11,20,10,50
13.571,0.023159361756591484,2018,10,11,18,55,41,2018,10,12,4,41,40
13.187,0.045817360588337484,2018,10,11,18,59,29,2018,10,11,23,47,18
18.863,0.07916759932848348,2018,10,11,20,0,39,2018,10,11,23,58,55
7.696838410991604,0.06246588727979119,2018,10,11,20,15,46,2018,10,11,22,18,59
22.167,0.0857690075449797,2018,10,11,20,54,19,2018,10,12,1,12,46
3.665,0.04285714285714286,2018,10,11,21,4,48,2018,10,11,22,30,19
3.692,0.10609195402298852,2018,10,11,22,59,20,2018,10,11,23,34,8
6.555,0.04937853107344633,2018,10,11,23,29,39,2018,10,12,1,42,24
13.867,0.10823728372577078,2018,10,11,23,32,9,2018,10,12,1,40,16
2.458,0.03456292477150223,2018,10,11,23,55,18,2018,10,12,1,6,25
8.236,0.09373292867981792,2018,10,11,23,57,13,2018,10,12,1,25,5
1.758,0.052088888888888886,2018,10,12,0,6,5,2018,10,12,0,39,50
6.194,0.10694676258992807,2018,10,12,0,22,2,2018,10,12,1,19,57
13.197,0.05106539404101638,2018,10,12,0,25,40,2018,10,12,4,44,6
13.892,0.10218462670099301,2018,10,12,0,31,9,2018,10,12,2,47,6
2.064,0.025714285714285714,2018,10,12,0,54,12,2018,10,12,2,14,28
10.794,0.058742857142857145,2018,10,12,1,19,40,2018,10,12,4,23,25
13.207,0.061748616847190844,2018,10,12,1,26,33,2018,10,12,5,0,26
26.257,0.1155169379674439,2018,10,12,1,37,8,2018,10,12,5,24,26
10.746,0.11277942977085885,2018,10,12,1,38,46,2018,10,12,3,14,3
1.067,0.09788990825688072,2018,10,12,1,46,59,2018,10,12,1,57,53
5.379,0.0949235294117647,2018,10,12,1,49,29,2018,10,12,2,46,9
13.873,0.035152666920055746,2018,10,12,1,51,35,2018,10,12,8,26,14
31.106,0.11032452562511084,2018,10,12,1,56,58,2018,10,12,6,38,55
13.891,0.10475867269984918,2018,10,12,1,59,3,2018,10,12,4,11,39
2.629,0.10008883248730965,2018,10,12,1,59,41,2018,10,12,2,25,57
14.27047043010747,0.06611800971478364,2018,10,12,2,0,53,2018,10,12,5,36,43
4.978,0.08366386554621848,2018,10,12,2,2,59,2018,10,12,3,2,29
9.6856078255669,0.11216685379926926,2018,10,12,2,23,13,2018,10,12,3,49,34
11.985,0.10548628428927681,2018,10,12,2,30,8,2018,10,12,4,23,45
5.278,0.05226605050338339,2018,10,12,2,49,16,2018,10,12,4,30,15
13.869,0.10277139681363469,2018,10,12,3,1,32,2018,10,12,5,16,29
5.934,0.058405511811023623,2018,10,12,3,10,46,2018,10,12,4,52,22
7.99,0.11295947219604147,2018,10,12,3,21,31,2018,10,12,4,32,15
2.9079077060931358,0.11278245789630778,2018,10,12,3,35,29,2018,10,12,4,1,16
5.937,0.05700432069131061,2018,10,12,4,28,1,2018,10,12,6,12,10
0.8354659498209249,0.11366883671032993,2018,10,12,5,35,54,2018,10,12,5,43,15
0.935,0.04947089947089948,2018,10,12,6,5,44,2018,10,12,6,24,38
13.931,0.015250136836343731,2018,10,12,7,36,28,2018,10,12,22,49,58
8.22,0.10894632206759444,2018,10,12,13,2,20,2018,10,12,14,17,47
10.374,0.11381239714755897,2018,10,12,13,26,6,2018,10,12,14,57,15
4.219,0.057518745739604644,2018,10,12,13,30,44,2018,10,12,14,44,5
13.246,0.02406540499621499,2018,10,12,13,35,36,2018,10,12,22,46,1
10.395,0.016473415916114207,2018,10,12,13,53,26,2018,10,13,0,24,27
20.980574970130757,0.0464000920828546,2018,10,12,14,8,13,2018,10,12,21,40,23
7.884,0.10364592462751973,2018,10,12,14,8,37,2018,10,12,15,24,41
13.891,0.0556753507014028,2018,10,12,14,10,39,2018,10,12,18,20,9
13.893,0.09250693596715126,2018,10,12,14,11,15,2018,10,12,16,41,26
15.473,0.02289413331360509,2018,10,12,14,25,34,2018,10,13,1,41,25
12.811,0.02206573848141237,2018,10,12,14,34,42,2018,10,13,0,15,17
5.42,0.008925483738163853,2018,10,12,14,37,44,2018,10,13,0,44,59
13.62,0.063535997512051,2018,10,12,14,47,51,2018,10,12,18,22,13
13.206,0.03733496678132215,2018,10,12,14,54,12,2018,10,12,20,47,55
13.216,0.0339060161628255,2018,10,12,14,58,18,2018,10,12,21,28,5
5.041,0.05222030386740332,2018,10,12,15,0,35,2018,10,12,16,37,7
7.348,0.03508515040585707,2018,10,12,15,1,8,2018,10,12,18,30,34
14.7062440262819,0.025254719413174788,2018,10,12,15,8,22,2018,10,13,0,50,41
11.275,0.058038778311599176,2018,10,12,15,12,34,2018,10,12,18,26,50
13.78,0.09032117107275507,2018,10,12,15,16,52,2018,10,12,17,49,26
13.237,0.0300283564596015,2018,10,12,15,24,59,2018,10,12,22,45,48
8.454307048982633,0.0354503056075867,2018,10,12,15,27,20,2018,10,12,19,25,49
2.537807646356109,0.04320898376315736,2018,10,12,15,28,27,2018,10,12,16,27,11
13.884,0.04310016556291391,2018,10,12,15,28,40,2018,10,12,20,50,48
8.754719235363481,0.03364611543183506,2018,10,12,15,28,53,2018,10,12,19,49,5
6.5518503584225645,0.042535276077186095,2018,10,12,15,32,47,2018,10,12,18,6,49
13.231,0.02248640380693406,2018,10,12,15,35,19,2018,10,13,1,23,43
11.84,0.038785761083205944,2018,10,12,15,38,27,2018,10,12,20,43,43
13.876,0.035926469319064465,2018,10,12,15,41,3,2018,10,12,22,7,17
7.174,0.04350075795856494,2018,10,12,15,41,12,2018,10,12,18,26,7
16.097,0.08057228664386419,2018,10,12,15,44,50,2018,10,12,19,4,37
6.029,0.04756607495069033,2018,10,12,15,47,20,2018,10,12,17,54,5
6.413,0.035210468521229873,2018,10,12,15,51,3,2018,10,12,18,53,11
4.883,0.05532099697885196,2018,10,12,15,57,6,2018,10,12,17,25,22
1.441146953404112,-1.4908416759352883,2018,10,12,15,59,7,2018,10,12,15,58,9
32.601,0.07981637899375689,2018,10,12,16,0,19,2018,10,12,22,48,46
8.395,0.042381152713504414,2018,10,12,16,0,51,2018,10,12,19,18,56
6.196,0.03943148069579975,2018,10,12,16,3,53,2018,10,12,18,41,1
6.105,0.04004591669399804,2018,10,12,16,9,40,2018,10,12,18,42,7
13.901,0.039717142857142854,2018,10,12,16,19,31,2018,10,12,22,9,31
7.391,0.04390693069306931,2018,10,12,16,19,53,2018,10,12,19,8,13
7.595,0.03232144123696716,2018,10,12,16,22,14,2018,10,12,20,17,13
4.759,0.03854481641468683,2018,10,12,16,30,22,2018,10,12,18,33,50
3.896,0.10123863144218276,2018,10,12,16,35,51,2018,10,12,17,14,20
9.634,0.020349938391128322,2018,10,12,16,55,33,2018,10,13,0,48,58
7.531,0.033083906867769804,2018,10,12,17,9,25,2018,10,12,20,57,3
2.802,0.10232501521606817,2018,10,12,17,13,33,2018,10,12,17,40,56
12.66,0.10786708321499575,2018,10,12,17,26,40,2018,10,12,19,24,2
13.899,0.05094630093469363,2018,10,12,17,36,51,2018,10,12,22,9,40
13.555,0.0532090284592738,2018,10,12,18,19,58,2018,10,12,22,34,43
9.37,0.05375788869764773,2018,10,12,18,21,37,2018,10,12,21,15,55
13.971,0.038887548710335874,2018,10,12,18,29,16,2018,10,13,0,28,32
1.1457959976099563,-1.1652162687558878,2018,10,12,18,40,37,2018,10,12,18,39,38
13.926,0.06117733196661298,2018,10,12,19,39,21,2018,10,12,23,26,59
7.953001792113909,0.051794215513604094,2018,10,12,19,55,43,2018,10,12,22,29,16
6.868,0.10124815724815726,2018,10,12,20,4,42,2018,10,12,21,12,32
3.686,0.10531428571428571,2018,10,12,20,30,7,2018,10,12,21,5,7
13.87,0.10738064516129033,2018,10,12,21,15,17,2018,10,12,23,24,27
13.871,0.05907580919931857,2018,10,12,21,54,19,2018,10,13,1,49,7
9.518,0.0668555373448841,2018,10,12,22,7,25,2018,10,13,0,29,47
12.322,0.10072479564032698,2018,10,12,23,54,25,2018,10,13,1,56,45
3.939,0.11195641875888206,2018,10,13,0,18,29,2018,10,13,0,53,40
1.133,0.10722397476340695,2018,10,13,0,27,37,2018,10,13,0,38,11
7.566,0.10088,2018,10,13,0,36,48,2018,10,13,1,51,48
10.353,0.055977291159772916,2018,10,13,0,37,9,2018,10,13,3,42,6
13.045,0.10818244644091224,2018,10,13,1,5,41,2018,10,13,3,6,16
2.179,0.03365250965250965,2018,10,13,1,19,40,2018,10,13,2,24,25
6.505,0.05278604273735461,2018,10,13,1,26,6,2018,10,13,3,29,20
0.574,0.0533953488372093,2018,10,13,1,51,29,2018,10,13,2,2,14
9.327,0.11059683794466403,2018,10,13,1,56,0,2018,10,13,3,20,20
2.207,0.11044203502919098,2018,10,13,1,59,42,2018,10,13,2,19,41
36.11,0.05006470098900083,2018,10,13,2,1,9,2018,10,13,14,2,25
33.53201762245634,0.03158530970120538,2018,10,13,2,20,32,2018,10,13,20,2,10
4.285,0.0634188455846078,2018,10,13,2,44,1,2018,10,13,3,51,35
2.044121863798499,0.05245821720612059,2018,10,13,2,49,6,2018,10,13,3,28,4
6.555,0.053619631901840485,2018,10,13,3,19,30,2018,10,13,5,21,45
5.847,0.05113248797551378,2018,10,13,4,10,45,2018,10,13,6,5,6
0.674,0.10959349593495935,2018,10,13,4,16,22,2018,10,13,4,22,31
12.122290919950428,0.09089445828505695,2018,10,13,4,24,39,2018,10,13,6,38,1
1.437,0.10325748502994013,2018,10,13,5,7,32,2018,10,13,5,21,27
27.715,0.10882141221124272,2018,10,13,5,20,32,2018,10,13,9,35,13
2.342,0.11241600000000002,2018,10,13,6,39,43,2018,10,13,7,0,33
3.884278673833799,0.057945479967684725,2018,10,13,7,37,0,2018,10,13,8,44,2
6.496,0.058531311007658814,2018,10,13,14,53,5,2018,10,13,16,44,4
4.43,0.05041729893778452,2018,10,13,14,53,13,2018,10,13,16,21,5
10.637,0.10148195261567818,2018,10,13,15,12,0,2018,10,13,16,56,49
2.391,0.05903703703703704,2018,10,13,15,20,19,2018,10,13,16,0,49
11.461,0.05861904355979882,2018,10,13,15,31,5,2018,10,13,18,46,36
1.76,0.09714811407543698,2018,10,13,15,40,27,2018,10,13,15,58,34
7.659,0.05899101412066752,2018,10,13,15,41,58,2018,10,13,17,51,48
1.502,0.10382488479262673,2018,10,13,16,16,50,2018,10,13,16,31,18
13.873,0.10766783081102056,2018,10,13,16,39,1,2018,10,13,18,47,52
5.498,0.05108082997832146,2018,10,13,16,55,35,2018,10,13,18,43,13
6.695,0.10621364357482814,2018,10,13,16,59,4,2018,10,13,18,2,6
1.05,0.10880829015544041,2018,10,13,17,2,21,2018,10,13,17,12,0
12.923,0.11434596667158237,2018,10,13,17,30,37,2018,10,13,19,23,38
0.751,0.1017155756207675,2018,10,13,17,43,6,2018,10,13,17,50,29
14.822,0.05749789875218206,2018,10,13,17,49,49,2018,10,13,22,7,36
12.022,0.11355793450881613,2018,10,13,18,54,11,2018,10,13,20,40,3
1.764,0.045385934819897084,2018,10,13,19,1,23,2018,10,13,19,40,15
13.013,0.05678813004582151,2018,10,13,20,1,31,2018,10,13,23,50,40
7.089,0.07856298485408202,2018,10,13,20,10,38,2018,10,13,21,40,52
5.993,0.05428442028985507,2018,10,13,20,14,5,2018,10,13,22,4,29
5.399,0.04574777573789013,2018,10,13,20,16,43,2018,10,13,22,14,44
5.677,0.05037267080745341,2018,10,13,20,20,10,2018,10,13,22,12,52
8.534,0.059147510684994804,2018,10,13,20,27,26,2018,10,13,22,51,43
10.855,0.05947402063738471,2018,10,13,20,35,1,2018,10,13,23,37,32
5.538,0.05234404536862004,2018,10,13,20,43,22,2018,10,13,22,29,10
5.115,0.05431858407079646,2018,10,13,21,15,24,2018,10,13,22,49,34
12.44,0.09549641760491298,2018,10,13,21,26,47,2018,10,13,23,37,3
2.387,0.03372262773722628,2018,10,13,21,57,20,2018,10,13,23,8,7
50.574,0.10612527541706011,2018,10,13,22,13,36,2018,10,14,6,10,9
9.477,0.1032165547286259,2018,10,13,22,32,53,2018,10,14,0,4,42
44.667,0.11105668821481851,2018,10,13,22,50,3,2018,10,14,5,32,15
0.564,0.10380368098159508,2018,10,13,22,55,4,2018,10,13,23,0,30
8.871,0.11118863588886568,2018,10,13,22,55,25,2018,10,14,0,15,12
5.684,0.10983574879227054,2018,10,13,22,59,14,2018,10,13,23,50,59
3.938,0.10710788757932911,2018,10,13,23,2,58,2018,10,13,23,39,44
7.824,0.05388429752066116,2018,10,13,23,9,34,2018,10,14,1,34,46
12.082,0.1116979969183359,2018,10,13,23,13,1,2018,10,14,1,1,11
2.286,0.052112462006079024,2018,10,13,23,31,44,2018,10,14,0,15,36
7.924,0.11503508347447375,2018,10,13,23,46,15,2018,10,14,0,55,8
13.867,0.09748330404217927,2018,10,14,0,12,40,2018,10,14,2,34,55
2.558,0.03282292557741659,2018,10,14,0,34,7,2018,10,14,1,52,3
13.89,0.10538694992412746,2018,10,14,1,0,17,2018,10,14,3,12,5
9.242,0.05833368398905955,2018,10,14,1,12,4,2018,10,14,3,50,30
5.039,0.09601143220069863,2018,10,14,2,3,54,2018,10,14,2,56,23
2.684,0.03231139646869984,2018,10,14,2,53,52,2018,10,14,4,16,56
5.462,0.05127836019402284,2018,10,14,6,23,21,2018,10,14,8,9,52
6.388037634406961,0.05659808890496422,2018,10,14,8,28,19,2018,10,14,10,21,11
11.745,0.1028909329829172,2018,10,14,14,1,59,2018,10,14,15,56,8
10.739,0.11334036939313985,2018,10,14,14,16,14,2018,10,14,15,50,59
13.877,0.10665044191110541,2018,10,14,14,24,57,2018,10,14,16,35,4
2.301,0.03324343847820853,2018,10,14,14,33,47,2018,10,14,15,43,0
6.705,0.1114713216957606,2018,10,14,15,48,32,2018,10,14,16,48,41
9.204,0.10253249164500558,2018,10,14,16,50,51,2018,10,14,18,20,37
13.276,0.03949035744385504,2018,10,14,16,51,17,2018,10,14,22,27,28
11.853,0.051876869210008024,2018,10,14,16,59,18,2018,10,14,20,47,47
9.286,0.11478368355995054,2018,10,14,17,19,34,2018,10,14,18,40,28
3.29,0.05866270430906389,2018,10,14,17,20,19,2018,10,14,18,16,24
13.907,0.08262402218041391,2018,10,14,17,25,56,2018,10,14,20,14,15
4.093,0.058097941802696944,2018,10,14,17,26,51,2018,10,14,18,37,18
6.71,0.10721704394141145,2018,10,14,18,1,57,2018,10,14,19,4,32
0.998,0.036534472239170224,2018,10,14,18,6,15,2018,10,14,18,33,34
4.773,0.10997695852534561,2018,10,14,18,8,5,2018,10,14,18,51,29
0.663,0.11019390581717452,2018,10,14,18,28,24,2018,10,14,18,34,25
10.892,0.057467463946535347,2018,10,14,19,11,30,2018,10,14,22,21,2
13.911,0.07264229765013054,2018,10,14,19,15,59,2018,10,14,22,27,29
13.924,0.07829803186504217,2018,10,14,19,31,42,2018,10,14,22,29,32
9.722,0.1084842849172401,2018,10,14,19,31,58,2018,10,14,21,1,35
4.279,0.057655513137210866,2018,10,14,19,56,21,2018,10,14,21,10,34
9.902,0.11226757369614511,2018,10,14,20,2,48,2018,10,14,21,31,0
9.011,0.09033583959899749,2018,10,14,20,14,24,2018,10,14,21,54,9
17.706,0.10848156846727254,2018,10,14,20,17,46,2018,10,14,23,0,59
13.746,0.10999733262203254,2018,10,14,20,18,57,2018,10,14,22,23,55
33.967,0.11423878923766817,2018,10,14,20,25,17,2018,10,15,1,22,37
13.13,0.05218600953895072,2018,10,14,20,47,25,2018,10,15,0,59,1
13.216,0.035669110701272995,2018,10,14,21,3,46,2018,10,15,3,14,17
6.91,0.11076676462730431,2018,10,14,22,23,1,2018,10,14,23,25,24
1.799,0.03304960195958359,2018,10,14,22,31,43,2018,10,14,23,26,9
1.853,0.10459078080903106,2018,10,14,22,53,38,2018,10,14,23,11,21
3.255,0.09194915254237289,2018,10,14,23,5,8,2018,10,14,23,40,32
5.845,0.10034334763948498,2018,10,14,23,7,28,2018,10,15,0,5,43
13.867,0.04591975274573652,2018,10,14,23,12,57,2018,10,15,4,14,56
1.386,0.11298913043478259,2018,10,14,23,19,47,2018,10,14,23,32,3
33.158,0.11471371734993946,2018,10,14,23,34,17,2018,10,15,4,23,20
13.470914722222222,0.009351230239993213,2018,10,14,23,44,26,2018,10,15,23,44,59
0.8133930704892309,0.04895043553596174,2018,10,14,23,56,31,2018,10,15,0,13,8
13.506,0.05660519698239732,2018,10,15,0,0,8,2018,10,15,3,58,44
10.962,0.11195234042553191,2018,10,15,0,29,49,2018,10,15,2,7,44
5.078,0.054484978540772534,2018,10,15,0,51,20,2018,10,15,2,24,32
6.667,0.05365075107296137,2018,10,15,1,0,3,2018,10,15,3,4,19
13.892,0.10837602392406709,2018,10,15,1,19,1,2018,10,15,3,27,12
2.811,0.032603904890779044,2018,10,15,1,50,46,2018,10,15,3,16,59
4.953,0.10304438280166435,2018,10,15,1,55,16,2018,10,15,2,43,20
5.992,0.10475524475524475,2018,10,15,3,11,35,2018,10,15,4,8,47
13.865,0.09915375446960667,2018,10,15,3,28,35,2018,10,15,5,48,25
3.274,0.058049645390070924,2018,10,15,4,44,54,2018,10,15,5,41,18
0.754,0.056549999999999996,2018,10,15,5,7,25,2018,10,15,5,20,45
13.877,0.10891039895356443,2018,10,15,5,20,38,2018,10,15,7,28,3
14.760188172050436,0.046118382040463785,2018,10,15,5,29,12,2018,10,15,10,49,15
9.253,0.11542203742203741,2018,10,15,5,47,50,2018,10,15,7,8,0
6.604359318994781,0.05444649067596687,2018,10,15,7,45,37,2018,10,15,9,46,55
3.702,0.055116625310173695,2018,10,15,10,29,19,2018,10,15,11,36,29
11.761,0.045765613853038456,2018,10,15,11,49,49,2018,10,15,16,6,48
37.556,0.08319893664155958,2018,10,15,12,57,25,2018,10,15,20,28,49
12.188,0.040529845369395336,2018,10,15,13,42,58,2018,10,15,18,43,41
11.038,0.04439171526241705,2018,10,15,13,53,20,2018,10,15,18,1,59
10.92,0.07090909090909091,2018,10,15,13,59,42,2018,10,15,16,33,42
39.894,0.06901877108503215,2018,10,15,14,11,20,2018,10,15,23,49,21
2.131,0.03365622532245327,2018,10,15,14,17,16,2018,10,15,15,20,35
12.459,0.04653221288515406,2018,10,15,14,21,28,2018,10,15,18,49,13
19.708052568695475,0.04088100792123521,2018,10,15,14,21,39,2018,10,15,22,23,44
21.19008661887485,0.008747137598864066,2018,10,15,14,25,38,2018,10,17,6,48,9
5.595,0.04131183854294856,2018,10,15,14,30,44,2018,10,15,16,46,10
13.989,0.033889449670933096,2018,10,15,14,33,10,2018,10,15,21,25,57
6.69,0.08326073428749223,2018,10,15,14,37,44,2018,10,15,15,58,5
12.443,0.03726564839772387,2018,10,15,14,45,17,2018,10,15,20,19,11
4.68,0.05164612837962111,2018,10,15,14,54,3,2018,10,15,16,24,40
15.861,0.05596683133380382,2018,10,15,15,3,32,2018,10,15,19,46,56
13.69520161290076,0.03580756914650713,2018,10,15,15,5,52,2018,10,15,21,28,20
8.544889486258667,0.03671273678306624,2018,10,15,15,6,18,2018,10,15,18,59,3
28.195,0.06515309069901791,2018,10,15,15,8,24,2018,10,15,22,21,9
7.406,0.040606780590331716,2018,10,15,15,10,58,2018,10,15,18,13,21
15.03943847072415,0.021295282679082667,2018,10,15,15,13,17,2018,10,16,2,59,31
5.427,0.05264672594987874,2018,10,15,15,14,3,2018,10,15,16,57,8
17.918,0.05854598921744812,2018,10,15,15,17,34,2018,10,15,20,23,37
13.885,0.02784052934099719,2018,10,15,15,21,35,2018,10,15,23,40,19
1.967,0.028792388387411567,2018,10,15,15,28,17,2018,10,15,16,36,36
5.118,0.032097836312323616,2018,10,15,15,29,12,2018,10,15,18,8,39
8.121,0.039093388960205394,2018,10,15,15,29,39,2018,10,15,18,57,23
33.491,0.07120946879761862,2018,10,15,15,30,34,2018,10,15,23,20,53
13.938,0.03990647070051537,2018,10,15,15,31,24,2018,10,15,21,20,40
13.899,0.040158913608783584,2018,10,15,15,34,24,2018,10,15,21,20,30
8.373,0.03246397415185783,2018,10,15,15,39,35,2018,10,15,19,57,30
4.7,0.04842032967032967,2018,10,15,15,40,54,2018,10,15,17,17,58
13.874,0.02520559559135227,2018,10,15,15,41,16,2018,10,16,0,51,42
13.904,0.029802800800228634,2018,10,15,15,42,1,2018,10,15,23,28,33
0.8584229390675605,-0.8584229390675605,2018,10,15,15,42,14,2018,10,15,15,41,14
3.995,0.047166469893742624,2018,10,15,15,43,1,2018,10,15,17,7,43
13.976,0.026905380691115602,2018,10,15,15,43,30,2018,10,16,0,22,57
13.864,0.022438498057833406,2018,10,15,15,45,9,2018,10,16,2,3,1
0.8972088888888888,0.025368771599120325,2018,10,15,15,47,37,2018,10,15,16,22,59
8.373,0.042305684210526315,2018,10,15,15,53,34,2018,10,15,19,11,29
2.639,0.029712891724526177,2018,10,15,15,56,40,2018,10,15,17,25,29
13.974,0.0300139609808484,2018,10,15,16,6,10,2018,10,15,23,51,45
4.008,0.029262594305183742,2018,10,15,16,13,17,2018,10,15,18,30,15
19.84,0.06262626262626263,2018,10,15,16,25,3,2018,10,15,21,41,51
1.652,0.03181001283697048,2018,10,15,16,29,35,2018,10,15,17,21,31
11.945,0.05678180953890033,2018,10,15,16,56,59,2018,10,15,20,27,21
13.895,0.050192655027092116,2018,10,15,18,49,31,2018,10,15,23,26,21
7.638,0.04650228310502283,2018,10,15,20,8,26,2018,10,15,22,52,41
13.897,0.07417007649884362,2018,10,15,20,26,0,2018,10,15,23,33,22
10.18,0.06746189529489728,2018,10,15,20,30,42,2018,10,15,23,1,36
10.835,0.09664040434071652,2018,10,15,21,30,35,2018,10,15,23,22,42
7.44,0.10180159635119727,2018,10,15,22,35,40,2018,10,15,23,48,45
12.2,0.10068775790921594,2018,10,15,22,38,7,2018,10,16,0,39,17
13.916829450423636,0.061701748838056465,2018,10,15,23,4,12,2018,10,16,2,49,45
2.183,0.057422183252959225,2018,10,15,23,26,42,2018,10,16,0,4,43
1.935,0.0516,2018,10,15,23,27,38,2018,10,16,0,5,8
13.249,0.06612927377090093,2018,10,15,23,39,13,2018,10,16,2,59,34
13.395116487453969,0.10902156663690155,2018,10,16,0,0,19,2018,10,16,2,3,11
13.889,0.10541935483870968,2018,10,16,0,3,27,2018,10,16,2,15,12
13.564,0.07723640504887538,2018,10,16,0,3,56,2018,10,16,2,59,33
11.68,0.10648837562680442,2018,10,16,0,9,22,2018,10,16,1,59,3
27.757,0.1656145584725537,2018,10,16,0,11,58,2018,10,16,2,59,34
6.982,0.10605569620253166,2018,10,16,0,23,26,2018,10,16,1,29,16
0.624,0.06603174603174604,2018,10,16,0,50,59,2018,10,16,1,0,26
10.593,0.11398493543758967,2018,10,16,1,11,57,2018,10,16,2,44,53
1.714,0.09602240896358542,2018,10,16,1,15,9,2018,10,16,1,33,0
5.715,0.10132978723404255,2018,10,16,1,18,38,2018,10,16,2,15,2
13.877,0.14345623707787733,2018,10,16,1,22,50,2018,10,16,2,59,34
11.536,0.1592270531400966,2018,10,16,1,47,7,2018,10,16,2,59,34
3.209,0.04785980611483968,2018,10,16,1,52,29,2018,10,16,2,59,32
1.33,0.1017857142857143,2018,10,16,1,59,40,2018,10,16,2,12,44
13.914,0.25902575240459197,2018,10,16,2,5,51,2018,10,16,2,59,34
30.842,0.6459057591623036,2018,10,16,2,11,49,2018,10,16,2,59,34
6.102,0.16300979519145148,2018,10,16,2,22,9,2018,10,16,2,59,35
6.488,0.01009465031247569,2018,10,16,3,20,38,2018,10,16,14,3,21
11.77,0.04615384615384615,2018,10,16,11,51,31,2018,10,16,16,6,32
12.17,0.053420147779647376,2018,10,16,12,53,6,2018,10,16,16,40,55
6.372,0.05641434262948207,2018,10,16,13,50,10,2018,10,16,15,43,7
17.88459976105902,0.11782979967756026,2018,10,16,14,9,9,2018,10,16,16,40,56
18.448666367971,0.03550323888890436,2018,10,16,14,10,50,2018,10,16,22,50,28
13.93,0.025133062697338747,2018,10,16,14,12,23,2018,10,16,23,26,38
5.233,0.008869742083109691,2018,10,16,14,31,28,2018,10,17,0,21,27
5.991,0.04860851926977687,2018,10,16,14,37,40,2018,10,16,16,40,55
12.778,0.10438121170864534,2018,10,16,14,38,31,2018,10,16,16,40,56
13.89,0.11776176345909284,2018,10,16,14,42,58,2018,10,16,16,40,55
13.868,0.12115317414094351,2018,10,16,14,46,26,2018,10,16,16,40,54
1.5567502986848034,0.06281440344390599,2018,10,16,14,53,22,2018,10,16,15,18,9
6.401,0.06326140668753089,2018,10,16,14,59,45,2018,10,16,16,40,56
3.3558542413363788,0.05527072590726948,2018,10,16,15,0,25,2018,10,16,16,1,8
3.672045997611959,0.04398537829042075,2018,10,16,15,17,28,2018,10,16,16,40,57
4.941,0.08395921835174171,2018,10,16,15,20,37,2018,10,16,16,19,28
16.783,0.21952910398953565,2018,10,16,15,24,31,2018,10,16,16,40,58
29.913,0.4045030425963489,2018,10,16,15,26,59,2018,10,16,16,40,56
2.648,0.07036315323294952,2018,10,16,15,28,0,2018,10,16,16,5,38
12.417,0.17032921810699586,2018,10,16,15,28,2,2018,10,16,16,40,56
12.613,0.18156909788867562,2018,10,16,15,31,28,2018,10,16,16,40,56
5.359,0.07746085280655263,2018,10,16,15,31,46,2018,10,16,16,40,57
6.585,0.09662509170946441,2018,10,16,15,32,46,2018,10,16,16,40,55
8.308,0.12568835098335857,2018,10,16,15,34,51,2018,10,16,16,40,57
5.381,0.08607304718741669,2018,10,16,15,38,25,2018,10,16,16,40,56
2.232,0.035884244372990357,2018,10,16,15,38,45,2018,10,16,16,40,57
6.086648745510046,0.008698733409489621,2018,10,16,15,44,12,2018,10,17,3,23,55
6.724,0.14066945606694561,2018,10,16,15,53,8,2018,10,16,16,40,56
13.927,0.31664266767715044,2018,10,16,15,56,56,2018,10,16,16,40,55
13.88,0.03082731815657968,2018,10,16,15,59,44,2018,10,16,23,29,59
6.036,0.15503424657534245,2018,10,16,16,2,1,2018,10,16,16,40,57
13.899,0.031186985789080027,2018,10,16,16,4,5,2018,10,16,23,29,45
4.938,0.14495107632093931,2018,10,16,16,6,54,2018,10,16,16,40,58
6.45,0.19846153846153847,2018,10,16,16,8,27,2018,10,16,16,40,57
4.35,0.1537102473498233,2018,10,16,16,12,37,2018,10,16,16,40,55
10.208,0.04942144759138223,2018,10,16,16,59,49,2018,10,16,20,26,22
12.317,0.06037251858508291,2018,10,16,17,2,22,2018,10,16,20,26,23
10.587,0.03844459238637051,2018,10,16,17,33,8,2018,10,16,22,8,31
6.511,0.051825417882727515,2018,10,16,18,20,45,2018,10,16,20,26,23
6.153930704898566,0.022790929096593665,2018,10,16,19,0,2,2018,10,16,23,30,3
61.114,0.11035723959430584,2018,10,16,19,25,12,2018,10,17,4,38,59
24.317,0.11665627248740706,2018,10,16,19,36,53,2018,10,16,23,5,20
2.093,0.043970588235294115,2018,10,16,19,41,48,2018,10,16,20,29,24
1.973,0.10366024518388792,2018,10,16,20,11,10,2018,10,16,20,30,12
0.78,0.04869927159209157,2018,10,16,20,15,24,2018,10,16,20,31,25
13.897,0.10009843937575029,2018,10,16,20,18,56,2018,10,16,22,37,46
3.081,0.09450920245398772,2018,10,16,20,29,17,2018,10,16,21,1,53
8.979,0.05300993801042999,2018,10,16,21,15,49,2018,10,17,0,5,12
7.803,0.11300506879073136,2018,10,16,21,47,56,2018,10,16,22,56,59
18.121,0.09671410780999821,2018,10,16,22,1,19,2018,10,17,1,8,41
13.897,0.10785409390764455,2018,10,16,22,18,14,2018,10,17,0,27,5
2.176,0.11008431703204048,2018,10,16,22,18,44,2018,10,16,22,38,30
5.57,0.04274750575594781,2018,10,16,22,20,10,2018,10,17,0,30,28
3.965,0.11039443155452437,2018,10,16,22,24,35,2018,10,16,23,0,30
10.221,0.09900871811430416,2018,10,16,22,32,2,2018,10,17,0,15,16
9.417,0.1128009582751048,2018,10,16,22,43,53,2018,10,17,0,7,22
2.163,0.10259288537549406,2018,10,16,22,49,36,2018,10,16,23,10,41
13.186,0.04585105766444509,2018,10,16,23,10,8,2018,10,17,3,57,43
5.71,0.10831489092633576,2018,10,16,23,12,36,2018,10,17,0,5,19
2.218,0.0577353579175705,2018,10,16,23,19,12,2018,10,16,23,57,37
11.553968040620935,0.10746211167838414,2018,10,16,23,54,12,2018,10,17,1,41,43
10.215,0.11023381294964028,2018,10,17,0,12,20,2018,10,17,1,45,0
15.534,0.0967448619472701,2018,10,17,0,22,11,2018,10,17,3,2,45
13.893,0.10733711048158641,2018,10,17,0,23,20,2018,10,17,2,32,46
2.427,0.0457492931196984,2018,10,17,0,29,8,2018,10,17,1,22,11
3.945,0.05513626834381551,2018,10,17,1,23,2,2018,10,17,2,34,35
2.777,0.11273342354533154,2018,10,17,1,32,33,2018,10,17,1,57,11
2.366,0.11073322932917316,2018,10,17,1,48,55,2018,10,17,2,10,17
4.088,0.05944740668928745,2018,10,17,1,54,29,2018,10,17,3,3,15
3.911248506570774,0.11331478048973753,2018,10,17,2,6,3,2018,10,17,2,40,34
8.304,0.055532768613464116,2018,10,17,2,15,15,2018,10,17,4,44,47
13.868,0.05919328448459842,2018,10,17,2,15,57,2018,10,17,6,10,14
10.487,0.11238078228255047,2018,10,17,2,27,29,2018,10,17,4,0,48
25.636,0.10521649907654422,2018,10,17,3,6,59,2018,10,17,7,10,38
11.368,0.11386978297161937,2018,10,17,3,7,28,2018,10,17,4,47,18
6.465,0.049993555870601884,2018,10,17,3,9,20,2018,10,17,5,18,39
6.799,0.11133733624454148,2018,10,17,3,16,2,2018,10,17,4,17,6
3.337,0.054689975416552856,2018,10,17,3,19,51,2018,10,17,4,20,52
11.608,0.05643626934608217,2018,10,17,5,9,23,2018,10,17,8,35,4
4.701354540019017,0.06076718492053879,2018,10,17,8,44,53,2018,10,17,10,2,15
11.801,0.04519435756686028,2018,10,17,11,48,6,2018,10,17,16,9,13
43.546,0.09660787576261785,2018,10,17,12,53,50,2018,10,17,20,24,35
5.54,0.058821447531410366,2018,10,17,12,57,20,2018,10,17,14,31,31
12.317,0.0503351042092358,2018,10,17,13,3,36,2018,10,17,17,8,18
13.9,0.10493205837946654,2018,10,17,13,9,26,2018,10,17,15,21,54
13.421,0.020816896311041024,2018,10,17,13,30,50,2018,10,18,0,15,33
6.843,0.03760234453704552,2018,10,17,13,52,23,2018,10,17,16,54,22
13.929,0.056679552390640896,2018,10,17,14,3,36,2018,10,17,18,9,21
15.149003882914212,0.05939233095758316,2018,10,17,14,4,46,2018,10,17,18,19,50
13.676,0.0673915900131406,2018,10,17,14,15,5,2018,10,17,17,38,1
5.595,0.04148029161003336,2018,10,17,14,18,9,2018,10,17,16,33,2
4.976,0.008597840172786177,2018,10,17,14,30,57,2018,10,18,0,9,42
12.515,0.06167049934296978,2018,10,17,14,39,55,2018,10,17,18,2,51
11.379,0.06365280626515009,2018,10,17,14,53,22,2018,10,17,17,52,8
21.693242234170484,0.03928511813504253,2018,10,17,14,55,17,2018,10,18,0,7,29
5.869,0.06853639548462435,2018,10,17,15,6,47,2018,10,17,16,32,25
10.422,0.05618833677778777,2018,10,17,15,10,58,2018,10,17,18,16,27
2.026,0.043030088495575214,2018,10,17,15,22,14,2018,10,17,16,9,19
10.685023894863264,0.04320964033779038,2018,10,17,15,22,16,2018,10,17,19,29,33
1.757,0.03099676565715966,2018,10,17,15,26,14,2018,10,17,16,22,55
3.759,0.06956816779765577,2018,10,17,15,27,12,2018,10,17,16,21,14
13.864,0.03857182602244274,2018,10,17,15,27,13,2018,10,17,21,26,39
6.956,0.05264379414732594,2018,10,17,15,30,0,2018,10,17,17,42,8
9.930216547191304,0.03425787677273909,2018,10,17,15,33,31,2018,10,17,20,23,23
11.481,0.0973103545698545,2018,10,17,15,33,42,2018,10,17,17,31,41
5.376999701311723,0.011095366856233566,2018,10,17,15,36,3,2018,10,17,23,40,40
4.388845579449898,0.012900780656819218,2018,10,17,15,39,27,2018,10,17,21,19,39
4.778,0.046305927959941845,2018,10,17,15,39,34,2018,10,17,17,22,45
11.963,0.02347297164720887,2018,10,17,15,40,42,2018,10,18,0,10,21
4.344,0.0549873417721519,2018,10,17,15,42,46,2018,10,17,17,1,46
3.837,0.048243922883487014,2018,10,17,15,43,35,2018,10,17,17,3,7
10.714,0.03974035608308605,2018,10,17,15,48,18,2018,10,17,20,17,54
13.9,0.10524987380111056,2018,10,17,15,48,54,2018,10,17,18,0,58
12.658,0.04037854218725078,2018,10,17,15,50,10,2018,10,17,21,3,39
14.064,0.030258175559380377,2018,10,17,15,56,54,2018,10,17,23,41,42
12.035,0.054297315587638166,2018,10,17,15,58,31,2018,10,17,19,40,10
4.307,0.04599038974906567,2018,10,17,16,2,6,2018,10,17,17,35,45
11.767,0.07129354740987578,2018,10,17,16,5,53,2018,10,17,18,50,56
5.333,0.04686978174893804,2018,10,17,16,34,4,2018,10,17,18,27,51
1.88,0.03689892051030422,2018,10,17,16,38,21,2018,10,17,17,29,18
13.928,0.0322394969329887,2018,10,17,16,39,16,2018,10,17,23,51,17
13.224,0.042242453282223286,2018,10,17,16,48,57,2018,10,17,22,2,0
7.034,0.015619541080680976,2018,10,17,16,54,32,2018,10,18,0,24,52
12.233,0.027659782936388305,2018,10,17,16,54,59,2018,10,18,0,17,15
13.938,0.050323745336382245,2018,10,17,17,7,21,2018,10,17,21,44,19
4.022,0.051290116896918175,2018,10,17,17,12,59,2018,10,17,18,31,24
10.186,0.07389191149800509,2018,10,17,17,51,46,2018,10,17,20,9,37
12.318,0.0675143875034256,2018,10,17,18,2,12,2018,10,17,21,4,39
2.7382482078855985,0.061030792151982136,2018,10,17,18,32,23,2018,10,17,19,17,15
3.454,0.09887404580152673,2018,10,17,18,46,5,2018,10,17,19,21,1
5.64,0.03852897643174314,2018,10,17,18,49,5,2018,10,17,21,15,28
1.781,0.035174456879526,2018,10,17,19,0,4,2018,10,17,19,50,42
4.063,0.0564436212086131,2018,10,17,19,14,56,2018,10,17,20,26,55
9.479,0.053934566145092455,2018,10,17,19,25,37,2018,10,17,22,21,22
4.39214904420385,0.06927679880447714,2018,10,17,19,34,44,2018,10,17,20,38,8
6.787,0.0539078633836378,2018,10,17,19,53,20,2018,10,17,21,59,14
5.625,0.10384615384615385,2018,10,17,20,14,49,2018,10,17,21,8,59
3.020001493430743,0.042555211274270685,2018,10,17,20,33,52,2018,10,17,21,44,50
7.814,0.1000939368061486,2018,10,17,20,54,5,2018,10,17,22,12,9
13.908,0.10380395571588506,2018,10,17,21,4,4,2018,10,17,23,18,3
5.792,0.05852475581003705,2018,10,17,21,46,37,2018,10,17,23,25,35
3.941,0.05524766355140187,2018,10,17,22,12,38,2018,10,17,23,23,58
12.518,0.10215995647442873,2018,10,17,22,40,1,2018,10,18,0,42,33
3.97,0.019976517946997653,2018,10,17,22,50,24,2018,10,18,2,9,8
2.691,0.10615384615384614,2018,10,17,23,0,27,2018,10,17,23,25,48
10.812544802867269,0.11016347226558602,2018,10,17,23,29,9,2018,10,18,1,7,18
3.421,0.10970603955104222,2018,10,17,23,30,42,2018,10,18,0,1,53
8.467,0.11222001325381048,2018,10,17,23,59,2,2018,10,18,1,14,29
3.501,0.11305705059203444,2018,10,18,0,16,8,2018,10,18,0,47,6
6.692,0.0539459895203547,2018,10,18,0,16,51,2018,10,18,2,20,54
12.508,0.058704630788485604,2018,10,18,1,4,28,2018,10,18,4,37,32
2.108,0.033540175019888624,2018,10,18,1,9,13,2018,10,18,2,12,4
30.728,0.11188057527762608,2018,10,18,1,41,28,2018,10,18,6,16,7
12.844,0.11088345323741007,2018,10,18,1,44,42,2018,10,18,3,40,32
11.007,0.10023068750948551,2018,10,18,1,45,53,2018,10,18,3,35,42
6.003,0.05811229428848016,2018,10,18,1,47,56,2018,10,18,3,31,14
5.767,0.0621555595473325,2018,10,18,1,51,49,2018,10,18,3,24,36
6.279,0.08745125348189416,2018,10,18,2,3,38,2018,10,18,3,15,26
5.324,0.05828133552271483,2018,10,18,2,24,19,2018,10,18,3,55,40
15.09831989248064,0.05649511652939435,2018,10,18,3,0,16,2018,10,18,7,27,31
8.479,0.059515676181562935,2018,10,18,4,16,45,2018,10,18,6,39,13
13.86,0.10740023246803564,2018,10,18,6,12,41,2018,10,18,8,21,44
3.2255854241301467,0.05591884583871968,2018,10,18,7,36,54,2018,10,18,8,34,35
15.404,0.057193069306930695,2018,10,18,10,29,22,2018,10,18,14,58,42
11.59281138888889,0.049471456851588436,2018,10,18,12,1,22,2018,10,18,15,55,42
7.604,0.10007457775828033,2018,10,18,13,48,50,2018,10,18,15,4,49
16.125691457587923,0.06220131709773548,2018,10,18,14,2,42,2018,10,18,18,21,57
13.558083611111112,0.07365188018711333,2018,10,18,14,8,13,2018,10,18,17,12,18
7.715694444443934,0.12055772569443647,2018,10,18,14,32,24,2018,10,18,15,36,24
13.447,0.09868150684931505,2018,10,18,14,34,7,2018,10,18,16,50,23
10.953,0.04293610348882791,2018,10,18,14,35,52,2018,10,18,18,50,58
14.672,0.03333282847406285,2018,10,18,14,57,26,2018,10,18,22,17,36
12.182,0.025345724391427977,2018,10,18,15,2,26,2018,10,18,23,3,4
4.958,0.05167274622199062,2018,10,18,15,2,30,2018,10,18,16,38,27
20.705416111111116,0.08967265531013908,2018,10,18,15,3,14,2018,10,18,18,54,8
5.848,0.05342265529841656,2018,10,18,15,3,50,2018,10,18,16,53,18
15.312,0.03608909140904269,2018,10,18,15,8,44,2018,10,18,22,13,1
12.499,0.07822467925315532,2018,10,18,15,11,31,2018,10,18,17,51,18
3.904,0.04783336736777619,2018,10,18,15,24,31,2018,10,18,16,46,8
8.136,0.028256540865941187,2018,10,18,15,26,35,2018,10,18,20,14,31
3.894,0.05864457831325301,2018,10,18,15,30,58,2018,10,18,16,37,22
10.983258611111111,0.04313080153587713,2018,10,18,15,33,8,2018,10,18,19,47,47
13.878541111111112,0.0997141021035405,2018,10,18,15,34,30,2018,10,18,17,53,41
6.324,0.045704649482052516,2018,10,18,15,40,9,2018,10,18,17,58,31
3.663,0.04963414634146342,2018,10,18,15,40,53,2018,10,18,16,54,41
21.885,0.03456435904185312,2018,10,18,15,41,41,2018,10,19,2,14,51
4.995,0.04700439146800502,2018,10,18,15,43,44,2018,10,18,17,30,0
11.829,0.11119222935923546,2018,10,18,15,48,57,2018,10,18,17,35,20
4.739,0.05450258769407705,2018,10,18,15,49,27,2018,10,18,17,16,24
13.373,0.0350032718230598,2018,10,18,15,52,28,2018,10,18,22,14,31
4.07149940262862,0.07720921749611796,2018,10,18,15,55,10,2018,10,18,16,47,54
6.657,0.016938931297709924,2018,10,18,16,4,40,2018,10,18,22,37,40
13.666,0.10985530546623794,2018,10,18,16,4,46,2018,10,18,18,9,10
5.405,0.039679432277009666,2018,10,18,16,5,26,2018,10,18,18,21,39
9.413130226999828,0.03440052464490131,2018,10,18,16,6,47,2018,10,18,20,40,25
5.238434886498017,0.03876015454308558,2018,10,18,16,7,10,2018,10,18,18,22,19
13.905,0.028738245323964035,2018,10,18,16,11,7,2018,10,19,0,14,58
2.18,0.032232626909807785,2018,10,18,16,11,8,2018,10,18,17,18,46
8.278488649940705,0.026419303175173783,2018,10,18,16,14,9,2018,10,18,21,27,30
2.6756018518517624,0.0432945283471159,2018,10,18,16,14,40,2018,10,18,17,16,28
1.253,0.04542598187311178,2018,10,18,16,17,48,2018,10,18,16,45,23
9.71981929509796,0.016453354710280085,2018,10,18,16,19,30,2018,10,19,2,10,15
7.273725555555554,0.04040958641975308,2018,10,18,16,25,12,2018,10,18,19,25,12
1.864,0.031231499581122594,2018,10,18,16,25,44,2018,10,18,17,25,25
1.714,0.03270992366412214,2018,10,18,16,33,46,2018,10,18,17,26,10
8.072930555555555,0.035183833321227084,2018,10,18,16,37,25,2018,10,18,20,26,52
13.209,0.03413472305969507,2018,10,18,16,52,12,2018,10,18,23,19,10
9.03,0.0350838567635822,2018,10,18,16,54,3,2018,10,18,21,11,26
12.135,0.03873696531176846,2018,10,18,17,4,30,2018,10,18,22,17,46
7.438,0.03181805218879224,2018,10,18,17,5,52,2018,10,18,20,59,38
13.87,0.04137622433252126,2018,10,18,17,29,50,2018,10,18,23,5,3
3.5366344444444446,0.03714952147525677,2018,10,18,17,57,56,2018,10,18,19,33,8
14.479026284353743,0.0458172869079281,2018,10,18,18,46,11,2018,10,19,0,2,12
13.889,0.047871093749999996,2018,10,18,18,50,38,2018,10,18,23,40,46
5.67,0.026499454743729552,2018,10,18,19,15,31,2018,10,18,22,49,29
5.45,0.03514995162850693,2018,10,18,20,15,37,2018,10,18,22,50,40
13.89,0.06788856304985337,2018,10,18,20,45,59,2018,10,19,0,10,35
2.327,0.02789053136236516,2018,10,18,20,55,35,2018,10,18,22,19,1
2.964,0.049441201000834024,2018,10,18,21,31,20,2018,10,18,22,31,17
9.355,0.10990796945369102,2018,10,18,23,18,3,2018,10,19,0,43,10
5.419,0.056477331943720684,2018,10,18,23,20,2,2018,10,19,0,55,59
9.341238052569022,0.10963894427897912,2018,10,18,23,29,31,2018,10,19,0,54,43
8.525,0.10520361990950226,2018,10,18,23,40,55,2018,10,19,1,1,57
4.651,0.10282240235814295,2018,10,18,23,42,51,2018,10,19,0,28,5
11.618,0.05522300562465341,2018,10,19,0,16,57,2018,10,19,3,47,20
13.885,0.10688991531947652,2018,10,19,0,18,31,2018,10,19,2,28,25
13.879,0.10561065313887127,2018,10,19,0,23,24,2018,10,19,2,34,49
15.846034946245885,0.028254445669383448,2018,10,19,0,32,5,2018,10,19,9,52,55
8.57,0.10261424865296348,2018,10,19,0,50,8,2018,10,19,2,13,39
6.849,0.055181952464079496,2018,10,19,0,59,35,2018,10,19,3,3,42
11.321,0.10964648910411622,2018,10,19,1,43,31,2018,10,19,3,26,46
2.012,0.10836624775583484,2018,10,19,1,53,24,2018,10,19,2,11,58
4.414,0.10636144578313252,2018,10,19,2,11,16,2018,10,19,2,52,46
9.958,0.05841040179880732,2018,10,19,2,16,27,2018,10,19,5,6,56
9.620186678614589,0.1173431999831013,2018,10,19,2,18,33,2018,10,19,3,40,32
11.495,0.1005686789151356,2018,10,19,2,56,18,2018,10,19,4,50,36
6.502,0.05340451745379877,2018,10,19,3,7,48,2018,10,19,5,9,33
13.896,0.05367323290845887,2018,10,19,3,21,32,2018,10,19,7,40,26
1.142,0.11016077170418005,2018,10,19,3,40,7,2018,10,19,3,50,29
13.864,0.023575558326720324,2018,10,19,4,5,39,2018,10,19,13,53,43
4.103,0.059392038600723764,2018,10,19,6,29,24,2018,10,19,7,38,29
0.827,0.03110971786833856,2018,10,19,6,35,9,2018,10,19,7,1,44
13.868,0.059050457738982334,2018,10,19,6,43,28,2018,10,19,10,38,19
13.295,0.01475992228698307,2018,10,19,8,40,7,2018,10,19,23,40,52
2.9296565113496262,0.05159359867360657,2018,10,19,9,42,3,2018,10,19,10,38,50
11.704,0.05384037414705206,2018,10,19,11,46,27,2018,10,19,15,23,50
11.794,0.1138050820199421,2018,10,19,13,14,31,2018,10,19,14,58,9
41.481,0.08972421500414579,2018,10,19,13,15,24,2018,10,19,20,57,43
13.245,0.02385483580476676,2018,10,19,13,15,37,2018,10,19,22,30,51
4.572,0.05447180301826846,2018,10,19,13,28,48,2018,10,19,14,52,44
14.718654420549,0.060520782979231094,2018,10,19,14,12,15,2018,10,19,18,15,27
7.598,0.10175892857142857,2018,10,19,14,12,21,2018,10,19,15,27,1
8.268,0.08890322580645162,2018,10,19,14,16,12,2018,10,19,15,49,12
15.9,0.02715473072981897,2018,10,19,14,31,4,2018,10,20,0,16,36
10.518,0.050389651868412655,2018,10,19,14,32,34,2018,10,19,18,1,18
7.174550477895893,0.014379297480500838,2018,10,19,14,37,36,2018,10,19,22,56,33
6.723,0.087330591037021,2018,10,19,14,43,8,2018,10,19,16,0,7
4.558,0.051854379977246866,2018,10,19,14,52,48,2018,10,19,16,20,42
14.58066606929604,0.031746560371512224,2018,10,19,14,58,24,2018,10,19,22,37,41
7.273,0.014509725685785535,2018,10,19,15,8,24,2018,10,19,23,29,39
13.915,0.0201773889506501,2018,10,19,15,9,52,2018,10,20,2,39,30
1.907,0.042902137232845895,2018,10,19,15,12,14,2018,10,19,15,56,41
38.861,0.09080733730576002,2018,10,19,15,15,30,2018,10,19,22,23,27
4.916,0.063651273198101,2018,10,19,15,18,25,2018,10,19,16,35,39
11.686,0.04429311433986103,2018,10,19,15,20,39,2018,10,19,19,44,29
14.009,0.049013936672692285,2018,10,19,15,21,37,2018,10,19,20,7,26
6.874,0.038979302523390984,2018,10,19,15,24,51,2018,10,19,18,21,12
8.894,0.04798920863309352,2018,10,19,15,32,10,2018,10,19,18,37,30
1.999,0.032259279182356104,2018,10,19,15,32,11,2018,10,19,16,34,9
2.149,0.041024498886414254,2018,10,19,15,34,7,2018,10,19,16,26,30
4.053,0.05573687829475132,2018,10,19,15,35,39,2018,10,19,16,48,22
10.162,0.04476323324278687,2018,10,19,15,38,5,2018,10,19,19,25,6
4.954,0.04945757071547421,2018,10,19,15,38,59,2018,10,19,17,19,9
4.961,0.048297906863540484,2018,10,19,15,43,44,2018,10,19,17,26,27
14.884796893666328,0.025842409028617137,2018,10,19,15,44,30,2018,10,20,1,20,29
13.2,0.027922718939500775,2018,10,19,15,45,56,2018,10,19,23,38,40
8.50412933094215,0.034741455699361955,2018,10,19,15,48,7,2018,10,19,19,52,54
2.733,0.05242327365728901,2018,10,19,15,54,29,2018,10,19,16,46,37
3.794327956988649,0.04891699128047249,2018,10,19,16,1,16,2018,10,19,17,18,50
14.363508064512107,0.03015643095635546,2018,10,19,16,7,58,2018,10,20,0,4,16
25.06048387096073,0.03869149895161453,2018,10,19,16,14,49,2018,10,20,3,2,31
4.712,0.04820460358056266,2018,10,19,16,20,42,2018,10,19,17,58,27
8.438,0.05179335038363172,2018,10,19,16,22,39,2018,10,19,19,5,34
13.885,0.032950994739548316,2018,10,19,16,25,32,2018,10,19,23,26,55
13.673,0.04430654569021387,2018,10,19,16,33,51,2018,10,19,21,42,27
15.334,0.05130143860823018,2018,10,19,16,40,51,2018,10,19,21,39,45
2.141,0.03361067503924647,2018,10,19,16,41,0,2018,10,19,17,44,42
9.242,0.045942004971002495,2018,10,19,16,41,2,2018,10,19,20,2,12
10.781,0.03747740440324449,2018,10,19,16,51,24,2018,10,19,21,39,4
6.304,0.05302677695219403,2018,10,19,16,57,47,2018,10,19,18,56,40
13.875,0.03803453947368421,2018,10,19,16,59,41,2018,10,19,23,4,29
7.943,0.04032662040954476,2018,10,19,17,2,15,2018,10,19,20,19,13
7.116,0.05664101883788803,2018,10,19,18,34,3,2018,10,19,20,39,41
14.632954002390589,0.043474980942977734,2018,10,19,18,53,39,2018,10,20,0,30,14
18.005,0.10721516474791583,2018,10,19,19,59,8,2018,10,19,22,47,4
12.791,0.10736709569110241,2018,10,19,20,8,51,2018,10,19,22,7,59
1.763,0.04310513447432763,2018,10,19,20,42,31,2018,10,19,21,23,25
3.901,0.10624602814344075,2018,10,19,22,5,38,2018,10,19,22,42,21
13.902,0.09723944975518768,2018,10,19,22,30,2,2018,10,20,0,53,0
3.258,0.11132118451025057,2018,10,19,22,31,37,2018,10,19,23,0,53
13.232,0.11181971830985915,2018,10,19,23,26,0,2018,10,20,1,24,20
7.631565113498451,0.06148702924800686,2018,10,19,23,35,13,2018,10,20,1,39,20
1.751,0.03677283864193209,2018,10,19,23,41,58,2018,10,20,0,29,35
2.474,0.03351546624520208,2018,10,20,0,5,14,2018,10,20,1,19,3
41.012,0.11332934186892646,2018,10,20,0,9,48,2018,10,20,6,11,41
13.219155277777778,0.09999361027063373,2018,10,20,0,14,21,2018,10,20,2,26,33
8.624,0.11204850584668688,2018,10,20,0,28,38,2018,10,20,1,45,36
12.094,0.11151682803135085,2018,10,20,0,39,52,2018,10,20,2,28,19
2.306,0.03379579872984856,2018,10,20,0,49,57,2018,10,20,1,58,11
6.699,0.11149514563106795,2018,10,20,0,52,17,2018,10,20,1,52,22
9.895,0.05783731125182659,2018,10,20,1,2,14,2018,10,20,3,53,19
14.237320788527692,0.08239985022780569,2018,10,20,1,38,27,2018,10,20,4,31,14
6.451,0.058257074051776034,2018,10,20,1,49,29,2018,10,20,3,40,13
3.817,0.04067128396377198,2018,10,20,1,58,10,2018,10,20,3,32,1
56.967,0.11315698867774614,2018,10,20,1,59,0,2018,10,20,10,22,26
47.531,0.10796774437798137,2018,10,20,2,4,49,2018,10,20,9,25,3
0.767,0.10828235294117648,2018,10,20,2,10,25,2018,10,20,2,17,30
6.081,0.05164331210191083,2018,10,20,2,29,45,2018,10,20,4,27,30
13.869,0.10450081627527313,2018,10,20,2,51,55,2018,10,20,5,4,38
6.335,0.006513692291873736,2018,10,20,3,2,51,2018,10,20,19,15,25
3.454,0.04764137931034483,2018,10,20,3,26,11,2018,10,20,4,38,41
0.937,0.10469273743016762,2018,10,20,4,1,50,2018,10,20,4,10,47
10.989,0.051374474053295933,2018,10,20,4,49,51,2018,10,20,8,23,45
16.07,0.05716826752045535,2018,10,20,5,31,13,2018,10,20,10,12,19
1.9516158900819336,0.055575203324592315,2018,10,20,7,20,31,2018,10,20,7,55,38
14.033,0.008411304582371805,2018,10,20,7,28,45,2018,10,21,11,17,6
16.614,0.11389853747714808,2018,10,20,14,21,21,2018,10,20,16,47,13
1.365,0.03154853620955316,2018,10,20,14,39,23,2018,10,20,15,22,39
4.739,0.05259711431742509,2018,10,20,14,49,23,2018,10,20,16,19,29
7.17,0.10016298020954599,2018,10,20,14,53,26,2018,10,20,16,5,1
13.874,0.1086027397260274,2018,10,20,16,2,46,2018,10,20,18,10,31
2.531,0.046102003642987256,2018,10,20,16,44,18,2018,10,20,17,39,12
13.879,0.1089403453689168,2018,10,20,16,54,35,2018,10,20,19,1,59
5.37,0.11203059805285119,2018,10,20,17,48,36,2018,10,20,18,36,32
7.526,0.0892411067193676,2018,10,20,18,3,46,2018,10,20,19,28,6
12.683,0.11339293696915512,2018,10,20,18,57,2,2018,10,20,20,48,53
5.207,0.0935949670461354,2018,10,20,19,5,22,2018,10,20,20,1,0
13.877,0.10645953202915229,2018,10,20,19,11,2,2018,10,20,21,21,23
12.247,0.09350044534928109,2018,10,20,19,11,15,2018,10,20,21,22,14
29.866,0.1127870090634441,2018,10,20,19,15,2,2018,10,20,23,39,50
2.215,0.10992555831265509,2018,10,20,19,47,8,2018,10,20,20,7,17
12.034,0.11324341279799248,2018,10,20,20,6,53,2018,10,20,21,53,9
13.888,0.10872651356993737,2018,10,20,20,51,11,2018,10,20,22,58,55
13.873,0.10551147166941312,2018,10,20,21,11,13,2018,10,20,23,22,42
0.897,0.11096907216494845,2018,10,20,21,20,44,2018,10,20,21,28,49
4.528,0.11287079351890318,2018,10,20,21,27,23,2018,10,20,22,7,30
12.392,0.056182560072540425,2018,10,20,22,10,36,2018,10,21,1,51,10
13.877,0.1066641045349731,2018,10,20,22,11,46,2018,10,21,0,21,52
11.599,0.07344238075137188,2018,10,20,22,40,53,2018,10,21,1,18,49
5.727,0.11314455054329932,2018,10,20,23,5,53,2018,10,20,23,56,30
5.765,0.051305250667457725,2018,10,20,23,19,4,2018,10,21,1,11,26
12.471,0.05594885598923284,2018,10,21,0,23,32,2018,10,21,4,6,26
13.889,0.06578826872977027,2018,10,21,0,24,44,2018,10,21,3,55,51
13.876,0.058610348468848994,2018,10,21,0,34,14,2018,10,21,4,30,59
31.05,0.11002834868887315,2018,10,21,0,38,19,2018,10,21,5,20,31
13.888,0.109010989010989,2018,10,21,0,48,19,2018,10,21,2,55,43
11.39,0.05653073041608074,2018,10,21,1,50,33,2018,10,21,5,12,2
2.0742727001173797,0.048388943237574956,2018,10,21,2,16,43,2018,10,21,2,59,35
6.319,0.05366454352441614,2018,10,21,4,31,11,2018,10,21,6,28,56
4.673,0.11260240963855422,2018,10,21,4,37,3,2018,10,21,5,18,33
1.592,0.08335078534031413,2018,10,21,5,27,2,2018,10,21,5,46,8
0.6375791517320173,0.039075331056099116,2018,10,21,7,6,9,2018,10,21,7,22,28
5.218,0.05169749009247027,2018,10,21,7,37,40,2018,10,21,9,18,36
2.785,0.1178420310296192,2018,10,21,12,58,4,2018,10,21,13,21,42
7.905,0.10175927912465137,2018,10,21,15,19,44,2018,10,21,16,37,25
10.467,0.10948744769874479,2018,10,21,16,45,26,2018,10,21,18,21,2
13.888,0.1028359866716031,2018,10,21,16,50,41,2018,10,21,19,5,44
5.256,0.09513122171945702,2018,10,21,17,5,14,2018,10,21,18,0,29
13.871,0.11052589641434263,2018,10,21,17,16,21,2018,10,21,19,21,51
2.478,0.05338599640933574,2018,10,21,17,31,18,2018,10,21,18,17,43
3.894,0.10856877323420075,2018,10,21,17,45,20,2018,10,21,18,21,12
13.871,0.06804513122393918,2018,10,21,17,48,26,2018,10,21,21,12,17
17.394,0.09368402154398563,2018,10,21,17,50,2,2018,10,21,20,55,42
8.615,0.11320630749014456,2018,10,21,18,0,14,2018,10,21,19,16,20
13.873,0.05825727883538634,2018,10,21,18,0,33,2018,10,21,21,58,41
6.402,0.05717773146769872,2018,10,21,18,3,58,2018,10,21,19,55,56
7.984,0.1127949140569814,2018,10,21,18,11,39,2018,10,21,19,22,26
13.891,0.1074184817631138,2018,10,21,18,56,11,2018,10,21,21,5,30
11.201,0.06181567328918323,2018,10,21,18,57,14,2018,10,21,21,58,26
13.901,0.10629030202625207,2018,10,21,19,35,4,2018,10,21,21,45,51
4.719,0.05335217637083098,2018,10,21,19,58,5,2018,10,21,21,26,32
4.582580645160517,0.11437389297405616,2018,10,21,20,16,19,2018,10,21,20,56,23
13.865,0.10792682926829268,2018,10,21,20,20,54,2018,10,21,22,29,22
1.288,0.1128175182481752,2018,10,21,20,40,59,2018,10,21,20,52,24
11.566,0.05917625991302124,2018,10,21,20,48,31,2018,10,22,0,3,58
24.87507915172757,0.1132143479559777,2018,10,21,20,55,28,2018,10,22,0,35,11
8.998,0.045713801862828106,2018,10,21,21,1,38,2018,10,22,0,18,28
13.196,0.04684693213419324,2018,10,21,21,6,37,2018,10,22,1,48,18
11.9,0.046484375,2018,10,21,21,22,3,2018,10,22,1,38,3
13.887,0.0683639645553003,2018,10,21,21,23,30,2018,10,22,0,46,38
1.523,0.11089805825242718,2018,10,21,21,36,18,2018,10,21,21,50,2
13.165,0.0558983794494374,2018,10,21,21,52,32,2018,10,22,1,48,3
13.133,0.11489938757655292,2018,10,21,22,1,9,2018,10,21,23,55,27
12.448,0.05810035005834306,2018,10,21,22,40,31,2018,10,22,2,14,46
8.731,0.10628119293974436,2018,10,21,22,49,59,2018,10,22,0,12,8
7.304,0.11145473041709054,2018,10,21,23,18,17,2018,10,22,0,23,49
5.472,0.1141585535465925,2018,10,21,23,33,14,2018,10,22,0,21,10
5.718,0.05139775280898876,2018,10,21,23,40,43,2018,10,22,1,31,58
5.371986260452743,0.05821187928971728,2018,10,22,0,4,17,2018,10,22,1,36,34
11.0,0.11488250652741515,2018,10,22,0,10,31,2018,10,22,1,46,16
1.5751359020307911,0.04919737330653174,2018,10,22,0,13,35,2018,10,22,0,45,36
8.494,0.05601670696856452,2018,10,22,0,56,16,2018,10,22,3,27,54
2.673,0.10947440273037543,2018,10,22,1,2,17,2018,10,22,1,26,42
5.242589605733806,0.05945102558004694,2018,10,22,1,2,58,2018,10,22,2,31,9
12.979,0.10613874880741447,2018,10,22,1,48,38,2018,10,22,3,50,55
9.889,0.10610515021459227,2018,10,22,1,50,9,2018,10,22,3,23,21
13.865,0.09562068965517241,2018,10,22,2,20,33,2018,10,22,4,45,33
0.836,0.11171492204899777,2018,10,22,3,21,11,2018,10,22,3,28,40
13.212,0.025315194481701477,2018,10,22,3,33,49,2018,10,22,12,15,43
19.222,0.11334840294840295,2018,10,22,3,35,49,2018,10,22,6,25,24
6.467,0.055360251105721216,2018,10,22,3,36,1,2018,10,22,5,32,50
18.567,0.1041919191919192,2018,10,22,3,51,56,2018,10,22,6,50,8
55.662,0.11084367739794225,2018,10,22,3,52,32,2018,10,22,12,14,42
0.676,0.09543529411764706,2018,10,22,4,12,6,2018,10,22,4,19,11
5.659798387090555,0.05924422596396254,2018,10,22,8,6,46,2018,10,22,9,42,18
12.037,0.04245605784492388,2018,10,22,11,46,57,2018,10,22,16,30,28
13.205,0.06897362235570645,2018,10,22,12,14,53,2018,10,22,15,26,20
4.601,0.0542677413013564,2018,10,22,13,2,31,2018,10,22,14,27,18
8.426,0.03609080525414049,2018,10,22,13,52,17,2018,10,22,17,45,45
12.53600806451461,0.018821892895022185,2018,10,22,13,56,55,2018,10,23,1,2,57
19.531179808840584,0.04423322343752822,2018,10,22,14,6,49,2018,10,22,21,28,22
13.424,0.020131470419155688,2018,10,22,14,7,17,2018,10,23,1,14,6
15.906,0.04423453070683662,2018,10,22,14,15,54,2018,10,22,20,15,29
39.876,0.07507954937709856,2018,10,22,14,16,49,2018,10,22,23,7,56
36.417,0.06265469977633767,2018,10,22,14,32,22,2018,10,23,0,13,36
13.888,0.04130874479476502,2018,10,22,14,49,37,2018,10,22,20,25,49
14.008,0.03059628685839097,2018,10,22,14,50,1,2018,10,22,22,27,51
5.466,0.053527011588052884,2018,10,22,15,1,41,2018,10,22,16,43,48
33.369,0.0669030274677538,2018,10,22,15,3,46,2018,10,22,23,22,32
12.848,0.038800080531507956,2018,10,22,15,6,15,2018,10,22,20,37,23
14.229345878135984,0.03304667128655541,2018,10,22,15,9,59,2018,10,22,22,20,34
13.28,0.06518324607329844,2018,10,22,15,12,26,2018,10,22,18,36,10
26.62,0.051619158425441146,2018,10,22,15,16,16,2018,10,22,23,51,58
13.437,0.04377110592323144,2018,10,22,15,26,2,2018,10,22,20,33,1
12.903,0.08739896139083315,2018,10,22,15,26,30,2018,10,22,17,54,8
14.018,0.03302886314549382,2018,10,22,15,30,6,2018,10,22,22,34,31
7.26,0.10498915401301517,2018,10,22,15,32,38,2018,10,22,16,41,47
14.2552867383495,0.03041452259088863,2018,10,22,15,34,14,2018,10,22,23,22,56
3.965,0.05192055870798778,2018,10,22,15,35,45,2018,10,22,16,52,7
5.216,0.03175646879756469,2018,10,22,15,36,21,2018,10,22,18,20,36
9.756,0.021269575960175865,2018,10,22,15,41,54,2018,10,22,23,20,35
4.837,0.05210412926391383,2018,10,22,15,45,24,2018,10,22,17,18,14
8.752128136197014,0.017748595267239695,2018,10,22,15,46,35,2018,10,22,23,59,42
14.064,0.025818137314894136,2018,10,22,15,53,9,2018,10,23,0,57,53
14.063,0.025834481491687333,2018,10,22,15,54,27,2018,10,23,0,58,48
4.694,0.03456553755522827,2018,10,22,15,54,30,2018,10,22,18,10,18
7.092086320191269,0.03363037850402878,2018,10,22,15,54,50,2018,10,22,19,25,43
6.932,0.036148096645228577,2018,10,22,15,59,31,2018,10,22,19,11,17
10.505,0.08568515497553018,2018,10,22,15,59,31,2018,10,22,18,2,7
12.722,0.035343797749687454,2018,10,22,16,3,36,2018,10,22,22,3,33
7.43,0.03595741248588482,2018,10,22,16,4,18,2018,10,22,19,30,56
10.566479988052857,0.023418616994797997,2018,10,22,16,8,37,2018,10,22,23,39,49
14.261863799281764,0.02890527725837407,2018,10,22,16,9,38,2018,10,23,0,23,2
7.692,0.04106049822064057,2018,10,22,16,12,30,2018,10,22,19,19,50
9.742,0.04383352080989877,2018,10,22,16,12,31,2018,10,22,19,54,46
13.882,0.02749455337690632,2018,10,22,16,26,17,2018,10,23,0,51,11
2.936,0.030247252747252748,2018,10,22,16,28,56,2018,10,22,18,6,0
4.291,0.038312500000000006,2018,10,22,16,41,24,2018,10,22,18,33,24
13.118,0.035439686613535054,2018,10,22,16,47,51,2018,10,22,22,58,0
1.701,0.02810022026431718,2018,10,22,16,51,28,2018,10,22,17,52,0
2.326,0.03314177155070055,2018,10,22,16,57,14,2018,10,22,18,7,25
7.991,0.035764583022527226,2018,10,22,16,59,13,2018,10,22,20,42,39
12.787,0.034579708838509034,2018,10,22,17,9,49,2018,10,22,23,19,36
11.997,0.10268473609129815,2018,10,22,17,14,14,2018,10,22,19,11,4
10.893,0.10064367108099785,2018,10,22,17,20,39,2018,10,22,19,8,53
23.185,0.09078509430268224,2018,10,22,19,25,18,2018,10,22,23,40,41
1.4347117682199289,0.00986847484732268,2018,10,22,19,28,20,2018,10,22,21,53,43
3.129,0.022872807017543857,2018,10,22,19,56,9,2018,10,22,22,12,57
6.549,0.04373775601068567,2018,10,22,20,15,2,2018,10,22,22,44,46
13.826,0.0632575873112704,2018,10,22,20,25,14,2018,10,23,0,3,48
9.176,0.10364457831325302,2018,10,22,20,38,45,2018,10,22,22,7,17
13.878,0.08565785413023351,2018,10,22,22,5,0,2018,10,23,0,47,1
7.419,0.05661918087000763,2018,10,22,22,21,14,2018,10,23,0,32,16
14.878107825566952,0.03725270081100101,2018,10,22,22,38,17,2018,10,23,5,17,40
2.443,0.10979775280898876,2018,10,22,23,9,48,2018,10,22,23,32,3
12.581,0.09573367152821814,2018,10,22,23,18,46,2018,10,23,1,30,11
5.376,0.051322195704057286,2018,10,22,23,30,47,2018,10,23,1,15,32
4.095,0.05517628565012351,2018,10,22,23,40,36,2018,10,23,0,54,49
9.343,0.05681362116144725,2018,10,22,23,41,13,2018,10,23,2,25,40
15.988149641573024,0.02126979398448774,2018,10,22,23,47,37,2018,10,23,12,19,18
5.238,0.050284800000000004,2018,10,22,23,57,25,2018,10,23,1,41,35
13.89,0.09796638062771836,2018,10,22,23,58,12,2018,10,23,2,19,59
14.327827060931783,0.09772304463520598,2018,10,23,0,2,23,2018,10,23,2,29,0
2.2752867383491244,0.04793441162252369,2018,10,23,0,19,13,2018,10,23,1,6,41
11.141,0.0562108980827447,2018,10,23,0,37,6,2018,10,23,3,55,18
6.402,0.10348060344827587,2018,10,23,0,46,6,2018,10,23,1,47,58
12.523,0.11151380231522708,2018,10,23,0,57,50,2018,10,23,2,50,8
2.476,0.055309009679821296,2018,10,23,1,12,17,2018,10,23,1,57,3
2.482,0.1065236051502146,2018,10,23,1,23,49,2018,10,23,1,47,7
13.559,0.11074598420909337,2018,10,23,1,32,49,2018,10,23,3,35,15
32.366,0.11026971779001761,2018,10,23,1,43,6,2018,10,23,6,36,37
11.991,0.10987477092241905,2018,10,23,1,45,7,2018,10,23,3,34,15
6.295,0.054970164459321784,2018,10,23,2,16,24,2018,10,23,4,10,55
10.151,0.09647711072390305,2018,10,23,2,22,42,2018,10,23,4,7,55
12.685,0.10623953098827471,2018,10,23,2,27,49,2018,10,23,4,27,13
10.107,0.1039280205655527,2018,10,23,2,40,28,2018,10,23,4,17,43
13.2,0.013844701604726777,2018,10,23,3,35,28,2018,10,23,19,28,54
6.644,0.05364553895841744,2018,10,23,3,44,20,2018,10,23,5,48,11
6.599,0.11153239436619719,2018,10,23,4,7,18,2018,10,23,5,6,28
7.788,0.059000000000000004,2018,10,23,4,22,33,2018,10,23,6,34,33
1.7064770011933426,0.05656829838209975,2018,10,23,6,59,12,2018,10,23,7,29,22
10.815,0.057156698669955076,2018,10,23,8,15,28,2018,10,23,11,24,41
11.711,0.050413258717176064,2018,10,23,11,49,51,2018,10,23,15,42,9
4.392,0.05432282003710576,2018,10,23,12,55,29,2018,10,23,14,16,20
41.797,0.09087292096967062,2018,10,23,13,43,50,2018,10,23,21,23,47
19.49297192353836,0.05140777615983041,2018,10,23,14,6,42,2018,10,23,20,25,53
13.557,0.07774995220799082,2018,10,23,14,17,50,2018,10,23,17,12,12
13.732325268814904,0.02637788180717423,2018,10,23,14,28,13,2018,10,23,23,8,49
5.373,0.009259003963467174,2018,10,23,14,32,36,2018,10,24,0,12,54
15.939,0.052543266853469585,2018,10,23,14,40,58,2018,10,23,19,44,19
14.045,0.048492346645183565,2018,10,23,14,58,42,2018,10,23,19,48,20
3.179,0.033480779357556605,2018,10,23,15,0,16,2018,10,23,16,35,13
4.298,0.05186645213193886,2018,10,23,15,0,58,2018,10,23,16,23,50
1.909,0.043125000000000004,2018,10,23,15,4,17,2018,10,23,15,48,33
7.229,0.021320290994887928,2018,10,23,15,9,36,2018,10,23,20,48,40
6.694,0.037407096954456556,2018,10,23,15,10,22,2018,10,23,18,9,19
4.487,0.05258203125,2018,10,23,15,12,56,2018,10,23,16,38,16
8.311,0.06553555000657117,2018,10,23,15,22,10,2018,10,23,17,28,59
13.682,0.08971803278688525,2018,10,23,15,30,19,2018,10,23,18,2,49
6.166,0.018732151898734176,2018,10,23,15,32,40,2018,10,23,21,1,50
5.827,0.04429494488787533,2018,10,23,15,33,2,2018,10,23,17,44,35
5.982,0.04491552997121762,2018,10,23,15,34,47,2018,10,23,17,47,58
6.707629928313045,0.03992636862091098,2018,10,23,15,35,22,2018,10,23,18,23,22
7.19,0.05493441996689164,2018,10,23,15,37,15,2018,10,23,17,48,8
8.265906511345696,0.016532364101494775,2018,10,23,15,37,38,2018,10,23,23,57,37
7.066,0.047159065628476084,2018,10,23,15,41,43,2018,10,23,18,11,33
5.466348566307942,0.04727993570397528,2018,10,23,15,44,1,2018,10,23,17,39,38
4.97,0.04237601250532897,2018,10,23,15,45,28,2018,10,23,17,42,45
12.746905615293228,0.036164854213996296,2018,10,23,15,55,7,2018,10,23,21,47,35
16.998,0.06901339829476248,2018,10,23,15,56,35,2018,10,23,20,2,53
5.179,0.04488516539072656,2018,10,23,15,59,11,2018,10,23,17,54,34
13.875,0.024568393094289508,2018,10,23,15,59,20,2018,10,24,1,24,5
13.903,0.056253287477240545,2018,10,23,16,1,20,2018,10,23,20,8,29
13.877,0.044584738955823294,2018,10,23,16,1,42,2018,10,23,21,12,57
8.503304958182776,0.0346108335588472,2018,10,23,16,2,45,2018,10,23,20,8,26
9.873,0.03949726630217362,2018,10,23,16,2,46,2018,10,23,20,12,44
2.056,0.03231011000523835,2018,10,23,16,8,3,2018,10,23,17,11,41
10.305419653523428,0.0346517136971198,2018,10,23,16,8,11,2018,10,23,21,5,35
4.731,0.04683385579937304,2018,10,23,16,8,32,2018,10,23,17,49,33
13.922,0.04706028169014085,2018,10,23,16,12,16,2018,10,23,21,8,6
1.746,0.03203669724770642,2018,10,23,16,21,34,2018,10,23,17,16,4
6.12,0.06344160331720802,2018,10,23,16,22,9,2018,10,23,17,58,37
2.902,0.03726086026107425,2018,10,23,16,22,18,2018,10,23,17,40,11
8.572,0.042724705100515036,2018,10,23,16,23,3,2018,10,23,19,43,41
11.332,0.03934722222222223,2018,10,23,16,25,47,2018,10,23,21,13,47
13.214,0.039598441714114474,2018,10,23,16,34,40,2018,10,23,22,8,22
13.893,0.06782035635831096,2018,10,23,16,45,19,2018,10,23,20,10,10
5.523,0.042370540851553506,2018,10,23,16,50,2,2018,10,23,19,0,23
13.891,0.026069250258046354,2018,10,23,17,33,35,2018,10,24,2,26,26
9.417,0.06095803215017802,2018,10,23,17,48,27,2018,10,23,20,22,56
0.542,0.028180242634315424,2018,10,23,19,31,5,2018,10,23,19,50,19
6.701,0.05476164532824843,2018,10,23,19,34,37,2018,10,23,21,36,59
4.408,0.035832543015851516,2018,10,23,19,47,30,2018,10,23,21,50,31
4.528,0.06173142467620995,2018,10,23,20,11,26,2018,10,23,21,24,47
6.134,0.051095376926280724,2018,10,23,20,18,26,2018,10,23,22,18,29
9.802,0.11240825688073394,2018,10,23,20,36,47,2018,10,23,22,3,59
1.414,0.0474496644295302,2018,10,23,20,55,39,2018,10,23,21,25,27
11.457068399044632,0.110500579318868,2018,10,23,21,4,42,2018,10,23,22,48,23
9.7,0.052957233848953594,2018,10,23,21,15,1,2018,10,24,0,18,11
3.824,0.09809320222317229,2018,10,23,21,55,29,2018,10,23,22,34,28
6.254,0.10057357276869472,2018,10,23,22,29,40,2018,10,23,23,31,51
9.763,0.0668088503649635,2018,10,23,22,29,44,2018,10,24,0,55,52
13.871,0.10368257132178897,2018,10,23,22,31,23,2018,10,24,0,45,10
9.7,0.11031084154662622,2018,10,23,22,40,43,2018,10,24,0,8,39
2.499,0.11033112582781458,2018,10,23,22,58,7,2018,10,23,23,20,46
6.544,0.05351506065149243,2018,10,23,23,9,37,2018,10,24,1,11,54
5.648,0.05083708370837084,2018,10,24,0,20,48,2018,10,24,2,11,54
3.267,0.058045602605863195,2018,10,24,0,46,48,2018,10,24,1,43,5
10.546,0.1096067902303828,2018,10,24,1,16,41,2018,10,24,2,52,54
0.607,0.06468916518650089,2018,10,24,1,23,31,2018,10,24,1,32,54
13.942,0.018612909685601763,2018,10,24,1,30,49,2018,10,24,13,59,52
8.496795101548901,0.06229321921956672,2018,10,24,1,35,40,2018,10,24,3,52,4
11.146,0.11166471865085992,2018,10,24,1,44,44,2018,10,24,3,24,33
4.708576762245958,0.06165748706563891,2018,10,24,1,46,17,2018,10,24,3,2,39
1.528,0.11032490974729242,2018,10,24,1,47,4,2018,10,24,2,0,55
14.130797491038434,0.09748739214238314,2018,10,24,1,55,21,2018,10,24,4,20,18
3.046,0.03830643470970446,2018,10,24,1,57,4,2018,10,24,3,16,35
2.425,0.10801781737193764,2018,10,24,2,10,22,2018,10,24,2,32,49
11.92,0.10856102003642988,2018,10,24,2,11,45,2018,10,24,4,1,33
13.907,0.026608629101693294,2018,10,24,2,19,40,2018,10,24,11,2,19
13.207,0.02544783069462732,2018,10,24,2,23,14,2018,10,24,11,2,13
8.438,0.11369413878284303,2018,10,24,2,25,43,2018,10,24,3,39,56
13.351,0.10383149708360337,2018,10,24,2,30,55,2018,10,24,4,39,30
11.122,0.10658361284139914,2018,10,24,2,31,13,2018,10,24,4,15,34
13.896,0.1080699935191186,2018,10,24,3,18,9,2018,10,24,5,26,44
3.325,0.058401639344262304,2018,10,24,3,45,55,2018,10,24,4,42,51
3.466,0.061654313667358435,2018,10,24,4,6,33,2018,10,24,5,2,46
4.231,0.09974852652259332,2018,10,24,5,35,18,2018,10,24,6,17,43
2.214,0.11276740237691002,2018,10,24,5,47,22,2018,10,24,6,7,0
1.767,0.10353515625,2018,10,24,6,41,26,2018,10,24,6,58,30
6.880153823172213,0.05689996270025262,2018,10,24,7,45,58,2018,10,24,9,46,53
11.78,0.044898996315588864,2018,10,24,11,53,9,2018,10,24,16,15,31
5.674,0.05387561322994145,2018,10,24,12,54,37,2018,10,24,14,39,56
9.165,0.049380387931034476,2018,10,24,13,30,19,2018,10,24,16,35,55
10.032,0.03862175168431184,2018,10,24,13,42,49,2018,10,24,18,2,34
9.567,0.041789458357600465,2018,10,24,13,57,15,2018,10,24,17,46,11
13.005,0.07195684249354482,2018,10,24,14,1,6,2018,10,24,17,1,50
10.523,0.04344457441684442,2018,10,24,14,12,50,2018,10,24,18,15,3
3.913,0.05248826291079812,2018,10,24,14,24,19,2018,10,24,15,38,52
6.719,0.011540377293676466,2018,10,24,14,31,45,2018,10,25,0,13,58
5.069,0.051662986240869714,2018,10,24,14,39,25,2018,10,24,16,17,32
13.878,0.0984720908230842,2018,10,24,14,46,30,2018,10,24,17,7,26
13.205,0.0316375833566266,2018,10,24,14,47,38,2018,10,24,21,45,1
6.545,0.011772994363832594,2018,10,24,14,48,54,2018,10,25,0,4,50
5.319,0.03433089500860585,2018,10,24,14,56,59,2018,10,24,17,31,55
14.008,0.024599894632090384,2018,10,24,15,3,19,2018,10,25,0,32,45
5.451,0.050332409972299166,2018,10,24,15,4,18,2018,10,24,16,52,36
11.249,0.054016806722689076,2018,10,24,15,15,33,2018,10,24,18,43,48
7.022,0.017009285425918452,2018,10,24,15,27,12,2018,10,24,22,20,2
10.974,0.09876106194690266,2018,10,24,15,27,34,2018,10,24,17,18,41
8.535,0.052913825170489766,2018,10,24,15,28,30,2018,10,24,18,9,48
2.066,0.04328212290502793,2018,10,24,15,30,44,2018,10,24,16,18,28
14.865088112306053,0.0273548623443755,2018,10,24,15,35,9,2018,10,25,0,38,34
3.9068862007156535,0.06790648089308784,2018,10,24,15,36,13,2018,10,24,16,33,45
4.587728494616274,0.009388897935636008,2018,10,24,15,37,47,2018,10,24,23,46,25
10.92218488649898,0.03505569130148384,2018,10,24,15,38,16,2018,10,24,20,49,50
3.518,0.07172273190621814,2018,10,24,15,39,39,2018,10,24,16,28,42
6.218,0.054921242455468866,2018,10,24,15,41,27,2018,10,24,17,34,40
13.965,0.026473097216517645,2018,10,24,15,41,48,2018,10,25,0,29,19
13.221,0.03685638619151606,2018,10,24,15,42,29,2018,10,24,21,41,12
6.514,0.06374816506279563,2018,10,24,15,43,59,2018,10,24,17,26,10
4.66743279569851,0.051507443027756235,2018,10,24,15,46,55,2018,10,24,17,17,32
17.856,0.055167868177136974,2018,10,24,15,48,37,2018,10,24,21,12,17
9.126,0.04882389656709764,2018,10,24,15,54,58,2018,10,24,19,1,53
6.342468637992414,0.030548937808424565,2018,10,24,15,57,20,2018,10,24,19,24,57
3.803,0.06707231040564374,2018,10,24,15,57,50,2018,10,24,16,54,32
8.827685185183642,0.03761530509985218,2018,10,24,15,59,59,2018,10,24,19,54,40
13.986,0.025762441285727446,2018,10,24,16,2,13,2018,10,25,1,5,6
13.894,0.0454894685146786,2018,10,24,16,10,51,2018,10,24,21,16,17
8.367,0.04587171052631579,2018,10,24,16,17,56,2018,10,24,19,20,20
3.909,0.040382231404958675,2018,10,24,16,23,56,2018,10,24,18,0,44
2.283,0.03307098020280058,2018,10,24,16,27,10,2018,10,24,17,36,12
1.344,0.04647838616714697,2018,10,24,16,27,59,2018,10,24,16,56,54
4.049451911588139,0.04290431126528135,2018,10,24,16,29,30,2018,10,24,18,3,53
10.925,0.050668624874391284,2018,10,24,16,34,57,2018,10,24,20,10,34
12.678,0.05368242766407905,2018,10,24,16,38,36,2018,10,24,20,34,46
14.073,0.09793319415448853,2018,10,24,16,52,34,2018,10,24,19,16,16
7.606,0.05481143406197453,2018,10,24,16,57,40,2018,10,24,19,16,26
13.116,0.06781214993537268,2018,10,24,17,2,38,2018,10,24,20,16,3
7.773,0.06653067047075606,2018,10,24,17,15,2,2018,10,24,19,11,52
1.511,0.056066790352504635,2018,10,24,17,18,2,2018,10,24,17,44,59
13.296,0.031870880108665255,2018,10,24,17,33,14,2018,10,25,0,30,25
17.903,0.11226797658862875,2018,10,24,19,1,21,2018,10,24,21,40,49
6.062,0.11177627535341118,2018,10,24,19,22,9,2018,10,24,20,16,23
2.355,0.04793080054274084,2018,10,24,19,35,50,2018,10,24,20,24,58
6.699,0.05481996726677577,2018,10,24,19,40,11,2018,10,24,21,42,23
13.787,0.104183879093199,2018,10,24,19,53,16,2018,10,24,22,5,36
1.8115890083624075,0.06693062838777368,2018,10,24,19,55,10,2018,10,24,20,22,14
13.282,0.05360328243761351,2018,10,24,20,23,52,2018,10,25,0,31,39
9.035833333334637,0.06274158083556049,2018,10,24,22,5,4,2018,10,25,0,29,5
0.768,0.08613084112149534,2018,10,24,22,21,30,2018,10,24,22,30,25
9.046,0.10814106395696352,2018,10,24,22,23,43,2018,10,24,23,47,22
7.326,0.10250932835820895,2018,10,24,22,30,14,2018,10,24,23,41,42
48.324,0.11132852096452157,2018,10,24,23,13,26,2018,10,25,6,27,30
2.929,0.05602167676123685,2018,10,24,23,21,36,2018,10,25,0,13,53
13.873,0.052967228762328976,2018,10,24,23,30,50,2018,10,25,3,52,45
4.167,0.05517987199293754,2018,10,24,23,42,7,2018,10,25,0,57,38
14.271977299878206,0.06100004544754896,2018,10,24,23,54,46,2018,10,25,3,48,44
2.535,0.03243070362473348,2018,10,25,0,11,52,2018,10,25,1,30,2
13.964,0.06644250594766059,2018,10,25,0,26,28,2018,10,25,3,56,38
2.261,0.04904555314533623,2018,10,25,0,56,15,2018,10,25,1,42,21
11.263,0.0938713710237533,2018,10,25,1,1,43,2018,10,25,3,1,42
0.712,0.10733668341708541,2018,10,25,1,4,14,2018,10,25,1,10,52
6.994,0.06740122068743977,2018,10,25,1,20,17,2018,10,25,3,4,3
11.64,0.11206675224646985,2018,10,25,1,26,56,2018,10,25,3,10,48
7.228,0.1000646054453161,2018,10,25,1,43,57,2018,10,25,2,56,11
32.412,0.10661257606490872,2018,10,25,1,45,51,2018,10,25,6,49,52
13.227,0.07417702589027012,2018,10,25,1,56,46,2018,10,25,4,55,5
10.667,0.05610273492286115,2018,10,25,1,59,35,2018,10,25,5,9,43
11.964,0.1065993465993466,2018,10,25,2,0,38,2018,10,25,3,52,52
1.944,0.03310814646608004,2018,10,25,2,1,52,2018,10,25,3,0,35
12.049,0.05621617418351477,2018,10,25,2,32,8,2018,10,25,6,6,28
6.48,0.053450646136926044,2018,10,25,2,53,20,2018,10,25,4,54,34
13.886,0.09636363636363636,2018,10,25,2,59,26,2018,10,25,5,23,32
1.6,0.10561056105610561,2018,10,25,3,35,31,2018,10,25,3,50,40
9.635,0.10376952073236403,2018,10,25,3,49,58,2018,10,25,5,22,49
5.492,0.10889623265036352,2018,10,25,3,51,50,2018,10,25,4,42,16
8.923,0.09338566195709053,2018,10,25,3,56,33,2018,10,25,5,32,6
6.615,0.1115514333895447,2018,10,25,4,7,21,2018,10,25,5,6,39
4.776763739546051,0.07434651734702025,2018,10,25,4,14,32,2018,10,25,5,18,47
5.423,0.05873285198555957,2018,10,25,5,26,27,2018,10,25,6,58,47
1.4386827956985997,0.061701906892005706,2018,10,25,6,29,51,2018,10,25,6,53,10
13.877,0.10915312008390142,2018,10,25,7,29,58,2018,10,25,9,37,6
8.571,0.05216147682320722,2018,10,25,11,44,20,2018,10,25,14,28,39
10.768,0.03920626251592937,2018,10,25,13,31,35,2018,10,25,18,6,14
7.033,0.035839986410735526,2018,10,25,13,57,22,2018,10,25,17,13,36
20.498266129032785,0.044172537720143915,2018,10,25,13,58,41,2018,10,25,21,42,44
13.191,0.0709765940274415,2018,10,25,14,2,45,2018,10,25,17,8,36
6.982,0.09744591765526867,2018,10,25,14,6,59,2018,10,25,15,18,38
6.522,0.037830626450116006,2018,10,25,14,8,22,2018,10,25,17,0,46
5.152,0.05363872982821447,2018,10,25,14,14,48,2018,10,25,15,50,51
12.914,0.052667210440456774,2018,10,25,14,20,44,2018,10,25,18,25,56
5.79,0.009982758620689655,2018,10,25,14,32,35,2018,10,26,0,12,35
23.876,0.059737292022851426,2018,10,25,14,46,3,2018,10,25,21,25,44
8.795,0.07223819301848049,2018,10,25,14,46,31,2018,10,25,16,48,16
16.177040023891696,0.04327147257962203,2018,10,25,14,46,41,2018,10,25,21,0,32
5.412,0.05282576866764275,2018,10,25,14,56,7,2018,10,25,16,38,34
5.222,0.008868132801222723,2018,10,25,15,4,14,2018,10,26,0,53,5
13.939,0.052461422657132106,2018,10,25,15,9,0,2018,10,25,19,34,42
3.8985678016710894,0.05581342593659398,2018,10,25,15,17,55,2018,10,25,16,27,46
20.485,0.08860932881551438,2018,10,25,15,19,28,2018,10,25,19,10,39
6.886,0.04435426731078905,2018,10,25,15,26,53,2018,10,25,18,2,8
13.1,0.0933048433048433,2018,10,25,15,27,15,2018,10,25,17,47,39
4.414890979688582,0.04555347528483489,2018,10,25,15,28,29,2018,10,25,17,5,24
2.03,0.041884456671251714,2018,10,25,15,29,41,2018,10,25,16,18,9
2.094,0.030547045951859954,2018,10,25,15,31,26,2018,10,25,16,39,59
9.501,0.02112820132685964,2018,10,25,15,32,27,2018,10,25,23,2,8
13.885,0.09140882159315339,2018,10,25,15,32,35,2018,10,25,18,4,29
5.934823775387759,0.03687752967308052,2018,10,25,15,33,54,2018,10,25,18,14,50
6.984,0.02955564959796868,2018,10,25,15,40,55,2018,10,25,19,37,13
6.21,0.03982896846606093,2018,10,25,15,41,13,2018,10,25,18,17,8
4.81,0.044981296758104736,2018,10,25,15,43,13,2018,10,25,17,30,9
13.307,0.007017781332677045,2018,10,25,15,43,28,2018,10,26,23,19,39
3.519,0.046795212765957446,2018,10,25,15,48,49,2018,10,25,17,4,1
5.344,0.036952863893050594,2018,10,25,15,50,2,2018,10,25,18,14,39
7.701,0.06813034503096431,2018,10,25,15,50,52,2018,10,25,17,43,54
16.023,0.05482009465701088,2018,10,25,15,51,29,2018,10,25,20,43,46
4.764,0.040980645161290324,2018,10,25,15,56,55,2018,10,25,17,53,10
8.490038829154411,0.025959452160692283,2018,10,25,15,57,46,2018,10,25,21,24,49
13.899,0.047599315068493145,2018,10,25,15,58,52,2018,10,25,20,50,52
11.3,0.103086513608028,2018,10,25,16,0,5,2018,10,25,17,49,42
4.337,0.00921556822608634,2018,10,25,16,5,2,2018,10,25,23,55,39
4.421,0.028421729347476696,2018,10,25,16,11,25,2018,10,25,18,46,58
2.756,0.03785714285714285,2018,10,25,16,28,50,2018,10,25,17,41,38
10.277,0.031810771770532396,2018,10,25,16,37,22,2018,10,25,22,0,26
14.347434289127907,0.04123023407958592,2018,10,25,16,38,7,2018,10,25,22,26,6
13.886,0.05501584786053882,2018,10,25,16,45,3,2018,10,25,20,57,27
13.039,0.11160342368045649,2018,10,25,16,45,24,2018,10,25,18,42,14
4.563077956988793,0.03639785660985477,2018,10,25,16,46,58,2018,10,25,18,52,20
12.411,0.05382435851102276,2018,10,25,16,48,46,2018,10,25,20,39,21
8.278,0.01699794661190965,2018,10,25,17,13,5,2018,10,26,1,20,5
13.873,0.0585152899824253,2018,10,25,17,23,46,2018,10,25,21,20,51
5.302,0.05342962714141753,2018,10,25,18,29,32,2018,10,25,20,8,46
6.672,0.054951269732326696,2018,10,25,19,44,6,2018,10,25,21,45,31
3.268,0.11419918462434478,2018,10,25,20,2,50,2018,10,25,20,31,27
16.682,0.11677983899194959,2018,10,25,20,20,16,2018,10,25,22,43,7
24.417,0.11151012330643935,2018,10,25,20,38,0,2018,10,26,0,16,58
0.92,0.032280701754385965,2018,10,25,20,47,15,2018,10,25,21,15,45
1.501,0.040259275815824766,2018,10,25,20,58,1,2018,10,25,21,35,18
5.623,0.09888042203985932,2018,10,25,22,37,23,2018,10,25,23,34,15
2.289,0.09761194029850748,2018,10,25,22,54,49,2018,10,25,23,18,16
6.331,0.11055296856810246,2018,10,25,23,8,34,2018,10,26,0,5,50
6.529,0.052681549220010754,2018,10,25,23,33,0,2018,10,26,1,36,56
2.605109020309452,0.06290001658694855,2018,10,25,23,42,55,2018,10,26,0,24,20
1.324,0.10972375690607736,2018,10,25,23,52,28,2018,10,26,0,4,32
15.778033154117995,0.02098282220110113,2018,10,26,0,24,39,2018,10,26,12,56,36
13.922733611111113,0.08054030241676309,2018,10,26,0,35,1,2018,10,26,3,27,53
7.775,0.05259301014656144,2018,10,26,0,41,54,2018,10,26,3,9,44
9.698,0.11119434358876362,2018,10,26,1,27,19,2018,10,26,2,54,32
13.93,0.10701664532650448,2018,10,26,1,32,57,2018,10,26,3,43,7
2.117,0.05544303797468355,2018,10,26,1,33,37,2018,10,26,2,11,48
6.168,0.10133625410733844,2018,10,26,1,50,40,2018,10,26,2,51,32
3.709,0.05441075794621027,2018,10,26,2,4,49,2018,10,26,3,12,59
13.874,0.09863033175355451,2018,10,26,2,12,4,2018,10,26,4,32,44
25.773,0.10840378548895899,2018,10,26,2,18,54,2018,10,26,6,16,39
9.086,0.11087248322147651,2018,10,26,2,19,49,2018,10,26,3,41,46
8.737,0.05490364474235442,2018,10,26,2,25,2,2018,10,26,5,4,10
4.235686977298864,0.11673919092233893,2018,10,26,2,37,32,2018,10,26,3,13,49
2.193,0.03370389344262295,2018,10,26,2,54,7,2018,10,26,3,59,11
13.873,0.10541793313069908,2018,10,26,2,59,6,2018,10,26,5,10,42
6.405,0.052941176470588235,2018,10,26,3,9,53,2018,10,26,5,10,52
2.231,0.05767341663076261,2018,10,26,3,16,52,2018,10,26,3,55,33
6.32,0.05193097781429745,2018,10,26,4,2,32,2018,10,26,6,4,14
8.882,0.11394483643361128,2018,10,26,4,31,50,2018,10,26,5,49,47
23.875,0.11205413016270338,2018,10,26,7,8,12,2018,10,26,10,41,16
12.057,0.05287384885250695,2018,10,26,13,12,43,2018,10,26,17,0,45
5.105,0.054404973357015995,2018,10,26,13,26,7,2018,10,26,14,59,57
7.974,0.10145038167938933,2018,10,26,13,43,1,2018,10,26,15,1,37
13.364,0.021431549687282836,2018,10,26,13,43,54,2018,10,27,0,7,28
17.28879480286686,0.05843770425170478,2018,10,26,13,54,1,2018,10,26,18,49,52
13.807,0.05898746795784677,2018,10,26,14,3,2,2018,10,26,17,57,6
6.483,0.054122721580631694,2018,10,26,14,11,40,2018,10,26,16,11,27
11.936,0.020410396716826266,2018,10,26,14,31,44,2018,10,27,0,16,32
46.737,0.11155746509129968,2018,10,26,14,38,55,2018,10,26,21,37,52
6.705,0.08281185673116509,2018,10,26,14,42,31,2018,10,26,16,3,29
11.947,0.06312257837266642,2018,10,26,14,42,50,2018,10,26,17,52,6
0.5804435483873183,0.11056067588329872,2018,10,26,14,50,35,2018,10,26,14,55,50
6.068,0.05303423160961398,2018,10,26,14,54,4,2018,10,26,16,48,29
1.371,0.03852927400468384,2018,10,26,15,1,14,2018,10,26,15,36,49
6.05690262843335,0.04078722308709327,2018,10,26,15,2,20,2018,10,26,17,30,50
13.262,0.02299104305114129,2018,10,26,15,5,16,2018,10,27,0,42,6
2.439,0.03144391920928234,2018,10,26,15,6,38,2018,10,26,16,24,12
16.915,0.04988449250430081,2018,10,26,15,7,55,2018,10,26,20,47,0
7.029,0.06270294380017842,2018,10,26,15,13,17,2018,10,26,17,5,23
13.62277329749125,0.035080102911994634,2018,10,26,15,13,25,2018,10,26,21,41,45
14.823,0.04730744680851064,2018,10,26,15,13,45,2018,10,26,20,27,5
12.636,0.05021924885738888,2018,10,26,15,14,34,2018,10,26,19,26,11
2.144,0.04406988694758479,2018,10,26,15,18,42,2018,10,26,16,7,21
5.844,0.040522362186524906,2018,10,26,15,24,27,2018,10,26,17,48,40
18.307,0.05773561103810775,2018,10,26,15,28,28,2018,10,26,20,45,33
7.042761350057947,0.03300263050636339,2018,10,26,15,35,21,2018,10,26,19,8,45
5.368,0.048601177003168856,2018,10,26,15,39,43,2018,10,26,17,30,10
4.822,0.03374387683694891,2018,10,26,15,40,50,2018,10,26,18,3,44
4.972,0.047830687830687835,2018,10,26,15,41,49,2018,10,26,17,25,46
1.417,0.03096139839766934,2018,10,26,15,42,4,2018,10,26,16,27,50
9.923,0.04305923193751356,2018,10,26,15,48,30,2018,10,26,19,38,57
4.990906511349268,0.058169073558849274,2018,10,26,15,53,16,2018,10,26,17,19,4
4.970134408602171,0.03146982529718555,2018,10,26,15,54,28,2018,10,26,18,32,24
6.428,0.04443829934324231,2018,10,26,16,4,12,2018,10,26,18,28,51
13.99,0.02909128716988979,2018,10,26,16,6,39,2018,10,27,0,7,33
13.899,0.07635414759201611,2018,10,26,16,21,13,2018,10,26,19,23,15
4.325,0.04233278955954323,2018,10,26,16,28,56,2018,10,26,18,11,6
13.903,0.07840774508882414,2018,10,26,16,32,56,2018,10,26,19,30,15
14.400736260454234,0.03623586393907545,2018,10,26,16,35,16,2018,10,26,23,12,41
11.592,0.04907012840412023,2018,10,26,16,39,31,2018,10,26,20,35,45
7.827,0.04271602692377661,2018,10,26,16,42,59,2018,10,26,19,46,13
10.753,0.04972102342786683,2018,10,26,16,47,58,2018,10,26,20,24,14
10.753,0.04990177121200402,2018,10,26,16,54,7,2018,10,26,20,29,36
13.938,0.03227634118101119,2018,10,26,16,55,37,2018,10,27,0,7,27
2.093,0.03362248995983936,2018,10,26,16,58,14,2018,10,26,18,0,29
13.902,0.10066618392469225,2018,10,26,17,5,4,2018,10,26,19,23,10
13.88,0.10174709835064143,2018,10,26,17,7,21,2018,10,26,19,23,46
7.769,0.04397547169811321,2018,10,26,17,11,9,2018,10,26,20,7,49
8.282,0.047253708634461766,2018,10,26,17,20,4,2018,10,26,20,15,20
3.09917562724027,0.03088366345032656,2018,10,26,18,1,3,2018,10,26,19,41,24
2.063,0.03323845327604726,2018,10,26,18,14,37,2018,10,26,19,16,41
1.255,0.004908735332464146,2018,10,26,18,20,23,2018,10,26,22,36,3
5.798954599759564,0.03966001094102061,2018,10,26,18,53,19,2018,10,26,21,19,32
5.818191457585611,0.02767492369233682,2018,10,26,19,23,22,2018,10,26,22,53,36
12.155,0.10063474541189457,2018,10,26,19,29,24,2018,10,26,21,30,11
7.609205495818905,0.05071113292781676,2018,10,26,19,47,29,2018,10,26,22,17,32
9.736,0.052532374100719426,2018,10,26,19,51,12,2018,10,26,22,56,32
11.73,0.06182361208713985,2018,10,26,20,8,8,2018,10,26,23,17,52
0.8712738948621805,-0.8712738948621805,2018,10,26,20,27,53,2018,10,26,20,26,53
11.26,0.10377880184331797,2018,10,26,21,5,1,2018,10,26,22,53,31
11.47,0.10766583229036296,2018,10,26,21,9,52,2018,10,26,22,56,24
1.766,0.04188142292490119,2018,10,26,21,12,26,2018,10,26,21,54,36
2.679,0.03277064220183486,2018,10,26,21,17,29,2018,10,26,22,39,14
3.04,0.09728,2018,10,26,22,13,24,2018,10,26,22,44,39
14.231541218637604,0.10400639136641367,2018,10,26,22,28,57,2018,10,27,0,45,47
2.356,0.03368922783603431,2018,10,26,22,46,23,2018,10,26,23,56,19
13.905,0.014006077190390652,2018,10,26,23,50,34,2018,10,27,16,23,21
4.445,0.050141003948110545,2018,10,26,23,54,5,2018,10,27,1,22,44
19.365,0.11114405969007078,2018,10,27,0,6,58,2018,10,27,3,1,12
10.915,0.11200615700359157,2018,10,27,0,10,49,2018,10,27,1,48,16
13.888,0.10991689750692521,2018,10,27,0,13,54,2018,10,27,2,20,15
13.94,0.06666666666666667,2018,10,27,0,32,26,2018,10,27,4,1,32
13.501,0.07464614817545152,2018,10,27,0,33,8,2018,10,27,3,34,0
6.093012246116697,0.10935708488393713,2018,10,27,0,53,29,2018,10,27,1,49,12
13.902,0.014886493432324385,2018,10,27,1,5,6,2018,10,27,16,38,58
14.295,0.1024731182795699,2018,10,27,1,7,57,2018,10,27,3,27,27
13.9,0.11001187178472498,2018,10,27,1,26,45,2018,10,27,3,33,6
13.903,0.10801243040269326,2018,10,27,1,50,15,2018,10,27,3,58,58
2.655,0.05742609949531362,2018,10,27,2,10,1,2018,10,27,2,56,15
68.74,0.10723590130261823,2018,10,27,2,19,18,2018,10,27,13,0,19
5.623,0.050392830470500374,2018,10,27,2,21,52,2018,10,27,4,13,27
7.118,0.058834550213528035,2018,10,27,2,27,42,2018,10,27,4,28,41
9.575,0.10658627087198516,2018,10,27,2,53,17,2018,10,27,4,23,7
8.522,0.05696524064171123,2018,10,27,3,3,13,2018,10,27,5,32,49
6.452,0.05316121944520736,2018,10,27,3,21,33,2018,10,27,5,22,55
0.533,0.0890807799442897,2018,10,27,3,33,5,2018,10,27,3,39,4
4.88,0.11379712397979012,2018,10,27,3,40,38,2018,10,27,4,23,31
1.49,0.10090293453724604,2018,10,27,4,1,17,2018,10,27,4,16,3
13.254,0.10705977382875606,2018,10,27,5,3,8,2018,10,27,7,6,56
28.981,0.11308922996878253,2018,10,27,5,45,10,2018,10,27,10,1,26
1.202,0.060049958368026644,2018,10,27,7,21,36,2018,10,27,7,41,37
13.888,0.05771436487048068,2018,10,27,7,42,24,2018,10,27,11,43,2
2.14,0.10118203309692672,2018,10,27,9,6,29,2018,10,27,9,27,38
36.504,0.11018966644865924,2018,10,27,9,44,15,2018,10,27,15,15,32
10.37,0.10549338758901322,2018,10,27,14,28,55,2018,10,27,16,7,13
13.713333333333336,0.08664700926705983,2018,10,27,14,46,50,2018,10,27,17,25,6
3.645,0.09286624203821656,2018,10,27,14,49,49,2018,10,27,15,29,4
6.722,0.10265207431916519,2018,10,27,14,52,7,2018,10,27,15,57,36
11.881,0.05674733322719312,2018,10,27,15,4,42,2018,10,27,18,34,4
13.883,0.10654643131235608,2018,10,27,15,19,39,2018,10,27,17,29,57
10.613,0.05683505890753303,2018,10,27,15,24,44,2018,10,27,18,31,28
4.522,0.05232786885245902,2018,10,27,15,55,17,2018,10,27,17,21,42
13.89,0.04278453719390113,2018,10,27,16,9,28,2018,10,27,21,34,7
2.46,0.054686921081882174,2018,10,27,16,22,54,2018,10,27,17,7,53
2.31,0.04207650273224044,2018,10,27,16,45,51,2018,10,27,17,40,45
1.907,0.0440076923076923,2018,10,27,16,52,28,2018,10,27,17,35,48
4.776,0.06179857666594781,2018,10,27,17,1,5,2018,10,27,18,18,22
5.866,0.0802279462046957,2018,10,27,17,25,28,2018,10,27,18,38,35
13.888,0.0678235389874654,2018,10,27,17,51,53,2018,10,27,21,16,39
1.37,0.10135635018495684,2018,10,27,18,8,22,2018,10,27,18,21,53
1.823,0.044409257003654085,2018,10,27,18,49,50,2018,10,27,19,30,53
13.901,0.10093912622534189,2018,10,27,19,16,21,2018,10,27,21,34,4
9.299,0.11212620578778133,2018,10,27,19,18,1,2018,10,27,20,40,57
4.161,0.056779622469865815,2018,10,27,19,19,8,2018,10,27,20,32,25
9.572,0.1123913894324853,2018,10,27,19,26,35,2018,10,27,20,51,45
9.527341696529088,0.060858139230463675,2018,10,27,19,42,50,2018,10,27,22,19,23
13.934760277777777,0.10712179585735637,2018,10,27,19,48,7,2018,10,27,21,58,12
5.029,0.09455969915387026,2018,10,27,19,52,56,2018,10,27,20,46,7
4.587,0.11247241520228851,2018,10,27,19,53,39,2018,10,27,20,34,26
13.888,0.10658480429777435,2018,10,27,20,33,43,2018,10,27,22,44,1
5.786,0.05166840303616609,2018,10,27,21,9,14,2018,10,27,23,1,13
12.762,0.05856367112810708,2018,10,27,21,11,17,2018,10,28,0,49,12
2.236,0.10810636583400485,2018,10,27,21,14,15,2018,10,27,21,34,56
2.923,0.10501796407185629,2018,10,27,21,18,16,2018,10,27,21,46,6
6.239684886500668,0.06047182897593928,2018,10,27,22,17,10,2018,10,28,0,0,21
13.873,0.08988984881209502,2018,10,27,22,28,56,2018,10,28,1,3,16
1.156,0.05887945670628183,2018,10,28,0,3,8,2018,10,28,0,22,46
4.013,0.11449358059914409,2018,10,28,1,4,19,2018,10,28,1,39,22
7.483,0.05507605495583905,2018,10,28,1,24,29,2018,10,28,3,40,21
14.148,0.09937719503629126,2018,10,28,1,46,7,2018,10,28,4,8,29
13.025,0.05651576511426092,2018,10,28,4,27,39,2018,10,28,8,18,7
15.161211170846563,0.026777918526119156,2018,10,28,4,50,3,2018,10,28,14,16,14
37.217,0.11022904531543094,2018,10,28,5,18,18,2018,10,28,10,55,56
5.232,0.1122345370039328,2018,10,28,5,31,21,2018,10,28,6,17,58
9.736,0.11005275056518463,2018,10,28,6,2,36,2018,10,28,7,31,4
2.026,0.11265987025023168,2018,10,28,6,31,1,2018,10,28,6,49,0
5.998,0.08816266536011759,2018,10,28,6,50,45,2018,10,28,7,58,47
3.412,0.04874285714285714,2018,10,28,7,8,24,2018,10,28,8,18,24
12.142,0.027404453806801083,2018,10,28,7,32,53,2018,10,28,14,55,57
13.252,0.1141265968135496,2018,10,28,13,16,1,2018,10,28,15,12,8
2.422,0.03326161593041886,2018,10,28,14,10,14,2018,10,28,15,23,3
3.252320788529574,0.06268527057879038,2018,10,28,14,15,25,2018,10,28,15,7,18
13.873,0.044848060344827585,2018,10,28,14,38,3,2018,10,28,19,47,23
13.194,0.040044514138297335,2018,10,28,14,58,13,2018,10,28,20,27,42
7.533699223416454,0.04009419490908171,2018,10,28,15,56,14,2018,10,28,19,4,8
50.895,0.11013849816057131,2018,10,28,16,1,10,2018,10,28,23,43,16
14.17191009557865,0.10223813944147156,2018,10,28,16,15,5,2018,10,28,18,33,42
9.275,0.11226548315513417,2018,10,28,16,34,16,2018,10,28,17,56,53
2.801,0.10884715025906735,2018,10,28,17,9,56,2018,10,28,17,35,40
3.776,0.06156521739130434,2018,10,28,17,16,21,2018,10,28,18,17,41
5.124,0.10719665271966528,2018,10,28,17,32,34,2018,10,28,18,20,22
6.856,0.11154013015184382,2018,10,28,17,33,20,2018,10,28,18,34,48
9.323,0.031118157543391187,2018,10,28,17,37,50,2018,10,28,22,37,26
13.787,0.054782781456953644,2018,10,28,17,38,8,2018,10,28,21,49,48
1.048,0.0951285930408472,2018,10,28,17,41,40,2018,10,28,17,52,41
11.398,0.107393216080402,2018,10,28,17,42,17,2018,10,28,19,28,25
11.7368625,0.07903611111111111,2018,10,28,17,51,46,2018,10,28,20,20,16
1.7,0.1031344792719919,2018,10,28,17,55,58,2018,10,28,18,12,27
1.001,0.10979890310786104,2018,10,28,17,58,24,2018,10,28,18,7,31
13.904,0.03287774887680303,2018,10,28,18,3,29,2018,10,29,1,6,23
31.274504181603888,0.11432829165272852,2018,10,28,18,10,17,2018,10,28,22,43,50
2.296,0.10596923076923076,2018,10,28,18,11,32,2018,10,28,18,33,12
10.607,0.11334283170080142,2018,10,28,18,32,21,2018,10,28,20,5,56
5.965,0.051779513888888885,2018,10,28,19,0,42,2018,10,28,20,55,54
11.436,0.07165413533834587,2018,10,28,19,1,12,2018,10,28,21,40,48
13.924,0.03574533629984596,2018,10,28,19,15,28,2018,10,29,1,45,0
13.561,0.10856037358238825,2018,10,28,19,22,39,2018,10,28,21,27,34
5.985,0.058494868871151656,2018,10,28,19,36,58,2018,10,28,21,19,17
13.872,0.0586553911205074,2018,10,28,19,47,32,2018,10,28,23,44,2
1.984,0.1020051413881748,2018,10,28,20,8,18,2018,10,28,20,27,45
2.235,0.10509404388714734,2018,10,28,20,26,54,2018,10,28,20,48,10
1.609,0.04684133915574963,2018,10,28,20,26,54,2018,10,28,21,1,15
1.049,0.09623853211009173,2018,10,28,20,47,19,2018,10,28,20,58,13
5.428,0.06456780333068993,2018,10,28,20,49,10,2018,10,28,22,13,14
13.074628136202138,0.11135240428277193,2018,10,28,20,56,34,2018,10,28,22,53,59
13.889,0.10716820987654321,2018,10,28,20,57,34,2018,10,28,23,7,10
1.673,0.10656050955414013,2018,10,28,21,11,5,2018,10,28,21,26,47
13.204,0.09909193245778612,2018,10,28,21,17,31,2018,10,28,23,30,46
13.884,0.10555499239736442,2018,10,28,21,42,7,2018,10,28,23,53,39
1.123,0.1001188707280832,2018,10,28,22,56,49,2018,10,28,23,8,2
13.867,0.10654629273914713,2018,10,28,23,9,40,2018,10,29,1,19,49
4.625,0.04706580732700136,2018,10,29,0,7,15,2018,10,29,1,45,31
11.319,0.09710323134114957,2018,10,29,0,8,14,2018,10,29,2,4,48
13.543,0.10980810810810811,2018,10,29,0,16,19,2018,10,29,2,19,39
2.715,0.0393763596809282,2018,10,29,0,42,15,2018,10,29,1,51,12
6.863870967740162,0.056749656616289064,2018,10,29,0,52,57,2018,10,29,2,53,54
20.076,0.09323219814241486,2018,10,29,1,13,9,2018,10,29,4,48,29
1.763,0.05446961894953656,2018,10,29,1,35,42,2018,10,29,2,8,4
7.98,0.10332326283987917,2018,10,29,1,42,16,2018,10,29,2,59,30
5.783,0.11092710997442456,2018,10,29,2,41,19,2018,10,29,3,33,27
8.638,0.08280555999360921,2018,10,29,3,19,50,2018,10,29,5,4,9
1.342,0.11308988764044944,2018,10,29,3,24,44,2018,10,29,3,36,36
13.207,0.09602762966553563,2018,10,29,3,28,21,2018,10,29,5,45,53
1.187,0.11093457943925235,2018,10,29,4,27,42,2018,10,29,4,38,24
1.887,0.09272727272727273,2018,10,29,4,58,47,2018,10,29,5,19,8
2.842,0.0026992971569682776,2018,10,29,5,12,12,2018,10,29,22,45,4
6.922,0.05164386968415817,2018,10,29,12,0,40,2018,10,29,14,14,42
0.594,0.10899082568807339,2018,10,29,12,3,2,2018,10,29,12,8,29
1.519,0.04159744408945687,2018,10,29,12,54,13,2018,10,29,13,30,44
5.959,0.09342565978573295,2018,10,29,13,32,35,2018,10,29,14,36,22
8.041,0.11487142857142858,2018,10,29,13,36,0,2018,10,29,14,46,0
9.613,0.07411719352351581,2018,10,29,13,48,45,2018,10,29,15,58,27
11.63,0.07002508780732564,2018,10,29,14,2,30,2018,10,29,16,48,35
4.291,0.1148349687778769,2018,10,29,14,5,50,2018,10,29,14,43,12
20.80434737156661,0.045282625056010904,2018,10,29,14,9,11,2018,10,29,21,48,37
23.591,0.06265315155807365,2018,10,29,14,14,9,2018,10,29,20,30,41
13.382,0.023539138082673702,2018,10,29,14,30,19,2018,10,29,23,58,49
7.861,0.06277082778812883,2018,10,29,14,40,4,2018,10,29,16,45,18
11.729,0.06741450330491426,2018,10,29,14,42,55,2018,10,29,17,36,54
14.69,0.07307245896202952,2018,10,29,14,48,47,2018,10,29,18,9,49
13.881,0.06623667886114204,2018,10,29,14,52,37,2018,10,29,18,22,11
19.16972968936584,0.03745550935788558,2018,10,29,15,1,45,2018,10,29,23,33,33
5.902,0.05276709879302638,2018,10,29,15,2,46,2018,10,29,16,54,37
14.6257213261631,0.030715550562470634,2018,10,29,15,3,31,2018,10,29,22,59,41
11.793,0.023679137942574122,2018,10,29,15,9,8,2018,10,29,23,27,10
3.41,0.03343683608432751,2018,10,29,15,9,40,2018,10,29,16,51,39
39.596,0.07721528861154446,2018,10,29,15,11,1,2018,10,29,23,43,49
22.341,0.05828593790764414,2018,10,29,15,12,58,2018,10,29,21,36,16
13.267,0.01937165384989779,2018,10,29,15,14,25,2018,10,30,2,39,17
12.95,0.06309378806333739,2018,10,29,15,14,56,2018,10,29,18,40,11
14.42,0.07010209042294605,2018,10,29,15,22,44,2018,10,29,18,48,26
7.857,0.05210212201591512,2018,10,29,15,23,14,2018,10,29,17,54,2
11.181,0.042700019094901655,2018,10,29,15,26,38,2018,10,29,19,48,29
1.859,0.032547417566384594,2018,10,29,15,28,16,2018,10,29,16,25,23
7.952,0.01726943680324309,2018,10,29,15,29,29,2018,10,29,23,9,57
13.877,0.030557105108631827,2018,10,29,15,30,52,2018,10,29,23,5,0
4.071,0.033515367727771674,2018,10,29,15,31,11,2018,10,29,17,32,39
6.174,0.032008986433941074,2018,10,29,15,31,11,2018,10,29,18,44,4
10.941,0.05071147161066049,2018,10,29,15,31,33,2018,10,29,19,7,18
13.885,0.031796496316934465,2018,10,29,15,32,21,2018,10,29,22,49,2
4.056817502985613,0.053780170167727966,2018,10,29,15,33,38,2018,10,29,16,49,4
27.460791517317368,0.006070874536809021,2018,10,29,15,37,50,2018,11,1,19,1,12
2.145,0.03938188494492044,2018,10,29,15,38,56,2018,10,29,16,33,24
5.178,0.009620362915711897,2018,10,29,15,41,34,2018,10,30,0,39,48
14.204737156508903,0.031427568471939754,2018,10,29,15,42,10,2018,10,29,23,14,9
7.173979988050708,0.030178700082944855,2018,10,29,15,43,37,2018,10,29,19,41,20
12.417,0.06925264919129949,2018,10,29,15,43,51,2018,10,29,18,43,9
1.6825253882916569,0.0336280890398066,2018,10,29,15,47,9,2018,10,29,16,37,11
13.687,0.028834971910112358,2018,10,29,15,47,35,2018,10,29,23,42,15
13.912,0.02194379452667,2018,10,29,16,5,19,2018,10,30,2,39,18
3.773,0.04295635673624289,2018,10,29,16,9,25,2018,10,29,17,37,15
6.54,0.05379764189744996,2018,10,29,16,14,8,2018,10,29,18,15,42
2.142,0.035512572533849124,2018,10,29,16,19,48,2018,10,29,17,20,7
7.575,0.05029323890671683,2018,10,29,16,23,47,2018,10,29,18,54,24
5.707,0.03643153526970954,2018,10,29,16,32,13,2018,10,29,19,8,52
5.33681003583777,0.012542935569362928,2018,10,29,16,41,56,2018,10,29,23,47,25
5.434,0.046404782237403935,2018,10,29,16,43,3,2018,10,29,18,40,9
8.934,0.0691932360913902,2018,10,29,16,43,6,2018,10,29,18,52,13
7.402,0.03490411820182333,2018,10,29,16,56,23,2018,10,29,20,28,27
4.684,0.03815885947046843,2018,10,29,17,22,12,2018,10,29,19,24,57
9.181,0.039624514458351315,2018,10,29,17,38,21,2018,10,29,21,30,3
13.91,0.049498843484965305,2018,10,29,19,5,32,2018,10,29,23,46,33
6.137,0.04745714653950251,2018,10,29,19,47,3,2018,10,29,21,56,22
16.417370071686342,0.05699816018407478,2018,10,29,19,48,49,2018,10,30,0,36,51
5.159,0.11272396212672979,2018,10,29,20,25,21,2018,10,29,21,11,7
1.064,0.10085308056872037,2018,10,29,20,26,25,2018,10,29,20,36,58
10.01,0.10886351277868406,2018,10,29,21,30,59,2018,10,29,23,2,56
0.526,0.02790450928381963,2018,10,29,21,45,53,2018,10,29,22,4,44
15.805784050179822,0.07713274038314676,2018,10,29,21,50,49,2018,10,30,1,15,44
4.553,0.1083187946074544,2018,10,29,22,0,5,2018,10,29,22,42,7
18.584,0.10939272049445699,2018,10,29,22,7,53,2018,10,30,0,57,46
6.844,0.05811491650155676,2018,10,29,22,13,3,2018,10,30,0,10,49
11.86,0.09862785862785863,2018,10,29,22,38,45,2018,10,30,0,39,0
0.573,0.029663503019844693,2018,10,29,22,44,25,2018,10,29,23,3,44
5.082,0.055591613491340015,2018,10,29,23,25,52,2018,10,30,0,57,17
10.249,0.10206473029045643,2018,10,29,23,42,9,2018,10,30,1,22,34
13.907,0.08819575097769791,2018,10,30,0,1,38,2018,10,30,2,39,19
14.219,0.014676667412135077,2018,10,30,0,7,52,2018,10,30,16,16,41
13.886,0.05825071663287422,2018,10,30,0,18,25,2018,10,30,4,16,48
13.902,0.09651932423050219,2018,10,30,0,34,39,2018,10,30,2,58,41
6.636,0.10703225806451613,2018,10,30,0,42,4,2018,10,30,1,44,4
11.421,0.10407958687727824,2018,10,30,0,43,2,2018,10,30,2,32,46
11.545,0.11212366461638071,2018,10,30,0,43,18,2018,10,30,2,26,16
12.991,0.05750350424197713,2018,10,30,0,57,57,2018,10,30,4,43,52
14.088,0.017740838685304117,2018,10,30,1,0,53,2018,10,30,14,14,59
32.561,0.11037003559120954,2018,10,30,1,37,12,2018,10,30,6,32,13
11.939,0.11044403330249769,2018,10,30,1,48,46,2018,10,30,3,36,52
13.898,0.10682551883166795,2018,10,30,1,50,2,2018,10,30,4,0,8
1.492,0.03702233250620347,2018,10,30,1,53,40,2018,10,30,2,33,58
10.599,0.11237674500795194,2018,10,30,2,8,6,2018,10,30,3,42,25
14.25791367980901,0.10426262288708599,2018,10,30,2,16,0,2018,10,30,4,32,45
6.001,0.05472036474164134,2018,10,30,2,22,24,2018,10,30,4,12,4
5.61195788530837,0.0655092360152728,2018,10,30,2,35,58,2018,10,30,4,1,38
2.8027404420548203,0.01896733888148987,2018,10,30,2,47,59,2018,10,30,5,15,45
6.431,0.05413299663299664,2018,10,30,3,5,57,2018,10,30,5,4,45
11.081,0.11263086566152802,2018,10,30,3,31,22,2018,10,30,5,9,45
5.154,0.11310899780541331,2018,10,30,3,43,47,2018,10,30,4,29,21
3.445,0.10449949443882708,2018,10,30,3,58,27,2018,10,30,4,31,25
3.154389187574531,0.08919102321134395,2018,10,30,4,37,10,2018,10,30,5,12,32
4.821,0.05891242362525458,2018,10,30,5,27,33,2018,10,30,6,49,23
32.149,0.10848931383577054,2018,10,30,12,53,3,2018,10,30,17,49,23
3.105,0.10844004656577416,2018,10,30,13,20,18,2018,10,30,13,48,56
4.635,0.04287696577243293,2018,10,30,13,56,30,2018,10,30,15,44,36
10.827,0.0410709995574382,2018,10,30,13,58,28,2018,10,30,18,22,5
13.106,0.06241943165581838,2018,10,30,14,15,39,2018,10,30,17,45,37
19.27943399044321,0.04747849447654706,2018,10,30,14,18,8,2018,10,30,21,4,12
9.242,0.10359050999439567,2018,10,30,14,19,17,2018,10,30,15,48,30
5.833,0.01030413661121743,2018,10,30,14,31,42,2018,10,30,23,57,47
11.099,0.014891989802763989,2018,10,30,14,46,45,2018,10,31,3,12,3
5.258,0.01133311779286561,2018,10,30,14,51,58,2018,10,30,22,35,55
16.556,0.055860091098239896,2018,10,30,15,3,11,2018,10,30,19,59,34
13.89,0.08656902461826115,2018,10,30,15,8,7,2018,10,30,17,48,34
6.494,0.052216563923881,2018,10,30,15,13,14,2018,10,30,17,17,36
1.917,0.0432406015037594,2018,10,30,15,13,54,2018,10,30,15,58,14
8.540825866187602,0.04264371739795757,2018,10,30,15,19,18,2018,10,30,18,39,35
10.327,0.03491800507185123,2018,10,30,15,19,36,2018,10,30,20,15,21
6.841,0.04629596210241371,2018,10,30,15,25,3,2018,10,30,17,52,49
6.947,0.03972362527399219,2018,10,30,15,26,3,2018,10,30,18,20,56
8.262939068098607,0.038765841276559264,2018,10,30,15,31,17,2018,10,30,19,4,26
4.659,0.04496380891105035,2018,10,30,15,31,32,2018,10,30,17,15,9
10.748,0.048861948780118195,2018,10,30,15,35,5,2018,10,30,19,15,3
6.973478195938123,0.032624459396201747,2018,10,30,15,37,23,2018,10,30,19,11,8
5.966,0.050381421534130895,2018,10,30,15,43,2,2018,10,30,17,41,27
13.907,0.07571182288358588,2018,10,30,15,49,37,2018,10,30,18,53,18
13.948,0.02108328714667204,2018,10,30,15,53,5,2018,10,31,2,54,39
11.763,0.03710530466326692,2018,10,30,15,53,36,2018,10,30,21,10,37
9.223912783749851,0.030885360066130425,2018,10,30,15,54,38,2018,10,30,20,53,17
9.675,0.050329460724813604,2018,10,30,15,56,17,2018,10,30,19,8,31
8.976,0.09092689515448253,2018,10,30,15,56,23,2018,10,30,17,35,6
11.51547640382332,0.033370132056479075,2018,10,30,15,59,30,2018,10,30,21,44,35
6.13,0.050397369142230745,2018,10,30,16,2,23,2018,10,30,18,4,1
5.321,0.08379527559055118,2018,10,30,16,3,10,2018,10,30,17,6,40
1.398,0.03906846762925011,2018,10,30,16,8,42,2018,10,30,16,44,29
13.888,0.05835294117647059,2018,10,30,16,20,28,2018,10,30,20,18,28
1.86,0.03253644314868805,2018,10,30,16,23,43,2018,10,30,17,20,53
2.917,0.06760139049826187,2018,10,30,16,25,0,2018,10,30,17,8,9
7.399,0.05248758571766375,2018,10,30,16,26,31,2018,10,30,18,47,29
12.620851254479971,0.034288026953533994,2018,10,30,16,34,17,2018,10,30,22,42,22
4.346,0.0459246213455442,2018,10,30,16,37,45,2018,10,30,18,12,23
13.196,0.04108130545322472,2018,10,30,16,45,9,2018,10,30,22,6,22
2.072,0.03363636363636364,2018,10,30,16,50,14,2018,10,30,17,51,50
13.894,0.029976267529665587,2018,10,30,16,56,58,2018,10,31,0,40,28
11.534,0.10573567608861728,2018,10,30,17,1,43,2018,10,30,18,50,48
12.591,0.05746691008671839,2018,10,30,17,17,31,2018,10,30,20,56,37
5.391,0.053341029023746704,2018,10,30,18,0,54,2018,10,30,19,41,58
13.883,0.03401167775917684,2018,10,30,18,17,52,2018,10,31,1,6,3
1.949,0.04223185265438787,2018,10,30,18,55,15,2018,10,30,19,41,24
8.941,0.06368233618233618,2018,10,30,19,16,22,2018,10,30,21,36,46
12.697,0.07748372660699755,2018,10,30,19,33,37,2018,10,30,22,17,29
7.82636350059618,0.06213043265887415,2018,10,30,19,53,40,2018,10,30,21,59,38
6.132,0.05143576121906892,2018,10,30,20,33,57,2018,10,30,22,33,10
12.668615591396826,0.06416654866484969,2018,10,30,20,53,27,2018,10,31,0,10,53
8.893,0.07854850581480936,2018,10,30,20,59,55,2018,10,30,22,53,8
12.02,0.09905232797692624,2018,10,30,21,3,37,2018,10,30,23,4,58
12.479,0.1108751665926255,2018,10,30,22,2,9,2018,10,30,23,54,42
3.259,0.05838757838160644,2018,10,30,22,6,58,2018,10,30,23,2,47
10.738,0.07411480501552974,2018,10,30,23,0,9,2018,10,31,1,25,2
10.276,0.1124904214559387,2018,10,30,23,3,11,2018,10,31,0,34,32
13.879,0.0565067517133745,2018,10,30,23,29,5,2018,10,31,3,34,42
4.495246415773942,0.06216058652833292,2018,10,30,23,50,39,2018,10,31,1,2,58
6.656,0.053684635031590267,2018,10,31,0,11,30,2018,10,31,2,15,29
9.756,0.09504140282513394,2018,10,31,0,30,24,2018,10,31,2,13,3
1.296,0.10124999999999999,2018,10,31,0,41,56,2018,10,31,0,54,44
1.384,0.10277227722772277,2018,10,31,0,48,43,2018,10,31,1,2,11
0.831,0.10631130063965885,2018,10,31,0,54,25,2018,10,31,1,2,14
3.125,0.11120996441281138,2018,10,31,0,58,28,2018,10,31,1,26,34
11.787,0.10614137775776677,2018,10,31,1,1,48,2018,10,31,2,52,51
1.73,0.09243098842386466,2018,10,31,1,5,12,2018,10,31,1,23,55
10.469,0.05786109064112011,2018,10,31,1,6,53,2018,10,31,4,7,49
13.869,0.10735905044510385,2018,10,31,1,34,0,2018,10,31,3,43,11
6.521,0.054379430159833216,2018,10,31,1,39,19,2018,10,31,3,39,14
8.89,0.1102293862368258,2018,10,31,1,49,40,2018,10,31,3,10,19
9.426391875744937,0.11405192832117285,2018,10,31,1,50,11,2018,10,31,3,12,50
9.643,0.10885794920037631,2018,10,31,1,55,59,2018,10,31,3,24,34
5.31,0.10666220287914295,2018,10,31,2,1,42,2018,10,31,2,51,29
5.772,0.10918032786885246,2018,10,31,2,25,39,2018,10,31,3,18,31
12.684,0.10336004346054596,2018,10,31,2,39,41,2018,10,31,4,42,24
11.37,0.09814415192058697,2018,10,31,2,53,34,2018,10,31,4,49,25
49.879,0.11216745999025524,2018,10,31,2,54,23,2018,10,31,10,19,4
24.736,0.10699733256434288,2018,10,31,2,54,27,2018,10,31,6,45,38
9.436,0.11260143198090693,2018,10,31,3,18,48,2018,10,31,4,42,36
11.091,0.11221922428330523,2018,10,31,3,25,59,2018,10,31,5,4,49
15.201245519710833,0.051795941347188935,2018,10,31,3,31,46,2018,10,31,8,25,15
5.229,0.10091347700225152,2018,10,31,3,33,32,2018,10,31,4,25,21
1.48,0.042610364683301344,2018,10,31,3,33,52,2018,10,31,4,8,36
1.024,0.0374862721171446,2018,10,31,3,55,40,2018,10,31,4,22,59
3.064,0.11244036697247707,2018,10,31,4,25,34,2018,10,31,4,52,49
2.935,0.059193277310924365,2018,10,31,5,8,54,2018,10,31,5,58,29
1.951,0.11127376425855513,2018,10,31,5,44,34,2018,10,31,6,2,6
3.38,0.09311294765840221,2018,10,31,6,12,45,2018,10,31,6,49,3
31.156,0.1029496640599185,2018,10,31,12,31,4,2018,10,31,17,33,42
3.421,0.00720640381982235,2018,10,31,12,34,38,2018,10,31,20,29,21
2.492,0.10913868613138687,2018,10,31,12,48,34,2018,10,31,13,11,24
3.371,0.054724025974025974,2018,10,31,13,20,30,2018,10,31,14,22,6
3.329923055555556,0.09185994636015327,2018,10,31,13,34,30,2018,10,31,14,10,45
3.459,0.008717970259598421,2018,10,31,13,52,26,2018,10,31,20,29,12
3.527,0.007276916199580482,2018,10,31,13,55,29,2018,10,31,22,0,10
19.471,0.09872063545715735,2018,10,31,14,0,44,2018,10,31,17,17,58
3.566,0.006304623272534402,2018,10,31,14,10,41,2018,10,31,23,36,18
12.639,0.022311992467929854,2018,10,31,14,35,9,2018,11,1,0,1,37
3.386,0.041478154348713756,2018,10,31,14,47,11,2018,10,31,16,8,49
3.246,0.020792142628376212,2018,10,31,14,55,43,2018,10,31,17,31,50
3.318,0.006303989867004433,2018,10,31,14,58,0,2018,10,31,23,44,20
3.513,0.006030556191348135,2018,10,31,14,59,59,2018,11,1,0,42,31
2.458,0.11014189693801345,2018,10,31,15,2,19,2018,10,31,15,24,38
3.388,0.042095671981776765,2018,10,31,15,4,3,2018,10,31,16,24,32
33.431,0.10286989076362889,2018,10,31,15,9,7,2018,10,31,20,34,6
6.612,0.09522803648583773,2018,10,31,15,9,9,2018,10,31,16,18,35
17.188,0.07966628041714947,2018,10,31,15,11,0,2018,10,31,18,46,45
3.432,0.022989840348330914,2018,10,31,15,12,7,2018,10,31,17,41,24
3.403,0.027447237531926336,2018,10,31,15,13,52,2018,10,31,17,17,51
10.453,0.08807470860834152,2018,10,31,15,14,39,2018,10,31,17,13,20
4.291557646355346,0.013869086436567962,2018,10,31,15,19,13,2018,10,31,20,28,39
4.327,0.0539190031152648,2018,10,31,15,20,1,2018,10,31,16,40,16
1.989,0.03725881985638464,2018,10,31,15,25,37,2018,10,31,16,19,0
5.6890292712057455,0.008165484684648104,2018,10,31,15,28,11,2018,11,1,3,4,54
3.464,0.009048323900740096,2018,10,31,15,37,16,2018,10,31,22,0,6
2.3,0.033707865168539325,2018,10,31,15,41,35,2018,10,31,16,49,49
2.05,0.03258278145695364,2018,10,31,15,42,26,2018,10,31,16,45,21
4.535416666666067,0.009894375159072247,2018,10,31,15,45,25,2018,10,31,23,23,48
4.74212216247951,0.011012824343891106,2018,10,31,15,47,11,2018,10,31,22,57,47
6.685,0.04462616822429906,2018,10,31,15,48,23,2018,10,31,18,18,11
3.602,0.007638368558705025,2018,10,31,15,52,40,2018,10,31,23,44,14
4.401593488648843,0.01208454330186376,2018,10,31,15,55,52,2018,10,31,22,0,6
3.389,0.0863806287170773,2018,10,31,15,57,7,2018,10,31,16,36,21
3.414,0.009470180305131762,2018,10,31,15,58,1,2018,10,31,21,58,31
3.637,0.005460687653270607,2018,10,31,16,4,14,2018,11,1,3,10,16
3.399,0.007143257443082312,2018,10,31,16,6,32,2018,11,1,0,2,22
20.916869772998425,0.08168525035016308,2018,10,31,16,7,28,2018,10,31,20,23,32
3.375,0.01404786680541103,2018,10,31,16,8,9,2018,10,31,20,8,24
6.207,0.0979537085744345,2018,10,31,16,10,26,2018,10,31,17,13,48
3.387,0.019024527242089497,2018,10,31,16,11,1,2018,10,31,19,9,3
3.531,0.008710990502035278,2018,10,31,16,18,19,2018,10,31,23,3,40
3.357,0.0070181184668989555,2018,10,31,16,22,5,2018,11,1,0,20,25
3.444,0.010214027976867183,2018,10,31,16,22,47,2018,10,31,21,59,58
4.3958273596168524,0.048860622744907586,2018,10,31,16,23,25,2018,10,31,17,53,23
3.574,0.007585426246904846,2018,10,31,16,28,55,2018,11,1,0,20,5
3.538,0.008023585440526136,2018,10,31,16,37,41,2018,10,31,23,58,38
3.388,0.03521829521829522,2018,10,31,16,43,10,2018,10,31,18,19,22
3.513,0.008800467621393679,2018,10,31,17,14,30,2018,10,31,23,53,41
3.382,0.07023883696780893,2018,10,31,17,17,32,2018,10,31,18,5,41
3.381,0.09003994673768309,2018,10,31,18,5,2,2018,10,31,18,42,35
3.23,0.031384615384615386,2018,10,31,18,51,38,2018,10,31,20,34,33
3.466,0.01207665505226481,2018,10,31,19,33,2,2018,11,1,0,20,2
3.371,0.05158377964804897,2018,10,31,19,38,55,2018,10,31,20,44,16
3.399,0.03029861833308572,2018,10,31,20,7,45,2018,10,31,21,59,56
3.48,0.015676852616562806,2018,10,31,20,42,38,2018,11,1,0,24,37
0.765,0.009612565445026179,2018,10,31,20,43,33,2018,10,31,22,3,8
3.814574372759659,0.022491594179007424,2018,10,31,20,46,6,2018,10,31,23,35,42
18.967,0.1050609305760709,2018,10,31,21,34,16,2018,11,1,0,34,48
1.307,0.043087912087912086,2018,10,31,21,57,41,2018,10,31,22,28,1
3.391,0.08400495458298926,2018,10,31,22,8,7,2018,10,31,22,48,29
21.055,0.1071501272264631,2018,10,31,22,8,27,2018,11,1,1,24,57
3.312,0.03080452643001085,2018,10,31,22,33,5,2018,11,1,0,20,36
3.6986872759855465,0.042046463917986505,2018,10,31,22,53,5,2018,11,1,0,21,3
3.406,0.04421462570315881,2018,10,31,23,2,49,2018,11,1,0,19,51
2.4503315412184423,0.11714732467976616,2018,10,31,23,23,24,2018,10,31,23,44,19
3.392,0.053969769291964995,2018,10,31,23,30,8,2018,11,1,0,32,59
3.381,0.05176320489920898,2018,10,31,23,39,41,2018,11,1,0,45,0
3.38,0.055273916598528205,2018,11,1,0,6,2,2018,11,1,1,7,11
1.28,0.09896907216494845,2018,11,1,0,53,58,2018,11,1,1,6,54
3.364,0.08911258278145695,2018,11,1,1,6,0,2018,11,1,1,43,45
3.441,0.028827143256073724,2018,11,1,1,9,11,2018,11,1,3,8,33
1.832,0.05657231085949563,2018,11,1,1,10,19,2018,11,1,1,42,42
3.393,0.08847457627118643,2018,11,1,1,17,6,2018,11,1,1,55,27
11.83,0.11099296325254106,2018,11,1,1,19,57,2018,11,1,3,6,32
1.615,0.09719157472417252,2018,11,1,1,46,11,2018,11,1,2,2,48
3.456,0.04159679037111334,2018,11,1,1,48,14,2018,11,1,3,11,19
22.293,0.10330398517145505,2018,11,1,2,0,6,2018,11,1,5,35,54
3.441,0.05012381646030589,2018,11,1,2,3,24,2018,11,1,3,12,3
3.728288530465819,0.06222456518162702,2018,11,1,2,4,58,2018,11,1,3,4,53
20.312,0.10890179608614065,2018,11,1,2,7,45,2018,11,1,5,14,16
2.379,0.03311064718162839,2018,11,1,2,11,16,2018,11,1,3,23,7
3.469,0.06392506142506142,2018,11,1,2,14,36,2018,11,1,3,8,52
2.605,0.03280856423173803,2018,11,1,2,15,17,2018,11,1,3,34,41
3.369,0.0804057279236277,2018,11,1,2,39,24,2018,11,1,3,21,18
3.365,0.05253708040593287,2018,11,1,2,43,5,2018,11,1,3,47,8
2.377,0.0957824042981867,2018,11,1,3,1,40,2018,11,1,3,26,29
3.379,0.030867844092570037,2018,11,1,3,5,39,2018,11,1,4,55,7
1.915,0.033026731819488356,2018,11,1,3,6,57,2018,11,1,4,4,56
5.901795101552488,0.009766333115261441,2018,11,1,3,49,31,2018,11,1,13,53,49
3.22,0.005596593377943861,2018,11,1,4,7,36,2018,11,1,13,42,57
8.796,0.09678342196955803,2018,11,1,4,22,8,2018,11,1,5,53,1
8.97,0.09998142299832807,2018,11,1,4,23,16,2018,11,1,5,52,59
3.282,0.07493150684931507,2018,11,1,4,49,46,2018,11,1,5,33,34
3.372,0.08486577181208053,2018,11,1,4,53,58,2018,11,1,5,33,42
1.389,0.06870568837592746,2018,11,1,5,32,47,2018,11,1,5,53,0
1.2255973715649884,0.011542276297896609,2018,11,1,5,40,49,2018,11,1,7,27,0
0.962,0.031575492341356676,2018,11,1,5,53,48,2018,11,1,6,24,16
0.98,0.03216630196936543,2018,11,1,6,25,56,2018,11,1,6,56,24
4.327,0.05724807056229328,2018,11,1,13,55,3,2018,11,1,15,10,38
6.427,0.07949288806431663,2018,11,1,13,57,0,2018,11,1,15,17,51
6.93,0.10206185567010308,2018,11,1,14,5,58,2018,11,1,15,13,52
0.917,0.0018606695975651,2018,11,1,14,6,8,2018,11,1,22,18,58
19.476566606930508,0.09124650553727107,2018,11,1,14,7,28,2018,11,1,17,40,55
13.011,0.09117729502452698,2018,11,1,14,12,57,2018,11,1,16,35,39
14.126,0.07960552268244576,2018,11,1,14,26,10,2018,11,1,17,23,37
4.421,0.007876592333046294,2018,11,1,14,32,26,2018,11,1,23,53,43
1.044,0.0017602922579738652,2018,11,1,14,33,19,2018,11,2,0,26,24
7.279,0.05267639609214811,2018,11,1,14,46,13,2018,11,1,17,4,24
29.978,0.0685603201829617,2018,11,1,15,3,8,2018,11,1,22,20,23
0.885,0.0019048643994834266,2018,11,1,15,4,30,2018,11,1,22,49,6
8.421577060929888,0.062128934422205,2018,11,1,15,7,57,2018,11,1,17,23,30
0.89,0.003193016024874432,2018,11,1,15,24,35,2018,11,1,20,3,19
6.235,0.011850608210846427,2018,11,1,15,30,11,2018,11,2,0,16,19
1.853,0.03257544682097861,2018,11,1,15,34,45,2018,11,1,16,31,38
2.5036379928315937,0.004859388592821649,2018,11,1,15,38,18,2018,11,2,0,13,31
0.941,0.003574548907882241,2018,11,1,15,41,8,2018,11,1,20,4,23
15.83,0.07701913720402205,2018,11,1,15,43,51,2018,11,1,19,9,23
6.748291517316581,0.013873003873055397,2018,11,1,15,44,45,2018,11,1,23,51,11
22.483,0.10234276610272362,2018,11,1,15,46,53,2018,11,1,19,26,34
0.953,0.0024350566391278423,2018,11,1,15,47,42,2018,11,1,22,19,4
2.454151732377128,0.004833385982032748,2018,11,1,15,48,13,2018,11,2,0,15,58
0.815,0.0032442115040137993,2018,11,1,15,52,6,2018,11,1,20,3,19
0.972,0.001954292607734066,2018,11,1,15,58,23,2018,11,2,0,15,45
1.064,0.002091194968553459,2018,11,1,16,0,46,2018,11,2,0,29,34
16.387,0.045551077136900625,2018,11,1,16,1,17,2018,11,1,22,1,2
23.098,0.0459433117851815,2018,11,1,16,4,21,2018,11,2,0,27,6
5.102,0.05274293590627154,2018,11,1,16,12,39,2018,11,1,17,49,23
37.486,0.07794157396818796,2018,11,1,16,14,12,2018,11,2,0,15,9
6.745,0.09644899904671116,2018,11,1,16,19,38,2018,11,1,17,29,34
1.007,0.004603077860734419,2018,11,1,16,24,25,2018,11,1,20,3,11
11.874,0.05670487106017192,2018,11,1,16,50,10,2018,11,1,20,19,34
0.76,0.024476650563607084,2018,11,1,16,55,42,2018,11,1,17,26,45
3.868,0.05817999498621208,2018,11,1,17,7,57,2018,11,1,18,14,26
16.059,0.056209310465523285,2018,11,1,17,12,34,2018,11,1,21,58,16
0.916,0.0030545212026899353,2018,11,1,17,22,41,2018,11,1,22,22,34
0.867,0.02768493879723257,2018,11,1,17,44,57,2018,11,1,18,16,16
7.879,0.029570275849127414,2018,11,1,17,51,9,2018,11,1,22,17,36
0.908,0.0026419669269191603,2018,11,1,18,43,56,2018,11,2,0,27,37
19.753,0.11337095848479052,2018,11,1,18,50,50,2018,11,1,21,45,4
0.9883945639188232,0.025919437865004107,2018,11,1,19,2,21,2018,11,1,19,40,29
1.343,0.02808644126873475,2018,11,1,19,2,28,2018,11,1,19,50,17
5.344,0.05021769772905247,2018,11,1,19,5,38,2018,11,1,20,52,3
0.977,0.031114649681528665,2018,11,1,19,31,54,2018,11,1,20,3,18
1.0023077777777776,0.004621769648529561,2018,11,1,19,32,40,2018,11,1,23,9,32
12.016460573475854,0.07477573474471597,2018,11,1,20,3,36,2018,11,1,22,44,18
1.06,0.004822565969062784,2018,11,1,20,45,49,2018,11,2,0,25,37
1.2617278972519732,0.011101873271024841,2018,11,1,20,49,29,2018,11,1,22,43,8
0.879,0.028616386326641347,2018,11,1,21,7,44,2018,11,1,21,38,27
0.862,0.0278214093598709,2018,11,1,21,11,3,2018,11,1,21,42,2
0.896,0.02909090909090909,2018,11,1,22,1,10,2018,11,1,22,31,58
12.438,0.10177008045820266,2018,11,1,22,16,41,2018,11,2,0,18,54
10.324,0.09061439438267993,2018,11,1,23,9,0,2018,11,2,1,2,56
0.886,0.02457697642163662,2018,11,1,23,18,10,2018,11,1,23,54,13
5.194,0.09815433070866142,2018,11,1,23,33,14,2018,11,2,0,26,9
0.878,0.025861561119293077,2018,11,1,23,37,58,2018,11,2,0,11,55
16.665,0.05547603195739015,2018,11,1,23,53,52,2018,11,2,4,54,16
1.547613500596973,0.05003060885550559,2018,11,2,0,51,57,2018,11,2,1,22,53
0.616,0.027438752783964366,2018,11,2,1,11,8,2018,11,2,1,33,35
10.41869474312805,0.06292115597259014,2018,11,2,1,58,19,2018,11,2,4,43,54
11.775,0.1060333183250788,2018,11,2,2,18,43,2018,11,2,4,9,46
0.917,0.029580645161290324,2018,11,2,3,25,25,2018,11,2,3,56,25
6.417,0.05267752086468737,2018,11,2,3,30,41,2018,11,2,5,32,30
0.701,0.030633648943918425,2018,11,2,4,4,50,2018,11,2,4,27,43
4.294,0.05056722276741903,2018,11,2,13,7,17,2018,11,2,14,32,12
19.62703405017933,0.09030843888119323,2018,11,2,14,4,11,2018,11,2,17,41,31
7.8870400238940945,0.01385960641499665,2018,11,2,14,12,55,2018,11,2,23,41,59
7.664,0.10282647584973166,2018,11,2,14,26,12,2018,11,2,15,40,44
5.266,0.05248504983388705,2018,11,2,14,57,48,2018,11,2,16,38,8
0.86,0.007139892071398921,2018,11,2,15,1,24,2018,11,2,17,1,51
27.39,0.05539114901075196,2018,11,2,15,10,58,2018,11,2,23,25,27
26.243,0.10443589573522584,2018,11,2,15,19,58,2018,11,2,19,31,15
10.161,0.05508809975603145,2018,11,2,15,25,24,2018,11,2,18,29,51
7.972,0.05976758715481695,2018,11,2,15,29,11,2018,11,2,17,42,34
0.855,0.02747723620782003,2018,11,2,15,30,30,2018,11,2,16,1,37
3.4814053166054846,0.01277970749442209,2018,11,2,15,31,24,2018,11,2,20,3,49
21.875,0.11274804570054119,2018,11,2,15,37,17,2018,11,2,18,51,18
5.07,0.052484472049689444,2018,11,2,15,37,35,2018,11,2,17,14,11
4.138391577060382,0.01348376294453559,2018,11,2,15,38,46,2018,11,2,20,45,41
16.773,0.08103551010548354,2018,11,2,15,40,25,2018,11,2,19,7,24
13.272,0.11215774647887325,2018,11,2,15,46,32,2018,11,2,17,44,52
4.011,0.01283862363296879,2018,11,2,16,5,5,2018,11,2,21,17,30
7.152,0.017505099127029453,2018,11,2,16,8,2,2018,11,2,22,56,36
3.756,0.04910873828720854,2018,11,2,16,16,29,2018,11,2,17,32,58
12.469,0.06749729339588596,2018,11,2,16,20,45,2018,11,2,19,25,29
11.621,0.10685977011494253,2018,11,2,16,29,32,2018,11,2,18,18,17
6.496,0.017688223281143636,2018,11,2,16,43,31,2018,11,2,22,50,46
1.824,0.03236912156166814,2018,11,2,16,44,58,2018,11,2,17,41,19
0.988,0.007176755447941889,2018,11,2,16,52,57,2018,11,2,19,10,37
9.639,0.053156249999999995,2018,11,2,16,54,15,2018,11,2,19,55,35
0.869,0.013610023492560689,2018,11,2,17,0,56,2018,11,2,18,4,47
8.164,0.05241172694200727,2018,11,2,17,10,26,2018,11,2,19,46,12
13.137,0.0864845292955892,2018,11,2,17,13,40,2018,11,2,19,45,34
9.548,0.0462111801242236,2018,11,2,17,27,25,2018,11,2,20,54,2
1.705,0.011554099841879377,2018,11,2,17,33,15,2018,11,2,20,0,49
1.827,0.01316598606773961,2018,11,2,17,46,46,2018,11,2,20,5,32
4.763,0.05229277218664227,2018,11,2,18,3,51,2018,11,2,19,34,56
5.670445041814945,0.019165542052100987,2018,11,2,18,36,21,2018,11,2,23,32,13
19.332,0.06046918986549891,2018,11,2,18,50,42,2018,11,3,0,10,24
7.720149342889496,0.033736996400099764,2018,11,2,19,8,43,2018,11,2,22,57,33
4.164,0.029545884578997157,2018,11,2,19,27,24,2018,11,2,21,48,20
4.664,0.028338227848101263,2018,11,2,20,6,24,2018,11,2,22,50,59
1.601,0.03125935567849007,2018,11,2,20,10,56,2018,11,2,21,2,9
0.895,0.030321852060982497,2018,11,2,20,12,51,2018,11,2,20,42,22
3.64,0.03050279329608939,2018,11,2,20,40,3,2018,11,2,22,39,23
3.834,0.03028834759710336,2018,11,2,20,43,33,2018,11,2,22,50,8
9.295,0.08557618536136259,2018,11,2,22,15,19,2018,11,3,0,3,56
0.879,0.02833960236432026,2018,11,2,22,29,18,2018,11,2,23,0,19
1.389102449221865,0.010297275383408933,2018,11,2,22,52,11,2018,11,3,1,7,5
0.868,0.027895018746652383,2018,11,2,23,40,59,2018,11,3,0,12,6
0.852,0.027395498392282957,2018,11,3,0,3,2,2018,11,3,0,34,8
55.628,0.10988246913580246,2018,11,3,0,27,16,2018,11,3,8,53,31
0.982,0.03181425485961123,2018,11,3,3,3,32,2018,11,3,3,34,24
6.508,0.05357113458636301,2018,11,3,3,25,36,2018,11,3,5,27,5
48.608,0.11173396674584321,2018,11,3,4,35,14,2018,11,3,11,50,16
2.198,0.033077501881113615,2018,11,3,14,38,1,2018,11,3,15,44,28
2.592,0.05415041782729805,2018,11,3,14,59,43,2018,11,3,15,47,35
0.811,0.02656113537117904,2018,11,3,16,0,27,2018,11,3,16,30,59
0.886,0.029144736842105265,2018,11,3,16,3,58,2018,11,3,16,34,22
0.743,0.028020113136392206,2018,11,3,17,4,31,2018,11,3,17,31,2
3.896,0.05513207547169811,2018,11,3,18,29,40,2018,11,3,19,40,20
10.122,0.05725113122171945,2018,11,3,19,32,47,2018,11,3,22,29,35
0.876,0.0287527352297593,2018,11,3,19,37,38,2018,11,3,20,8,6
0.932,0.03024337479718767,2018,11,3,19,44,16,2018,11,3,20,15,5
0.948,0.030531400966183574,2018,11,3,21,30,14,2018,11,3,22,1,17
13.547,0.10839045206027471,2018,11,3,21,35,52,2018,11,3,23,40,51
0.88,0.028280664167113015,2018,11,3,21,40,53,2018,11,3,22,12,0
0.828,0.026767241379310344,2018,11,3,22,16,3,2018,11,3,22,46,59
0.753,0.02429032258064516,2018,11,3,22,23,29,2018,11,3,22,54,29
0.968,0.009702639492148345,2018,11,3,22,35,35,2018,11,4,0,15,21
1.6014307048960723,0.012560240822714293,2018,11,3,22,57,44,2018,11,4,1,5,14
1.0518070489843387,0.03478964880874329,2018,11,3,22,58,11,2018,11,3,23,28,25
15.93,0.19991633549466636,2018,11,4,1,9,40,2018,11,4,2,29,21
0.9886469534048106,-0.03338143905699979,2018,11,4,2,10,8,2018,11,4,1,40,31
0.521,-0.012594681708299759,2018,11,4,3,56,17,2018,11,4,3,14,55
2.051,-0.05022857142857143,2018,11,4,4,33,19,2018,11,4,3,52,29
10.694,0.08704924704924706,2018,11,4,4,48,56,2018,11,4,6,51,47
29.81,0.05577870641801285,2018,11,4,6,51,8,2018,11,4,15,45,34
9.595,0.09330632090761752,2018,11,4,15,30,3,2018,11,4,17,12,53
29.893,0.10719459717905809,2018,11,4,16,22,14,2018,11,4,21,1,6
4.825,0.057497517378351536,2018,11,4,17,21,27,2018,11,4,18,45,22
0.864,0.02770710849812934,2018,11,4,17,49,37,2018,11,4,18,20,48
0.904,0.029802197802197804,2018,11,4,18,30,24,2018,11,4,19,0,44
0.9017280555555556,0.029516466630296417,2018,11,4,18,31,22,2018,11,4,19,1,55
0.986,0.009143740340030912,2018,11,4,19,13,12,2018,11,4,21,1,2
1.4293682795694878,0.008443644459404279,2018,11,4,19,20,38,2018,11,4,22,9,55
0.87,0.0027740872615188393,2018,11,4,19,59,15,2018,11,5,1,12,52
16.357319295102187,0.10631991742022871,2018,11,4,20,35,43,2018,11,4,23,9,34
13.548,0.11429696287964004,2018,11,4,20,55,57,2018,11,4,22,54,29
1.670088112305851,0.00614454787456163,2018,11,4,21,1,7,2018,11,5,1,32,55
6.76668608123576,0.0664812780209834,2018,11,4,22,9,28,2018,11,4,23,51,15
0.886,0.028781808337845154,2018,11,4,22,45,55,2018,11,4,23,16,42
0.8,0.02586206896551724,2018,11,4,23,35,7,2018,11,5,0,6,3
0.972,0.008729232150875618,2018,11,5,0,58,55,2018,11,5,2,50,16
3.778923237753977,0.003953468889212719,2018,11,5,1,32,0,2018,11,5,17,27,51
0.84,0.027860696517412936,2018,11,5,1,43,35,2018,11,5,2,13,44
5.303,0.05295057413879181,2018,11,5,1,54,16,2018,11,5,3,34,25
4.108,0.05676646706586826,2018,11,5,2,40,1,2018,11,5,3,52,23
13.464,0.09680527261833433,2018,11,5,2,52,19,2018,11,5,5,11,24
0.971,0.0013786738605707795,2018,11,5,2,52,53,2018,11,5,14,37,11
41.888,0.11266272189349112,2018,11,5,3,8,23,2018,11,5,9,20,11
0.868,0.02855263157894737,2018,11,5,3,53,51,2018,11,5,4,24,15
3.007,0.03385625820979546,2018,11,5,4,3,34,2018,11,5,5,32,23
13.404,0.10856371490280778,2018,11,5,5,47,36,2018,11,5,7,51,4
10.743,0.10176507736027787,2018,11,5,13,11,28,2018,11,5,14,57,2
28.339,0.09243490078825768,2018,11,5,13,44,34,2018,11,5,18,51,9
6.403,0.07895191122071517,2018,11,5,14,47,13,2018,11,5,16,8,19
3.703,0.05736638264910922,2018,11,5,14,55,7,2018,11,5,15,59,40
0.903,0.018359878007455102,2018,11,5,14,58,27,2018,11,5,15,47,38
5.182,0.008038678318423911,2018,11,5,14,58,50,2018,11,6,1,43,28
16.451748805255384,0.055185605653006266,2018,11,5,15,0,50,2018,11,5,19,58,57
29.552,0.08335464460323429,2018,11,5,15,11,2,2018,11,5,21,5,34
0.939,0.001782009109311741,2018,11,5,15,47,3,2018,11,6,0,33,59
5.61,0.05285804020100503,2018,11,5,16,0,15,2018,11,5,17,46,23
24.705,0.09392345710302875,2018,11,5,16,3,51,2018,11,5,20,26,53
1.6719892473114937,0.00749266971683394,2018,11,5,16,8,24,2018,11,5,19,51,33
37.404,0.09854828085891187,2018,11,5,16,13,40,2018,11,5,22,33,13
13.648,0.04692991002349705,2018,11,5,16,18,25,2018,11,5,21,9,14
11.288,0.044446777792361204,2018,11,5,16,19,9,2018,11,5,20,33,7
35.989,0.11247148288973383,2018,11,5,16,22,28,2018,11,5,21,42,27
13.049,0.05371432491767288,2018,11,5,16,24,8,2018,11,5,20,27,4
12.459,0.04732164335000316,2018,11,5,16,26,31,2018,11,5,20,49,48
10.073442353643768,0.027762001801415925,2018,11,5,16,28,57,2018,11,5,22,31,48
0.893,0.0026080607476635514,2018,11,5,16,30,28,2018,11,5,22,12,52
4.502,0.05003148731246527,2018,11,5,16,32,11,2018,11,5,18,2,10
16.188,0.03240516464818336,2018,11,5,16,32,33,2018,11,6,0,52,6
7.88,0.02000423101332769,2018,11,5,16,33,44,2018,11,5,23,7,39
6.236,0.048049312957493255,2018,11,5,16,34,42,2018,11,5,18,44,29
4.183,0.05448979591836735,2018,11,5,16,42,22,2018,11,5,17,59,8
1.799,0.026262773722627735,2018,11,5,16,42,58,2018,11,5,17,51,28
13.806,0.0843200325732899,2018,11,5,16,47,4,2018,11,5,19,30,48
0.867,0.027744,2018,11,5,16,47,58,2018,11,5,17,19,13
5.682,0.027223508743911204,2018,11,5,17,8,19,2018,11,5,20,37,2
19.19,0.03828047077598245,2018,11,5,17,9,40,2018,11,6,1,30,58
1.2432392473114715,0.03923953437069347,2018,11,5,17,27,16,2018,11,5,17,58,57
6.464,0.09747172656446344,2018,11,5,17,28,9,2018,11,5,18,34,28
4.276,0.027742214532871973,2018,11,5,17,35,3,2018,11,5,20,9,11
0.946,0.0016127749048133202,2018,11,5,17,36,9,2018,11,6,3,22,43
19.881,0.06727159936837356,2018,11,5,17,37,47,2018,11,5,22,33,19
0.954,0.003246738513896767,2018,11,5,17,39,31,2018,11,5,22,33,21
13.154,0.05658445655291081,2018,11,5,17,42,46,2018,11,5,21,35,14
0.883,0.007439966296868417,2018,11,5,17,52,50,2018,11,5,19,51,31
18.264808841099185,0.06833500844708805,2018,11,5,17,55,45,2018,11,5,22,23,2
1.552,0.02717245404143566,2018,11,5,17,56,1,2018,11,5,18,53,8
30.683,0.10575482536764706,2018,11,5,17,59,22,2018,11,5,22,49,30
3.913,0.015068352480585327,2018,11,5,18,12,25,2018,11,5,22,32,6
2.001152927116584,0.007229598725132168,2018,11,5,18,29,36,2018,11,5,23,6,24
5.572,0.05189692642036635,2018,11,5,18,35,52,2018,11,5,20,23,14
6.654,0.0516147382029735,2018,11,5,18,52,38,2018,11,5,21,1,33
2.226,0.035101182654402104,2018,11,5,20,5,46,2018,11,5,21,9,11
0.944,0.03043524986566362,2018,11,5,20,34,15,2018,11,5,21,5,16
4.001136499401949,0.03390314785540417,2018,11,5,20,39,2,2018,11,5,22,37,3
0.899,0.009553666312433581,2018,11,5,20,58,0,2018,11,5,22,32,6
10.704,0.09800701968564017,2018,11,5,22,7,54,2018,11,5,23,57,7
10.780843787335114,0.054535926754920055,2018,11,5,22,12,20,2018,11,6,1,30,1
0.944,0.02667922750824305,2018,11,5,22,29,4,2018,11,5,23,4,27
14.287307347669676,0.0805069910650057,2018,11,5,23,5,51,2018,11,6,2,3,19
0.907,0.0292109500805153,2018,11,5,23,40,37,2018,11,6,0,11,40
0.931,0.013325381679389315,2018,11,5,23,45,19,2018,11,6,0,55,11
0.857,0.027600644122383253,2018,11,6,0,17,35,2018,11,6,0,48,38
16.088,0.05791216702663787,2018,11,6,0,26,35,2018,11,6,5,4,23
0.829,0.027450331125827815,2018,11,6,0,38,55,2018,11,6,1,9,7
0.866,0.02867549668874172,2018,11,6,0,51,11,2018,11,6,1,21,23
0.926,0.02754586018839861,2018,11,6,0,54,16,2018,11,6,1,27,53
0.947,0.03088043478260869,2018,11,6,1,57,50,2018,11,6,2,28,30
0.903,0.029574235807860262,2018,11,6,2,22,48,2018,11,6,2,53,20
11.975,0.10725481415136587,2018,11,6,2,59,16,2018,11,6,4,50,55
7.215,0.05348406226834692,2018,11,6,3,5,26,2018,11,6,5,20,20
0.838,0.014099831744251261,2018,11,6,3,23,4,2018,11,6,4,22,30
6.276,0.05332955672001133,2018,11,6,3,49,25,2018,11,6,5,47,6
27.418,0.10995054137147439,2018,11,6,4,57,44,2018,11,6,9,7,6
28.166,0.10799846625766871,2018,11,6,5,38,39,2018,11,6,9,59,27
9.588,0.1108652919637695,2018,11,6,6,12,47,2018,11,6,7,39,16
1.647,0.04197960917587086,2018,11,6,7,0,52,2018,11,6,7,40,6
13.87,0.10864229765013053,2018,11,6,13,45,19,2018,11,6,15,52,59
10.337,0.054988917457221384,2018,11,6,14,37,31,2018,11,6,17,45,30
6.592,0.082883487007544,2018,11,6,14,58,46,2018,11,6,16,18,18
18.153,0.05357237715803452,2018,11,6,15,4,44,2018,11,6,20,43,35
3.441,0.057461731143890894,2018,11,6,15,7,20,2018,11,6,16,7,13
26.329,0.11078897538396802,2018,11,6,15,13,9,2018,11,6,19,10,48
0.867,0.0029264176417641767,2018,11,6,15,13,33,2018,11,6,20,9,49
8.477,0.10318928788800974,2018,11,6,15,16,51,2018,11,6,16,39,0
5.694,0.0036617363344051447,2018,11,6,15,20,29,2018,11,7,17,15,29
0.838,0.002175587382631647,2018,11,6,15,25,4,2018,11,6,21,50,15
0.942,0.0018249330018404314,2018,11,6,15,29,32,2018,11,7,0,5,43
19.92,0.0630579297245964,2018,11,6,16,3,17,2018,11,6,21,19,11
24.915,0.06703888066729449,2018,11,6,16,14,11,2018,11,6,22,25,50
9.077,0.11220024721878862,2018,11,6,16,14,26,2018,11,6,17,35,20
0.848,0.027727520435967302,2018,11,6,16,23,25,2018,11,6,16,54,0
10.785,0.06815883716031178,2018,11,6,16,26,25,2018,11,6,19,4,39
2.19,0.03312326695235695,2018,11,6,16,33,28,2018,11,6,17,39,35
0.913,0.0017444193229946183,2018,11,6,16,35,53,2018,11,7,1,19,16
5.314,0.012326606355833913,2018,11,6,16,36,19,2018,11,6,23,47,25
16.036,0.10529218647406435,2018,11,6,16,45,7,2018,11,6,19,17,25
0.836,0.02733514986376022,2018,11,6,16,46,36,2018,11,6,17,17,11
5.41,0.051994233541566556,2018,11,6,16,49,23,2018,11,6,18,33,26
9.878,0.05076923076923077,2018,11,6,16,51,9,2018,11,6,20,5,43
4.437,0.04170766097446342,2018,11,6,16,57,18,2018,11,6,18,43,41
0.909,0.00453932584269663,2018,11,6,16,57,56,2018,11,6,20,18,11
14.679,0.1113169868554095,2018,11,6,16,58,17,2018,11,6,19,10,9
14.032,0.1076899462778204,2018,11,6,16,58,43,2018,11,6,19,9,1
1.009,0.002011897245023429,2018,11,6,16,59,31,2018,11,7,1,21,2
15.307,0.05512725090036014,2018,11,6,17,3,34,2018,11,6,21,41,14
17.642,0.0826258683943486,2018,11,6,17,7,22,2018,11,6,20,40,53
4.977,0.0508982444179308,2018,11,6,17,9,3,2018,11,6,18,46,50
11.703,0.05894728005372733,2018,11,6,17,12,52,2018,11,6,20,31,24
7.606,0.09693288020390824,2018,11,6,17,19,37,2018,11,6,18,38,5
0.859,0.022025641025641026,2018,11,6,17,31,49,2018,11,6,18,10,49
0.879,0.028492706645056726,2018,11,6,17,39,18,2018,11,6,18,10,9
4.582,0.0492423428264374,2018,11,6,17,45,26,2018,11,6,19,18,29
5.443,0.022061744241032223,2018,11,6,17,49,2,2018,11,6,21,55,45
0.991,0.002284462886122637,2018,11,6,18,8,12,2018,11,7,1,22,0
9.16,0.0995471834812534,2018,11,6,18,8,43,2018,11,6,19,40,44
20.753,0.11603578417668438,2018,11,6,18,10,9,2018,11,6,21,9,0
0.848,0.0023575201556852933,2018,11,6,18,14,41,2018,11,7,0,14,23
0.933,0.020423203210507116,2018,11,6,18,15,53,2018,11,6,19,1,34
8.805,0.01676450988480944,2018,11,6,18,23,57,2018,11,7,3,9,10
3.181,0.046986706056129986,2018,11,6,18,30,3,2018,11,6,19,37,45
2.3,0.0343027591349739,2018,11,6,19,22,20,2018,11,6,20,29,23
13.277,0.07787858050640337,2018,11,6,20,9,6,2018,11,6,22,59,35
5.404,0.05559670781893004,2018,11,6,20,17,36,2018,11,6,21,54,48
6.605,0.05465453040959868,2018,11,6,20,20,28,2018,11,6,22,21,19
0.531,0.027161125319693096,2018,11,6,20,22,29,2018,11,6,20,42,2
20.751,0.07089107783408302,2018,11,6,20,22,59,2018,11,7,1,15,42
13.177,0.09972502522704339,2018,11,6,21,3,24,2018,11,6,23,15,32
0.95,0.004047433075339061,2018,11,6,21,25,11,2018,11,7,1,19,54
1.503,0.04758839050131926,2018,11,6,22,18,40,2018,11,6,22,50,15
15.91,0.05643511676027194,2018,11,7,0,11,8,2018,11,7,4,53,3
15.812,0.058733362223735534,2018,11,7,0,50,40,2018,11,7,5,19,53
0.901,0.028940042826552465,2018,11,7,1,26,36,2018,11,7,1,57,44
2.981,0.05290150842945874,2018,11,7,2,25,56,2018,11,7,3,22,17
11.499,0.10721678321678323,2018,11,7,3,30,1,2018,11,7,5,17,16
12.220489844675718,-12.64188604621626,2018,11,7,3,40,6,2018,11,7,3,39,8
7.475,0.11226533166458073,2018,11,7,4,2,39,2018,11,7,5,9,14
0.737,0.02598119858989424,2018,11,7,4,48,20,2018,11,7,5,16,42
43.338,0.11027013273398076,2018,11,7,13,44,16,2018,11,7,20,17,17
14.369,0.046784241371825484,2018,11,7,14,30,49,2018,11,7,19,37,57
5.582,0.08087901473074137,2018,11,7,14,53,38,2018,11,7,16,2,39
19.828,0.10268254790264111,2018,11,7,15,3,0,2018,11,7,18,16,6
17.268,0.07945398773006135,2018,11,7,15,9,0,2018,11,7,18,46,20
12.601,0.07260034568849626,2018,11,7,15,12,6,2018,11,7,18,5,40
0.862,0.0023718242685499403,2018,11,7,15,16,13,2018,11,7,21,19,39
12.755,0.022626615025278657,2018,11,7,15,59,37,2018,11,8,1,23,20
6.769,0.052588372394147355,2018,11,7,16,1,59,2018,11,7,18,10,42
0.852,0.004710652414301511,2018,11,7,16,5,50,2018,11,7,19,6,42
16.57,0.08139173147769137,2018,11,7,16,17,20,2018,11,7,19,40,55
5.227,0.04332964907432993,2018,11,7,16,19,18,2018,11,7,18,19,56
2.07,0.0043081619202885975,2018,11,7,16,20,20,2018,11,8,0,20,49
15.925,0.05778651345630482,2018,11,7,16,24,7,2018,11,7,20,59,42
13.843,0.10765780946208683,2018,11,7,16,24,30,2018,11,7,18,33,5
6.626,0.05668900613147013,2018,11,7,16,25,27,2018,11,7,18,22,20
30.466,0.11559124826103453,2018,11,7,16,28,41,2018,11,7,20,52,15
0.852,0.02749865519096288,2018,11,7,16,43,57,2018,11,7,17,14,56
3.203,0.014680314720036666,2018,11,7,16,47,10,2018,11,7,20,25,21
11.945,0.09118320610687024,2018,11,7,16,51,13,2018,11,7,19,2,13
4.057,0.027539314402081686,2018,11,7,16,58,46,2018,11,7,19,26,5
2.355,0.0327386468952734,2018,11,7,17,0,12,2018,11,7,18,12,8
3.626,0.0482930077691454,2018,11,7,17,3,45,2018,11,7,18,18,50
2.123,0.03779821958456974,2018,11,7,17,8,53,2018,11,7,18,5,3
5.788,0.046577253218884125,2018,11,7,17,11,16,2018,11,7,19,15,32
7.372,0.08473563218390805,2018,11,7,17,24,26,2018,11,7,18,51,26
0.777,0.025281995661605206,2018,11,7,17,38,39,2018,11,7,18,9,23
11.275,0.05181922635005745,2018,11,7,17,40,40,2018,11,7,21,18,15
3.261,0.03373448275862069,2018,11,7,18,11,3,2018,11,7,19,47,43
24.389,0.10879851301115241,2018,11,7,18,41,19,2018,11,7,22,25,29
4.873,0.04931354359925789,2018,11,7,19,8,23,2018,11,7,20,47,12
0.949,0.003137190082644628,2018,11,7,19,10,49,2018,11,8,0,13,19
1.848,0.033417721518987344,2018,11,7,20,15,58,2018,11,7,21,11,16
3.917,0.026294473036473483,2018,11,7,20,32,27,2018,11,7,23,1,25
6.542,0.055962360992301105,2018,11,7,20,42,43,2018,11,7,22,39,37
14.894,0.09593558776167471,2018,11,7,21,10,27,2018,11,7,23,45,42
4.973,0.05140937284631288,2018,11,7,21,12,37,2018,11,7,22,49,21
6.647,0.05622726631890596,2018,11,7,21,16,52,2018,11,7,23,15,5
13.875,0.10647141578206933,2018,11,7,22,8,32,2018,11,8,0,18,51
16.262,0.0574493641073952,2018,11,8,2,14,47,2018,11,8,6,57,51
9.424,0.11379351982290199,2018,11,8,2,55,10,2018,11,8,4,17,59
17.173,0.1140810451727192,2018,11,8,3,2,59,2018,11,8,5,33,31
10.704,0.10006855718292303,2018,11,8,3,32,55,2018,11,8,5,19,53
0.875,0.028347732181425486,2018,11,8,3,54,51,2018,11,8,4,25,43
12.472,0.10759453630481668,2018,11,8,4,6,25,2018,11,8,6,2,20
0.834,0.011577973160573808,2018,11,8,5,12,1,2018,11,8,6,24,3
6.256,0.05390005743825388,2018,11,8,8,24,54,2018,11,8,10,20,58
47.967,0.11035775911653055,2018,11,8,8,47,51,2018,11,8,16,2,30
7.47,0.11012285012285013,2018,11,8,14,33,46,2018,11,8,15,41,36
3.719,0.050087542087542083,2018,11,8,14,56,30,2018,11,8,16,10,45
14.381,0.05838024357239513,2018,11,8,14,59,45,2018,11,8,19,6,5
14.063,0.10527510917030568,2018,11,8,14,59,58,2018,11,8,17,13,33
14.736,0.05487927502948297,2018,11,8,15,3,15,2018,11,8,19,31,46
5.478,0.0721105748135147,2018,11,8,15,5,51,2018,11,8,16,21,49
18.207,0.03287648970747563,2018,11,8,15,23,55,2018,11,9,0,37,43
1.852,0.04254211332312405,2018,11,8,15,34,40,2018,11,8,16,18,12
2.708,0.0271206810215323,2018,11,8,15,37,21,2018,11,8,17,17,12
21.283,0.06852956960394978,2018,11,8,15,50,18,2018,11,8,21,0,52
4.926,0.05383606557377049,2018,11,8,16,2,6,2018,11,8,17,33,36
14.171,0.10229307025986525,2018,11,8,16,7,57,2018,11,8,18,26,29
14.007,0.03485484406104844,2018,11,8,16,9,41,2018,11,8,22,51,33
9.903,0.03365124313303505,2018,11,8,16,15,35,2018,11,8,21,9,52
27.104,0.06220794124397521,2018,11,8,16,24,6,2018,11,8,23,39,48
5.23,0.029354536950420958,2018,11,8,16,25,46,2018,11,8,19,23,56
16.613,0.08102584945537311,2018,11,8,16,26,0,2018,11,8,19,51,2
14.003,0.10924197113509296,2018,11,8,16,30,12,2018,11,8,18,38,23
0.962,0.003392101551480959,2018,11,8,16,34,3,2018,11,8,21,17,39
0.847,0.003016739878903004,2018,11,8,16,38,46,2018,11,8,21,19,32
9.904,0.03435509047811759,2018,11,8,16,39,22,2018,11,8,21,27,39
6.685,0.052575697994494686,2018,11,8,16,39,54,2018,11,8,18,47,3
6.717,0.056130919220055704,2018,11,8,16,41,48,2018,11,8,18,41,28
1.898,0.03225148683092608,2018,11,8,16,46,8,2018,11,8,17,44,59
24.821,0.06898554752640355,2018,11,8,16,47,38,2018,11,8,22,47,26
3.396,0.05669449081803005,2018,11,8,16,48,9,2018,11,8,17,48,3
12.167,0.04026141628060887,2018,11,8,16,56,37,2018,11,8,21,58,49
11.46,0.036937953263497185,2018,11,8,17,15,39,2018,11,8,22,25,54
7.247,0.06466686496133255,2018,11,8,17,22,44,2018,11,8,19,14,48
5.149,0.01015148030098906,2018,11,8,17,22,47,2018,11,9,1,50,0
11.739,0.055617498420720154,2018,11,8,17,48,59,2018,11,8,21,20,3
9.881,0.08813141073286755,2018,11,8,17,49,9,2018,11,8,19,41,16
7.366,0.10858968058968059,2018,11,8,17,55,49,2018,11,8,19,3,39
7.896,0.023768813967489463,2018,11,8,18,7,54,2018,11,8,23,40,6
4.389,0.050779020439645196,2018,11,8,18,10,58,2018,11,8,19,37,24
2.189,0.04397053900234349,2018,11,8,18,16,44,2018,11,8,19,6,31
7.874,0.05915112057092775,2018,11,8,18,32,23,2018,11,8,20,45,30
4.889,0.0976823176823177,2018,11,8,19,32,40,2018,11,8,20,22,43
0.986,0.0028850092655808056,2018,11,8,19,36,51,2018,11,9,1,18,37
0.853,0.0054504792332268365,2018,11,8,20,18,28,2018,11,8,22,54,58
2.378,0.03390684410646388,2018,11,8,20,20,54,2018,11,8,21,31,2
5.072,0.051344693774253415,2018,11,8,21,17,27,2018,11,8,22,56,14
0.844,0.0043064886469937926,2018,11,8,21,26,27,2018,11,9,0,42,26
9.966,0.04880907681005632,2018,11,8,22,4,55,2018,11,9,1,29,6
0.912,0.00869537581439695,2018,11,8,22,55,4,2018,11,9,0,39,57
11.135,0.11317973911570386,2018,11,8,23,17,12,2018,11,9,0,55,35
1.618,0.042635046113306985,2018,11,9,0,6,50,2018,11,9,0,44,47
14.93,0.05625470987189149,2018,11,9,0,56,25,2018,11,9,5,21,49
0.817,0.025977742448330683,2018,11,9,0,57,45,2018,11,9,1,29,12
30.207,0.11387408896707717,2018,11,9,1,10,34,2018,11,9,5,35,50
0.98,0.05714285714285715,2018,11,9,1,17,21,2018,11,9,1,34,30
14.035,0.11433808553971486,2018,11,9,2,31,49,2018,11,9,4,34,34
9.993,0.05651616551984165,2018,11,9,3,15,17,2018,11,9,6,12,6
12.81,0.10788882650196518,2018,11,9,4,4,43,2018,11,9,6,3,27
0.969,0.01798329724713888,2018,11,9,5,44,32,2018,11,9,6,38,25
11.181,0.05341667330201449,2018,11,9,6,37,28,2018,11,9,10,6,47
1.479,0.0002360470498108751,2018,11,9,10,33,2,2018,11,13,18,58,44
4.093,0.054295821357506074,2018,11,9,14,4,28,2018,11,9,15,19,51
17.904,0.031295228106974306,2018,11,9,14,56,30,2018,11,10,0,28,36
15.337,0.04840970066810458,2018,11,9,14,58,16,2018,11,9,20,15,5
14.6,0.04655364829675293,2018,11,9,15,1,40,2018,11,9,20,15,17
19.353,0.05194506576004295,2018,11,9,15,7,53,2018,11,9,21,20,27
0.873,0.0015286289616529504,2018,11,9,15,9,56,2018,11,10,0,41,2
2.705,0.02703648175912044,2018,11,9,15,23,23,2018,11,9,17,3,26
5.297,0.05346005046257359,2018,11,9,15,42,40,2018,11,9,17,21,45
29.886,0.07075842474942783,2018,11,9,15,47,25,2018,11,9,22,49,47
12.717,0.0968176627331557,2018,11,9,15,55,16,2018,11,9,18,6,37
8.952,0.034550366653801616,2018,11,9,15,57,15,2018,11,9,20,16,21
6.519,0.05395034482758621,2018,11,9,15,59,50,2018,11,9,18,0,40
5.452,0.02801884368308351,2018,11,9,16,0,35,2018,11,9,19,15,10
16.14,0.07886635719521133,2018,11,9,16,11,21,2018,11,9,19,36,0
8.482,0.06943921408104789,2018,11,9,16,13,8,2018,11,9,18,15,17
21.888,0.0942297481524001,2018,11,9,16,14,8,2018,11,9,20,6,25
20.25,0.1120848708487085,2018,11,9,16,18,6,2018,11,9,19,18,46
19.861,0.11372971941210155,2018,11,9,16,18,6,2018,11,9,19,12,44
6.137,0.03515562344853924,2018,11,9,16,28,55,2018,11,9,19,23,29
11.892,0.022305167401294197,2018,11,9,16,28,56,2018,11,10,1,22,5
2.052,0.024624000000000004,2018,11,9,16,32,12,2018,11,9,17,55,32
11.604,0.0990384068278805,2018,11,9,16,47,6,2018,11,9,18,44,16
0.851,0.02799342105263158,2018,11,9,16,47,57,2018,11,9,17,18,21
2.212,0.0330890052356021,2018,11,9,16,49,37,2018,11,9,17,56,28
0.936,0.02982474774296336,2018,11,9,17,4,33,2018,11,9,17,35,56
6.218,0.05441656942823804,2018,11,9,17,9,11,2018,11,9,19,3,27
4.362,0.04161551916043887,2018,11,9,17,10,35,2018,11,9,18,55,24
7.413,0.029209955999211928,2018,11,9,17,20,51,2018,11,9,21,34,38
0.877,0.02784126984126984,2018,11,9,17,40,50,2018,11,9,18,12,20
2.415,0.02704367301231803,2018,11,9,17,41,51,2018,11,9,19,11,9
5.21,0.052126063031515756,2018,11,9,17,49,34,2018,11,9,19,29,31
19.177,0.1069548243167875,2018,11,9,17,52,45,2018,11,9,20,52,3
7.916,0.11030190431955411,2018,11,9,17,53,19,2018,11,9,19,5,5
31.74,0.09040159498718313,2018,11,9,17,54,55,2018,11,9,23,46,1
11.887,0.058997435685333784,2018,11,9,18,3,20,2018,11,9,21,24,49
3.892,0.00928804391058786,2018,11,9,18,7,10,2018,11,10,1,6,12
9.229,0.025814181157055614,2018,11,9,18,22,52,2018,11,10,0,20,23
2.295,0.03396645288603848,2018,11,9,20,26,54,2018,11,9,21,34,28
20.879,0.10885818561001043,2018,11,9,21,0,13,2018,11,10,0,12,1
6.537,0.0533269884432359,2018,11,9,21,8,31,2018,11,9,23,11,6
0.89,0.028253968253968254,2018,11,9,21,16,59,2018,11,9,21,48,29
11.021,0.10049544072948328,2018,11,9,21,39,38,2018,11,9,23,29,18
5.456,0.09294718909710392,2018,11,9,21,59,3,2018,11,9,22,57,45
7.464,0.05968812475009996,2018,11,9,22,4,31,2018,11,10,0,9,34
9.571,0.11168028004667443,2018,11,9,23,35,27,2018,11,10,1,1,9
6.636,0.05754588813412343,2018,11,10,0,3,56,2018,11,10,1,59,15
10.317,0.11220228384991843,2018,11,10,0,10,3,2018,11,10,1,42,0
0.908,0.028198757763975155,2018,11,10,0,31,37,2018,11,10,1,3,49
4.708,0.10860438292964245,2018,11,10,0,58,7,2018,11,10,1,41,28
13.508,0.11289594651065607,2018,11,10,2,56,11,2018,11,10,4,55,50
0.891,0.009628962536023055,2018,11,10,4,16,23,2018,11,10,5,48,55
10.459,0.05218193913188092,2018,11,10,5,2,26,2018,11,10,8,22,52
0.557,0.028760757314974184,2018,11,10,5,48,0,2018,11,10,6,7,22
1.863,0.04380094043887148,2018,11,10,6,44,7,2018,11,10,7,26,39
47.051,0.1126610264187086,2018,11,10,8,8,45,2018,11,10,15,6,23
14.203,0.1109609375,2018,11,10,15,54,45,2018,11,10,18,2,45
4.042,0.04968653964351567,2018,11,10,15,58,19,2018,11,10,17,19,40
0.9,0.0288,2018,11,10,17,34,29,2018,11,10,18,5,44
1.741,0.04155131264916468,2018,11,10,17,37,19,2018,11,10,18,19,13
2.864,0.10339350180505415,2018,11,10,17,46,46,2018,11,10,18,14,28
0.821,0.003003292281429094,2018,11,10,18,0,13,2018,11,10,22,33,35
0.915,0.02229894394800975,2018,11,10,18,1,46,2018,11,10,18,42,48
0.618,0.0287888198757764,2018,11,10,18,14,16,2018,11,10,18,35,44
14.76,0.11356758143113618,2018,11,10,18,16,8,2018,11,10,20,26,6
10.97,0.054106041923551174,2018,11,10,18,32,41,2018,11,10,21,55,26
0.873,0.028176438945669714,2018,11,10,18,36,35,2018,11,10,19,7,34
46.173,0.11152000644070525,2018,11,10,18,41,43,2018,11,11,1,35,45
0.916,0.02935897435897436,2018,11,10,18,42,5,2018,11,10,19,13,17
6.38,0.05189804772234273,2018,11,10,19,13,21,2018,11,10,21,16,17
8.411,0.059652482269503544,2018,11,10,19,26,10,2018,11,10,21,47,10
8.979,0.09724548736462094,2018,11,10,20,21,42,2018,11,10,21,54,2
0.858,0.0045853745435111785,2018,11,10,20,50,44,2018,11,10,23,57,51
26.637,0.11307626998726475,2018,11,10,21,11,18,2018,11,11,1,6,52
0.872,0.028652792990142388,2018,11,10,21,25,11,2018,11,10,21,55,37
0.806,0.028347010550996483,2018,11,10,21,43,48,2018,11,10,22,12,14
0.89,0.02860203535083021,2018,11,10,22,0,31,2018,11,10,22,31,38
3.49,0.06187943262411348,2018,11,10,22,4,0,2018,11,10,23,0,24
0.605,0.028878281622911693,2018,11,10,23,28,42,2018,11,10,23,49,39
7.439,0.06333759046402725,2018,11,10,23,58,50,2018,11,11,1,56,17
23.101,0.10597599204832174,2018,11,11,0,4,19,2018,11,11,3,42,18
9.777,0.05763607781489487,2018,11,11,0,11,37,2018,11,11,3,1,15
16.354,0.05749677721786007,2018,11,11,2,59,14,2018,11,11,7,43,40
9.55,0.059181987192728776,2018,11,11,3,39,20,2018,11,11,6,20,42
27.38,0.1131327043592039,2018,11,11,5,57,1,2018,11,11,9,59,2
0.872,0.0117493824388053,2018,11,11,6,5,38,2018,11,11,7,19,51
5.796,0.05563269876819709,2018,11,11,8,49,58,2018,11,11,10,34,9
2.365,0.033224069304612504,2018,11,11,14,49,26,2018,11,11,16,0,37
4.712,0.05303320202588632,2018,11,11,16,41,48,2018,11,11,18,10,39
26.948,0.11294216261525566,2018,11,11,18,19,16,2018,11,11,22,17,52
20.094,0.10943451030226015,2018,11,11,18,35,55,2018,11,11,21,39,32
13.995,0.10176948248697126,2018,11,11,20,47,32,2018,11,11,23,5,3
0.878,0.029072847682119207,2018,11,11,20,55,32,2018,11,11,21,25,44
6.017,0.04809752198241407,2018,11,11,21,5,5,2018,11,11,23,10,11
0.818,0.026805024576734025,2018,11,11,22,59,40,2018,11,11,23,30,11
4.323,0.10753731343283582,2018,11,11,23,55,39,2018,11,12,0,35,51
1.262,0.03797392176529589,2018,11,11,23,59,35,2018,11,12,0,32,49
21.028,0.115878030859662,2018,11,12,1,30,44,2018,11,12,4,32,12
13.265,0.10865529010238908,2018,11,12,1,50,37,2018,11,12,3,52,42
5.966,0.05278867423683822,2018,11,12,1,58,9,2018,11,12,3,51,10
10.918,0.007335557994221854,2018,11,12,2,58,45,2018,11,13,3,47,7
0.805,0.029397443700547782,2018,11,12,6,12,43,2018,11,12,6,40,6
6.204,0.05328371027769825,2018,11,12,9,36,45,2018,11,12,11,33,11
3.409,0.05630057803468208,2018,11,12,14,21,42,2018,11,12,15,22,15
8.344,0.05182072249249559,2018,11,12,14,47,38,2018,11,12,17,28,39
8.817,0.07773989713445996,2018,11,12,14,50,6,2018,11,12,16,43,31
19.732,0.04620175609756098,2018,11,12,15,3,8,2018,11,12,22,10,13
28.961,0.049143358126643846,2018,11,12,15,24,28,2018,11,13,1,13,47
22.646,0.046548818088386436,2018,11,12,15,45,30,2018,11,12,23,52,0
12.981,0.10178515420805018,2018,11,12,16,0,9,2018,11,12,18,7,41
3.628,0.029766169834541226,2018,11,12,16,8,0,2018,11,12,18,9,53
13.747,0.10659343499612303,2018,11,12,16,8,47,2018,11,12,18,17,45
39.36,0.07125271542360609,2018,11,12,16,10,15,2018,11,13,1,22,39
11.641,0.027333776855946464,2018,11,12,16,15,48,2018,11,12,23,21,41
13.48,0.03722385861561119,2018,11,12,16,16,56,2018,11,12,22,19,4
3.631,0.027650717096078182,2018,11,12,16,22,42,2018,11,12,18,34,1
1.59,0.026288233673188208,2018,11,12,16,23,43,2018,11,12,17,24,12
44.875,0.07898905741191657,2018,11,12,16,32,18,2018,11,13,2,0,25
6.158,0.02808238960249297,2018,11,12,16,35,4,2018,11,12,20,14,21
11.668,0.09831203482656929,2018,11,12,16,35,54,2018,11,12,18,34,35
4.218,0.0534375,2018,11,12,16,41,1,2018,11,12,17,59,57
13.395,0.0713702157890063,2018,11,12,16,51,39,2018,11,12,19,59,20
11.206,0.055129550672351584,2018,11,12,16,51,51,2018,11,12,20,15,7
3.417,0.04658486707566462,2018,11,12,16,57,24,2018,11,12,18,10,45
5.178,0.010336704817673676,2018,11,12,16,58,52,2018,11,13,1,19,48
0.782,0.02543089430894309,2018,11,12,17,6,23,2018,11,12,17,37,8
5.654,0.05098286744815148,2018,11,12,17,15,9,2018,11,12,19,6,3
0.93,0.0014687689189544894,2018,11,12,17,23,19,2018,11,13,3,56,30
19.343,0.05930706730032194,2018,11,12,17,25,43,2018,11,12,22,51,52
3.442,0.046840553413472444,2018,11,12,17,31,34,2018,11,12,18,45,3
0.892,0.02875873186458893,2018,11,12,17,44,21,2018,11,12,18,15,22
5.368,0.03162297496318115,2018,11,12,17,46,23,2018,11,12,20,36,8
15.874,0.10210548885077188,2018,11,12,17,52,25,2018,11,12,20,27,53
2.845,0.03349686028257457,2018,11,12,17,55,31,2018,11,12,19,20,27
11.218,0.10199727231398696,2018,11,12,18,27,46,2018,11,12,20,17,45
18.5,0.04069362466546907,2018,11,12,18,30,48,2018,11,13,2,5,25
1.513,0.02793230769230769,2018,11,12,20,30,55,2018,11,12,21,25,5
6.736,0.05502518720217835,2018,11,12,20,45,12,2018,11,12,22,47,37
3.61,0.054422110552763824,2018,11,12,21,10,59,2018,11,12,22,17,19
6.481,0.11177349813164703,2018,11,12,21,13,30,2018,11,12,22,11,29
2.091,0.03323443708609272,2018,11,12,21,25,35,2018,11,12,22,28,30
0.88,0.027862796833773087,2018,11,12,22,32,12,2018,11,12,23,3,47
0.969,0.03139308855291577,2018,11,12,22,40,13,2018,11,12,23,11,5
3.872,0.11234042553191488,2018,11,12,22,50,58,2018,11,12,23,25,26
3.22,0.030056004978220287,2018,11,12,22,53,41,2018,11,13,0,40,49
0.975,0.03179347826086956,2018,11,12,23,1,49,2018,11,12,23,32,29
4.98,0.05456537618699781,2018,11,12,23,6,17,2018,11,13,0,37,33
8.684,0.05641403204850584,2018,11,12,23,47,2,2018,11,13,2,20,58
4.908,0.05279311581211904,2018,11,13,0,23,13,2018,11,13,1,56,11
16.077,0.05364662699516157,2018,11,13,0,37,56,2018,11,13,5,37,37
11.668,0.0595204897126339,2018,11,13,1,18,34,2018,11,13,4,34,36
0.881,0.029107929515418504,2018,11,13,1,59,42,2018,11,13,2,29,58
11.778,0.11372384937238494,2018,11,13,2,30,27,2018,11,13,4,14,1
0.881,0.028728260869565217,2018,11,13,3,0,10,2018,11,13,3,30,50
1.491,0.0406267029972752,2018,11,13,6,44,46,2018,11,13,7,21,28
0.855,0.001838775583354242,2018,11,13,6,52,57,2018,11,13,14,37,56
11.131,0.0446370806041973,2018,11,13,14,23,34,2018,11,13,18,32,56
34.366,0.11371939113170086,2018,11,13,14,26,30,2018,11,13,19,28,42
9.376,0.05373065902578796,2018,11,13,14,28,4,2018,11,13,17,22,34
5.761,0.09890128755364808,2018,11,13,14,28,28,2018,11,13,15,26,43
6.441,0.07605983074197992,2018,11,13,15,0,29,2018,11,13,16,25,10
18.107,0.07189596982330752,2018,11,13,15,11,27,2018,11,13,19,23,18
9.945,0.02089724732086573,2018,11,13,15,12,9,2018,11,13,23,8,3
11.336,0.023234269317483094,2018,11,13,15,24,53,2018,11,13,23,32,47
6.375,0.05366161616161616,2018,11,13,15,55,46,2018,11,13,17,54,34
2.887,0.03281924971580144,2018,11,13,16,3,7,2018,11,13,17,31,5
5.088,0.06299628559636813,2018,11,13,16,24,56,2018,11,13,17,45,42
5.313,0.0377209797657082,2018,11,13,16,25,57,2018,11,13,18,46,48
9.161,0.051466292134831455,2018,11,13,16,31,6,2018,11,13,19,29,6
14.37,0.07501957713390758,2018,11,13,16,31,48,2018,11,13,19,43,21
12.569,0.09845169712793735,2018,11,13,16,38,51,2018,11,13,18,46,31
10.296,0.10200792602377806,2018,11,13,16,43,11,2018,11,13,18,24,7
12.599,0.02182463839247048,2018,11,13,16,43,24,2018,11,14,2,20,41
1.163,0.002163050216986981,2018,11,13,16,43,25,2018,11,14,1,41,5
1.24,0.0021703617269544923,2018,11,13,16,48,35,2018,11,14,2,19,55
13.667,0.10782642998027614,2018,11,13,16,55,27,2018,11,13,19,2,12
1.891,0.03030448717948718,2018,11,13,17,5,50,2018,11,13,18,8,14
4.151,0.04516047144152312,2018,11,13,17,6,37,2018,11,13,18,38,32
6.27,0.0544980443285528,2018,11,13,17,8,32,2018,11,13,19,3,35
17.257,0.11311120821498799,2018,11,13,17,8,57,2018,11,13,19,41,31
3.875,0.007667700019787613,2018,11,13,17,10,49,2018,11,14,1,36,11
0.941,0.0032288688093331805,2018,11,13,17,34,44,2018,11,13,22,26,10
0.797,0.0024373088685015294,2018,11,13,17,41,3,2018,11,13,23,8,3
1.45,0.002711885539727565,2018,11,13,17,41,33,2018,11,14,2,36,14
6.764,0.10854239101364001,2018,11,13,17,45,26,2018,11,13,18,47,45
35.892,0.10914951849974659,2018,11,13,17,48,20,2018,11,13,23,17,10
6.948,0.05358354755784062,2018,11,13,18,5,3,2018,11,13,20,14,43
10.182,0.021276773586877025,2018,11,13,18,9,22,2018,11,14,2,7,55
6.199,0.014172382258802012,2018,11,13,18,23,51,2018,11,14,1,41,15
5.585,0.10792270531400966,2018,11,13,18,31,33,2018,11,13,19,23,18
8.082,0.1036818473380372,2018,11,13,19,0,50,2018,11,13,20,18,47
12.601,0.1029213177239314,2018,11,13,20,2,34,2018,11,13,22,5,0
6.642,0.04982745686421605,2018,11,13,20,26,50,2018,11,13,22,40,8
1.708,0.030105757931844886,2018,11,13,20,30,29,2018,11,13,21,27,13
23.441,0.06883613938919342,2018,11,13,20,34,0,2018,11,14,2,14,32
2.404,0.0462011531069827,2018,11,13,21,14,22,2018,11,13,22,6,24
7.891,0.09658506731946144,2018,11,13,22,0,44,2018,11,13,23,22,26
27.475,0.09371269399124553,2018,11,13,22,3,58,2018,11,14,2,57,9
13.786,0.10777328990228012,2018,11,13,23,30,34,2018,11,14,1,38,29
16.451,0.05510607414024118,2018,11,14,0,37,28,2018,11,14,5,36,0
6.219,0.04753375796178344,2018,11,14,0,57,39,2018,11,14,3,8,29
1.382,0.014306418219461697,2018,11,14,0,58,56,2018,11,14,2,35,32
6.908,0.051939849624060154,2018,11,14,1,11,56,2018,11,14,3,24,56
2.381,0.04366136919315403,2018,11,14,1,21,54,2018,11,14,2,16,26
8.438,0.08629282427134823,2018,11,14,1,24,19,2018,11,14,3,2,6
13.014,0.09672240802675584,2018,11,14,1,33,20,2018,11,14,3,47,53
0.992,0.017362893815635938,2018,11,14,1,40,54,2018,11,14,2,38,2
13.759,0.08198828086205184,2018,11,14,2,31,4,2018,11,14,5,18,53
11.757,0.10074550128534704,2018,11,14,3,35,29,2018,11,14,5,32,11
0.889,0.02930769230769231,2018,11,14,4,9,31,2018,11,14,4,39,51
15.099,0.11444416371905003,2018,11,14,4,20,34,2018,11,14,6,32,30
4.125,0.1144244105409154,2018,11,14,5,37,27,2018,11,14,6,13,30
29.624,0.11467354838709677,2018,11,14,6,41,28,2018,11,14,10,59,48
0.865,0.03352713178294574,2018,11,14,8,29,20,2018,11,14,8,55,8
7.735,0.10067245119305858,2018,11,14,14,0,43,2018,11,14,15,17,33
14.902,0.049560445651571416,2018,11,14,14,44,0,2018,11,14,19,44,41
14.305,0.10023356300362023,2018,11,14,14,45,5,2018,11,14,17,7,48
5.187,0.07955521472392638,2018,11,14,15,2,11,2018,11,14,16,7,23
6.997,0.06335949290673105,2018,11,14,15,9,55,2018,11,14,17,0,21
17.522,0.08038229222417616,2018,11,14,15,12,21,2018,11,14,18,50,20
10.076,0.08481481481481482,2018,11,14,15,20,15,2018,11,14,17,19,3
5.393,0.05325543120473996,2018,11,14,15,25,12,2018,11,14,17,6,28
9.509,0.05394667170953101,2018,11,14,15,40,29,2018,11,14,18,36,45
6.167,0.04482374318594791,2018,11,14,16,6,19,2018,11,14,18,23,54
1.666,0.03982470119521912,2018,11,14,16,6,36,2018,11,14,16,48,26
2.736,0.005257662620504116,2018,11,14,16,19,10,2018,11,15,0,59,33
0.886,0.0022141696863676123,2018,11,14,16,31,34,2018,11,14,23,11,43
0.901,0.003611704970603955,2018,11,14,16,32,13,2018,11,14,20,41,41
0.781,0.014593584553098725,2018,11,14,16,35,49,2018,11,14,17,29,20
12.803,0.0994665285510812,2018,11,14,16,36,2,2018,11,14,18,44,45
12.011,0.02142525865144488,2018,11,14,16,37,46,2018,11,15,1,58,22
1.71,0.032396589832649196,2018,11,14,16,39,37,2018,11,14,17,32,24
3.299,0.01259721249920448,2018,11,14,16,40,52,2018,11,14,21,2,45
13.891,0.10748774825896312,2018,11,14,16,49,11,2018,11,14,18,58,25
9.929,0.10066576546130448,2018,11,14,16,51,52,2018,11,14,18,30,30
4.698,0.0518543046357616,2018,11,14,17,3,14,2018,11,14,18,33,50
12.73,0.1002099186565206,2018,11,14,17,5,45,2018,11,14,19,12,47
16.14,0.10800803033682801,2018,11,14,17,15,57,2018,11,14,19,45,23
0.874,0.028148148148148148,2018,11,14,17,35,5,2018,11,14,18,6,8
21.123,0.06036580138128126,2018,11,14,17,35,14,2018,11,14,23,25,9
27.957,0.10240659340659342,2018,11,14,17,45,9,2018,11,14,22,18,9
7.878,0.11108813160987073,2018,11,14,17,50,7,2018,11,14,19,1,2
0.856,0.027958628198149156,2018,11,14,17,50,31,2018,11,14,18,21,8
3.947,0.009724469264566995,2018,11,14,17,57,31,2018,11,15,0,43,24
0.94,0.03040431266846361,2018,11,14,18,8,43,2018,11,14,18,39,38
9.159,0.029150222788033104,2018,11,14,19,2,24,2018,11,15,0,16,36
8.987,0.09190727799556844,2018,11,14,19,4,54,2018,11,14,20,42,41
6.496,0.05586355166977211,2018,11,14,19,9,49,2018,11,14,21,6,6
0.81,0.026185344827586207,2018,11,14,19,11,44,2018,11,14,19,42,40
6.568,0.05420632737276478,2018,11,14,19,13,23,2018,11,14,21,14,33
5.478,0.05222116301239275,2018,11,14,19,21,2,2018,11,14,21,5,56
26.32,0.10420323325635103,2018,11,14,19,27,3,2018,11,14,23,39,38
0.8,0.004628290425224183,2018,11,14,20,27,11,2018,11,14,23,20,2
1.703,0.05207951070336391,2018,11,14,20,53,30,2018,11,14,21,26,12
6.658,0.05613827993254638,2018,11,14,21,13,4,2018,11,14,23,11,40
0.953,0.007266488753335874,2018,11,14,21,42,11,2018,11,14,23,53,20
0.992,0.006144317126045216,2018,11,14,22,3,16,2018,11,15,0,44,43
14.346,0.10531750887067172,2018,11,14,23,12,38,2018,11,15,1,28,51
9.786,0.11298056571098711,2018,11,15,1,16,54,2018,11,15,2,43,31
45.424,0.11073172713606631,2018,11,15,1,41,17,2018,11,15,8,31,30
7.866,0.042488296723082464,2018,11,15,2,23,20,2018,11,15,5,28,28
0.964,0.010636263332107392,2018,11,15,2,41,2,2018,11,15,4,11,40
12.504,0.10578680203045684,2018,11,15,3,0,0,2018,11,15,4,58,12
0.803,0.026545454545454546,2018,11,15,3,10,8,2018,11,15,3,40,23
15.396,0.05766292134831461,2018,11,15,4,10,45,2018,11,15,8,37,45
6.135,0.05275150472914875,2018,11,15,4,11,34,2018,11,15,6,7,52
2.71,0.04652360515021459,2018,11,15,8,13,57,2018,11,15,9,12,12
49.661,0.11041912173429684,2018,11,15,14,18,34,2018,11,15,21,48,19
5.905,0.009022613833146582,2018,11,15,14,30,35,2018,11,16,1,25,3
2.718,0.0051136684331002475,2018,11,15,14,41,15,2018,11,15,23,32,46
14.08,0.046583953680727874,2018,11,15,14,47,11,2018,11,15,19,49,26
13.374,0.07399170124481329,2018,11,15,15,12,17,2018,11,15,18,13,2
0.884,0.0021423378301963004,2018,11,15,15,33,59,2018,11,15,22,26,37
35.437,0.08018630260974505,2018,11,15,15,45,30,2018,11,15,23,7,26
5.459,0.05322391940201495,2018,11,15,15,46,25,2018,11,15,17,28,59
15.872,0.05056924384027187,2018,11,15,15,49,3,2018,11,15,21,2,55
10.802,0.0957907182973692,2018,11,15,16,0,32,2018,11,15,17,53,18
6.736,0.0531439842209073,2018,11,15,16,0,54,2018,11,15,18,7,39
24.303,0.08590162002945508,2018,11,15,16,1,14,2018,11,15,20,44,9
13.921,0.10820831713952583,2018,11,15,16,6,20,2018,11,15,18,14,59
27.87,0.05461493239271017,2018,11,15,16,8,33,2018,11,16,0,38,51
0.86,0.0031214082632629605,2018,11,15,16,8,39,2018,11,15,20,44,10
17.76,0.07155039280198752,2018,11,15,16,17,8,2018,11,15,20,25,21
5.075,0.026832922100810716,2018,11,15,16,17,25,2018,11,15,19,26,33
13.228,0.07028070486141857,2018,11,15,16,27,27,2018,11,15,19,35,40
1.85,0.032192575406032486,2018,11,15,16,36,38,2018,11,15,17,34,6
12.637,0.09684761783114064,2018,11,15,16,38,40,2018,11,15,18,49,9
5.535,0.05231568998109641,2018,11,15,16,43,44,2018,11,15,18,29,32
0.952,0.0039835413906130135,2018,11,15,16,45,10,2018,11,15,20,44,9
12.814,0.03951685855263158,2018,11,15,16,48,22,2018,11,15,22,12,38
0.8,0.026344676180021957,2018,11,15,16,51,17,2018,11,15,17,21,39
8.833,0.054569604612850084,2018,11,15,16,53,33,2018,11,15,19,35,25
5.889,0.021105005375701827,2018,11,15,16,54,35,2018,11,15,21,33,37
3.736,0.05098021378212418,2018,11,15,16,55,54,2018,11,15,18,9,11
8.436,0.09754480632106378,2018,11,15,16,58,2,2018,11,15,18,24,31
3.113,0.07053625377643505,2018,11,15,16,58,37,2018,11,15,17,42,45
0.937,0.004225796752856285,2018,11,15,17,2,23,2018,11,15,20,44,7
19.397,0.10846411929170549,2018,11,15,17,33,52,2018,11,15,20,32,42
0.86,0.027287149656266527,2018,11,15,17,34,13,2018,11,15,18,5,44
0.884,0.028873162765378334,2018,11,15,17,37,59,2018,11,15,18,8,36
18.733,0.08034167262330237,2018,11,15,17,41,37,2018,11,15,21,34,47
9.822,0.05354047424366312,2018,11,15,17,46,49,2018,11,15,20,50,16
0.668,0.003793658305726455,2018,11,15,17,48,8,2018,11,15,20,44,13
0.859,0.005325480471171729,2018,11,15,18,2,51,2018,11,15,20,44,9
7.356,0.10380056444026341,2018,11,15,18,28,9,2018,11,15,19,39,1
19.076,0.10829406755606018,2018,11,15,18,48,44,2018,11,15,21,44,53
34.87,0.11154235751985925,2018,11,15,18,51,3,2018,11,16,0,3,40
4.541,0.031234666972371896,2018,11,15,19,46,30,2018,11,15,22,11,53
2.257,0.03382117882117882,2018,11,15,19,56,52,2018,11,15,21,3,36
16.012,0.106651865008881,2018,11,15,20,2,19,2018,11,15,22,32,27
6.616,0.041131488964874105,2018,11,15,20,19,44,2018,11,15,23,0,35
20.025,0.08799619159220741,2018,11,15,20,58,17,2018,11,16,0,45,51
1.175,0.009191655801825294,2018,11,15,21,16,33,2018,11,15,23,24,23
1.107,0.027837384744341994,2018,11,15,21,32,57,2018,11,15,22,12,43
0.854,0.0022265675922304782,2018,11,15,23,2,22,2018,11,16,5,25,55
32.788,0.10212739448684004,2018,11,15,23,13,11,2018,11,16,4,34,14
7.577,0.1148030303030303,2018,11,15,23,25,39,2018,11,16,0,31,39
1.413,0.055923482849604224,2018,11,16,0,11,4,2018,11,16,0,36,20
0.815,0.03342447026657553,2018,11,16,1,18,53,2018,11,16,1,43,16
10.742,0.052221682061254264,2018,11,16,1,36,38,2018,11,16,5,2,20
12.82,0.1065521540379554,2018,11,16,1,39,44,2018,11,16,3,40,3
0.882,0.02918918918918919,2018,11,16,2,24,27,2018,11,16,2,54,40
8.067,0.055115007970849464,2018,11,16,3,12,36,2018,11,16,5,38,58
16.292,0.11395663324784333,2018,11,16,4,9,12,2018,11,16,6,32,10
9.678,0.1094383716547305,2018,11,16,4,10,50,2018,11,16,5,39,16
0.903,0.029334055224688682,2018,11,16,4,44,18,2018,11,16,5,15,5
6.336,0.05336327905670971,2018,11,16,5,15,26,2018,11,16,7,14,10
12.118,0.053036691224742874,2018,11,16,5,27,51,2018,11,16,9,16,20
5.981,0.05215988372093023,2018,11,16,9,23,27,2018,11,16,11,18,7
9.888,0.036822244289970205,2018,11,16,14,32,51,2018,11,16,19,1,23
17.887,0.06509492327288166,2018,11,16,15,6,0,2018,11,16,19,40,47
10.716,0.060422892585283335,2018,11,16,15,9,7,2018,11,16,18,6,28
7.888,0.10001690617075233,2018,11,16,15,15,15,2018,11,16,16,34,7
14.369,0.040801703738760055,2018,11,16,15,19,49,2018,11,16,21,11,59
3.157,0.006134067357512954,2018,11,16,15,21,30,2018,11,16,23,56,10
0.899,0.029299293862031506,2018,11,16,15,22,34,2018,11,16,15,53,15
9.893,0.05453693495038589,2018,11,16,15,35,59,2018,11,16,18,37,23
16.188,0.0782722217745185,2018,11,16,15,55,12,2018,11,16,19,22,1
6.756,0.031840389600188514,2018,11,16,15,57,22,2018,11,16,19,29,33
40.61,0.11128059919620022,2018,11,16,16,7,27,2018,11,16,22,12,23
4.912,0.048039119804400975,2018,11,16,16,11,46,2018,11,16,17,54,1
7.89,0.022834265869187728,2018,11,16,16,17,23,2018,11,16,22,2,55
7.101,0.050854619240868947,2018,11,16,16,23,22,2018,11,16,18,43,0
6.861,0.054807615497270666,2018,11,16,16,26,40,2018,11,16,18,31,51
5.387,0.03631685393258426,2018,11,16,16,31,7,2018,11,16,18,59,27
17.552,0.054577114427860694,2018,11,16,16,34,6,2018,11,16,21,55,42
0.942,0.012548845470692717,2018,11,16,16,36,22,2018,11,16,17,51,26
2.262,0.045604838709677416,2018,11,16,16,39,0,2018,11,16,17,28,36
3.509,0.058208460049765,2018,11,16,16,41,30,2018,11,16,17,41,47
2.234,0.031982820329277024,2018,11,16,16,42,8,2018,11,16,17,51,59
0.866,0.020867469879518073,2018,11,16,16,42,46,2018,11,16,17,24,16
13.333,0.09856826022671265,2018,11,16,16,43,57,2018,11,16,18,59,13
5.799,0.05020054826143414,2018,11,16,16,45,34,2018,11,16,18,41,5
0.867,0.027744,2018,11,16,16,53,11,2018,11,16,17,24,26
26.891,0.09899742299668671,2018,11,16,17,3,57,2018,11,16,21,35,35
1.418,0.09003174603174603,2018,11,16,17,4,32,2018,11,16,17,20,17
15.196,0.07269074384118632,2018,11,16,17,20,19,2018,11,16,20,49,22
4.203,0.04173783515392254,2018,11,16,17,36,35,2018,11,16,19,17,17
8.496,0.11317939609236236,2018,11,16,17,43,36,2018,11,16,18,58,40
0.877,0.028064,2018,11,16,18,16,18,2018,11,16,18,47,33
9.303,0.05213224992995238,2018,11,16,18,56,56,2018,11,16,21,55,23
0.958,0.03165198237885462,2018,11,16,18,59,9,2018,11,16,19,29,25
8.615,0.059223189734188816,2018,11,16,19,1,4,2018,11,16,21,26,32
0.97,0.006615139804501023,2018,11,16,19,4,0,2018,11,16,21,30,38
11.139,0.09763915266617969,2018,11,16,19,15,58,2018,11,16,21,10,3
9.49,0.10099326002128414,2018,11,16,19,41,29,2018,11,16,21,15,27
9.883,0.053177293516276564,2018,11,16,19,56,8,2018,11,16,23,1,59
6.66,0.0545380100996315,2018,11,16,20,23,14,2018,11,16,22,25,21
2.478,0.04008627662442707,2018,11,16,20,26,2,2018,11,16,21,27,51
2.208,0.03509403973509934,2018,11,16,21,6,37,2018,11,16,22,9,32
0.981,0.031044303797468354,2018,11,16,21,13,54,2018,11,16,21,45,30
6.543,0.03610927152317881,2018,11,16,21,20,7,2018,11,17,0,21,19
0.844,0.02764192139737991,2018,11,16,21,28,23,2018,11,16,21,58,55
6.126,0.04633888048411498,2018,11,16,21,55,11,2018,11,17,0,7,23
1.862,0.08541284403669724,2018,11,16,21,59,28,2018,11,16,22,21,16
0.874,0.01658968680797216,2018,11,16,22,34,31,2018,11,16,23,27,12
10.92,0.10557524975829842,2018,11,17,0,45,33,2018,11,17,2,28,59
36.315,0.11476350995470345,2018,11,17,0,51,50,2018,11,17,6,8,16
1.518,0.09751605995717345,2018,11,17,1,19,51,2018,11,17,1,35,25
0.883,0.02831640833778728,2018,11,17,1,53,58,2018,11,17,2,25,9
0.946,0.03132450331125828,2018,11,17,3,5,19,2018,11,17,3,35,31
7.431,0.052025670945157525,2018,11,17,4,45,12,2018,11,17,7,8,2
25.296,0.030001186005139357,2018,11,17,4,46,44,2018,11,17,18,49,54
6.632,0.05298535286284953,2018,11,17,7,37,5,2018,11,17,9,42,15
3.815,0.047186147186147186,2018,11,17,7,54,2,2018,11,17,9,14,53
23.727,0.10964417744916821,2018,11,17,14,46,21,2018,11,17,18,22,45
11.711,0.05625330237771195,2018,11,17,16,7,38,2018,11,17,19,35,49
2.512,0.030417759838546925,2018,11,17,17,44,0,2018,11,17,19,6,35
9.097,0.058520424573817946,2018,11,17,17,57,41,2018,11,17,20,33,8
11.784,0.11387340956675794,2018,11,17,17,58,17,2018,11,17,19,41,46
11.217,0.11330303030303031,2018,11,17,18,18,57,2018,11,17,19,57,57
18.128,0.08988348070407404,2018,11,17,18,55,21,2018,11,17,22,17,2
9.287,0.1121392634332864,2018,11,17,22,10,34,2018,11,17,23,33,23
8.84,0.10938337801608579,2018,11,17,23,9,48,2018,11,18,0,30,37
3.952,0.03531724754244861,2018,11,17,23,51,2,2018,11,18,1,42,56
54.598,0.10985881484959253,2018,11,18,0,17,12,2018,11,18,8,34,11
7.721,0.054533254855797526,2018,11,18,1,58,38,2018,11,18,4,20,13
16.501,0.05484489253268336,2018,11,18,5,28,50,2018,11,18,10,29,42
5.1,0.05851979345955249,2018,11,18,6,1,39,2018,11,18,7,28,48
12.586,0.1013365539452496,2018,11,18,6,3,43,2018,11,18,8,7,55
30.402,0.11376574778595484,2018,11,18,7,35,23,2018,11,18,12,2,37
2.347,0.03237241379310345,2018,11,18,15,0,52,2018,11,18,16,13,22
4.345,0.05702099737532808,2018,11,18,16,32,41,2018,11,18,17,48,53
22.681,0.11183925049309665,2018,11,18,17,7,28,2018,11,18,20,30,16
0.825,0.027317880794701987,2018,11,18,17,23,35,2018,11,18,17,53,47
3.521,0.0482549109182275,2018,11,18,18,6,40,2018,11,18,19,19,38
0.652,0.029908256880733945,2018,11,18,18,14,51,2018,11,18,18,36,39
0.89,0.026266601082144615,2018,11,18,19,13,26,2018,11,18,19,47,19
2.923,0.056978557504873295,2018,11,18,19,21,15,2018,11,18,20,12,33
14.757,0.0806540353434141,2018,11,18,19,52,18,2018,11,18,22,55,16
49.416,0.07606947687097518,2018,11,18,20,38,57,2018,11,19,7,28,34
0.937,0.005647980711271851,2018,11,18,20,42,51,2018,11,18,23,28,45
6.56,0.08213689482470785,2018,11,18,20,46,38,2018,11,18,22,6,30
0.869,0.028260162601626015,2018,11,18,20,59,36,2018,11,18,21,30,21
0.875,0.002346473585411639,2018,11,18,21,34,31,2018,11,19,3,47,25
16.134,0.05675989445910291,2018,11,18,21,40,23,2018,11,19,2,24,38
0.688,0.046329966329966325,2018,11,18,21,51,42,2018,11,18,22,6,33
7.791,0.1056406779661017,2018,11,18,22,15,2,2018,11,18,23,28,47
39.909,0.08065683104284559,2018,11,18,22,26,43,2018,11,19,6,41,31
2.87,0.03402489626556017,2018,11,18,23,25,5,2018,11,19,0,49,26
0.738,0.02442360728075014,2018,11,19,0,2,35,2018,11,19,0,32,48
3.898,0.11052930056710776,2018,11,19,0,12,16,2018,11,19,0,47,32
0.875,0.028347732181425486,2018,11,19,0,21,58,2018,11,19,0,52,50
0.889,0.014522188946365368,2018,11,19,0,34,34,2018,11,19,1,35,47
0.776,0.02563876651982379,2018,11,19,0,37,26,2018,11,19,1,7,42
2.245,0.04332582824059183,2018,11,19,0,38,8,2018,11,19,1,29,57
19.738,0.10153292181069959,2018,11,19,0,40,13,2018,11,19,3,54,37
0.67,0.028591749644381225,2018,11,19,1,7,39,2018,11,19,1,31,5
0.88,0.02816,2018,11,19,1,22,17,2018,11,19,1,53,32
11.608,0.10615454961133974,2018,11,19,3,2,40,2018,11,19,4,52,1
14.498,0.10220655622136059,2018,11,19,3,8,9,2018,11,19,5,30,0
0.826,0.01234371108343711,2018,11,19,3,47,47,2018,11,19,4,54,42
15.988,0.057304659498207886,2018,11,19,4,10,4,2018,11,19,8,49,4
20.548,0.11298387096774191,2018,11,19,4,28,3,2018,11,19,7,29,55
6.203,0.05206771124790151,2018,11,19,8,32,32,2018,11,19,10,31,40
30.629,0.11237937993028801,2018,11,19,14,27,31,2018,11,19,19,0,4
13.912,0.030066998054895183,2018,11,19,14,54,34,2018,11,19,22,37,16
16.156,0.03371569684532712,2018,11,19,14,55,51,2018,11,19,22,55,2
10.367,0.036490672298486446,2018,11,19,15,8,6,2018,11,19,19,52,12
17.679,0.04818916954388515,2018,11,19,15,12,23,2018,11,19,21,19,15
33.79,0.07292543433689436,2018,11,19,15,28,25,2018,11,19,23,11,46
5.281,0.052766028309741884,2018,11,19,15,31,39,2018,11,19,17,11,44
19.486,0.08216163035839776,2018,11,19,15,50,0,2018,11,19,19,47,10
22.825,0.041998895976447494,2018,11,19,15,58,20,2018,11,20,1,1,48
2.887,0.05036929339924397,2018,11,19,16,7,34,2018,11,19,17,4,53
33.728,0.06237647566501248,2018,11,19,16,11,20,2018,11,20,1,12,3
1.667,0.10871739130434782,2018,11,19,16,13,54,2018,11,19,16,29,14
0.835,0.026949973103819257,2018,11,19,16,25,5,2018,11,19,16,56,4
4.22,0.04964705882352941,2018,11,19,16,30,5,2018,11,19,17,55,5
52.117,0.09384250645219373,2018,11,19,16,35,36,2018,11,20,1,50,58
20.2,0.1091105509542672,2018,11,19,16,40,55,2018,11,19,19,46,3
5.381,0.05199871154775326,2018,11,19,16,42,51,2018,11,19,18,26,20
0.863,0.0015134597959839827,2018,11,19,16,46,58,2018,11,20,2,17,11
8.615,0.11229632848142516,2018,11,19,16,56,4,2018,11,19,18,12,47
4.677,0.04950079379079202,2018,11,19,16,57,19,2018,11,19,18,31,48
1.768,0.000648153239849693,2018,11,19,17,2,36,2018,11,21,14,30,21
1.54,0.031058823529411764,2018,11,19,17,11,1,2018,11,19,18,0,36
2.748,0.006384016726681381,2018,11,19,17,28,18,2018,11,20,0,38,45
5.778,0.010960827089063834,2018,11,19,17,35,32,2018,11,20,2,22,41
7.878,0.05333784698713609,2018,11,19,17,36,59,2018,11,19,20,4,41
0.876,0.005462481812512991,2018,11,19,17,59,12,2018,11,19,20,39,34
16.784,0.10116937914406268,2018,11,19,17,59,29,2018,11,19,20,45,23
0.968,0.03095948827292111,2018,11,19,18,1,56,2018,11,19,18,33,12
3.891,0.009878977657413676,2018,11,19,18,4,44,2018,11,20,0,38,36
0.621,0.02866153846153846,2018,11,19,18,4,56,2018,11,19,18,26,36
14.034,0.03252249816538566,2018,11,19,18,30,22,2018,11,20,1,41,53
15.062,0.0757645875251509,2018,11,19,18,37,27,2018,11,19,21,56,15
2.284,0.034064131245339295,2018,11,19,18,56,21,2018,11,19,20,3,24
9.68,0.0974169741697417,2018,11,19,19,0,41,2018,11,19,20,40,3
0.681,0.0020378036008179144,2018,11,19,19,4,27,2018,11,20,0,38,38
20.27,0.11026291931097007,2018,11,19,19,43,2,2018,11,19,22,46,52
4.653,0.04951755941823341,2018,11,19,20,4,23,2018,11,19,21,38,21
6.535,0.04255942689677629,2018,11,19,20,15,26,2018,11,19,22,48,59
4.705,0.05165599268069534,2018,11,19,20,27,20,2018,11,19,21,58,25
9.13,0.06366806136680614,2018,11,19,20,30,17,2018,11,19,22,53,41
3.368,0.0549578460701659,2018,11,19,20,48,54,2018,11,19,21,50,11
2.289,0.036047244094488194,2018,11,19,20,52,32,2018,11,19,21,56,2
8.805,0.1088380716934487,2018,11,19,21,27,23,2018,11,19,22,48,17
9.875,0.050339847068819034,2018,11,19,22,21,57,2018,11,20,1,38,7
6.493,0.11285631517960604,2018,11,19,23,41,6,2018,11,20,0,38,38
1.128,0.029986708019494903,2018,11,20,0,36,17,2018,11,20,1,13,54
16.306,0.05679554162312783,2018,11,20,1,14,3,2018,11,20,6,1,9
11.524,0.11213752838144664,2018,11,20,2,24,46,2018,11,20,4,7,32
22.105,0.10702009198741225,2018,11,20,2,36,11,2018,11,20,6,2,44
0.933,0.029729155602761553,2018,11,20,2,52,3,2018,11,20,3,23,26
0.887,0.028752025931928687,2018,11,20,3,9,2,2018,11,20,3,39,53
6.411,0.05479487179487179,2018,11,20,3,17,25,2018,11,20,5,14,25
0.918,0.02918918918918919,2018,11,20,3,22,43,2018,11,20,3,54,10
12.601,0.10660744500846024,2018,11,20,3,33,21,2018,11,20,5,31,33
0.819,0.028208955223880592,2018,11,20,3,49,12,2018,11,20,4,18,14
6.366,0.05290304709141274,2018,11,20,4,12,35,2018,11,20,6,12,55
5.116,0.08039811419591408,2018,11,20,4,56,32,2018,11,20,6,0,10
5.018,0.10718405126379493,2018,11,20,7,9,15,2018,11,20,7,56,4
2.054,0.04406149445834823,2018,11,20,8,23,23,2018,11,20,9,10,0
21.909,0.10756402913018574,2018,11,20,13,57,50,2018,11,20,17,21,31
4.282,0.05147665798437187,2018,11,20,14,9,19,2018,11,20,15,32,30
4.521,0.07032927145449831,2018,11,20,14,54,46,2018,11,20,15,59,3
14.863,0.05623888503500031,2018,11,20,15,5,39,2018,11,20,19,29,56
5.148,0.10087524493794905,2018,11,20,15,10,48,2018,11,20,16,1,50
10.595,0.05090894530311524,2018,11,20,15,13,32,2018,11,20,18,41,39
3.791,0.007265699865840414,2018,11,20,15,25,16,2018,11,21,0,7,2
14.472,0.1004883694016896,2018,11,20,15,34,4,2018,11,20,17,58,5
27.446,0.08969769595293861,2018,11,20,15,42,45,2018,11,20,20,48,44
18.086,0.05138798124733627,2018,11,20,15,48,26,2018,11,20,21,40,23
0.958,0.0019373757120226497,2018,11,20,15,53,37,2018,11,21,0,8,6
25.816,0.09664087846269029,2018,11,20,15,58,16,2018,11,20,20,25,24
1.521,0.06195519348268839,2018,11,20,16,3,31,2018,11,20,16,28,4
44.878,0.0888204248581607,2018,11,20,16,3,35,2018,11,21,0,28,51
2.526,0.03614595754829477,2018,11,20,16,12,26,2018,11,20,17,22,19
1.258,0.002715107913669065,2018,11,20,16,24,52,2018,11,21,0,8,12
12.334,0.03179275679855652,2018,11,20,16,25,38,2018,11,20,22,53,35
16.35,0.0530012426387163,2018,11,20,16,31,52,2018,11,20,21,40,21
14.491,0.05249728293684337,2018,11,20,16,32,56,2018,11,20,21,8,58
3.75,0.054243008678881384,2018,11,20,16,37,34,2018,11,20,17,46,42
0.895,0.003175072429492107,2018,11,20,16,41,13,2018,11,20,21,23,6
0.905,0.029672131147540984,2018,11,20,16,43,13,2018,11,20,17,13,43
7.702,0.022551239508100722,2018,11,20,17,2,51,2018,11,20,22,44,23
4.013,0.010477350855054175,2018,11,20,17,11,7,2018,11,20,23,34,8
7.241,0.046686009026434556,2018,11,20,17,13,11,2018,11,20,19,48,17
7.509,0.015600415512465375,2018,11,20,17,17,20,2018,11,21,1,18,40
0.867,0.02808855291576674,2018,11,20,17,21,7,2018,11,20,17,51,59
4.21,0.03950578667500782,2018,11,20,17,35,3,2018,11,20,19,21,37
16.475,0.10544,2018,11,20,17,43,15,2018,11,20,20,19,30
12.433,0.05374882916636645,2018,11,20,17,49,4,2018,11,20,21,40,23
39.901,0.10043461845030835,2018,11,20,17,49,27,2018,11,21,0,26,44
5.886,0.09463022508038585,2018,11,20,18,18,56,2018,11,20,19,21,8
5.797,0.10968779564806054,2018,11,20,18,22,14,2018,11,20,19,15,5
1.543,0.011334476003917729,2018,11,20,18,40,51,2018,11,20,20,56,59
2.271,0.03300072656817631,2018,11,20,18,51,38,2018,11,20,20,0,27
1.766,0.040566615620214394,2018,11,20,19,1,36,2018,11,20,19,45,8
13.19,0.03884553084965395,2018,11,20,19,19,1,2018,11,21,0,58,34
3.64,0.04339360222531293,2018,11,20,19,57,2,2018,11,20,21,20,55
12.039,0.039798347107438015,2018,11,20,20,7,15,2018,11,21,1,9,45
1.218,0.005569697431598201,2018,11,20,20,18,51,2018,11,20,23,57,32
0.937,0.02988835725677831,2018,11,20,20,50,3,2018,11,20,21,21,24
19.434,0.10722206896551725,2018,11,20,20,56,17,2018,11,20,23,57,32
29.235,0.10760029444239971,2018,11,20,21,15,1,2018,11,21,1,46,43
0.939,0.0692137592137592,2018,11,20,21,26,49,2018,11,20,21,40,23
9.892,0.03735414437661275,2018,11,20,21,51,56,2018,11,21,2,16,45
0.923,0.02991896272285251,2018,11,20,22,17,47,2018,11,20,22,48,38
1.737,0.06437306979617048,2018,11,20,22,59,6,2018,11,20,23,26,5
11.761,0.1108830923947203,2018,11,21,0,24,4,2018,11,21,2,10,8
0.963,0.012200168918918917,2018,11,21,1,50,57,2018,11,21,3,9,53
10.016,0.09415008616637945,2018,11,21,3,45,29,2018,11,21,5,31,52
5.638,0.05089213178877689,2018,11,21,4,16,50,2018,11,21,6,7,37
7.817,0.10324014968082765,2018,11,21,5,48,35,2018,11,21,7,4,18
45.995,0.11389129627336882,2018,11,21,8,31,21,2018,11,21,15,15,12
0.915,0.029772234273318873,2018,11,21,13,37,38,2018,11,21,14,8,22
21.586,0.10712655086848634,2018,11,21,14,0,39,2018,11,21,17,22,9
8.795,0.030707011929007853,2018,11,21,14,50,48,2018,11,21,19,37,13
13.445,0.10074934432371675,2018,11,21,14,56,37,2018,11,21,17,10,4
18.866,0.08657437858508604,2018,11,21,15,11,43,2018,11,21,18,49,38
6.577,0.02893532776066872,2018,11,21,15,13,42,2018,11,21,19,1,0
14.171,0.034175810924876406,2018,11,21,15,23,29,2018,11,21,22,18,8
10.895,0.099877769289534,2018,11,21,15,28,20,2018,11,21,17,17,25
14.65,0.04094466182224706,2018,11,21,15,51,31,2018,11,21,21,49,19
12.023,0.07858169934640523,2018,11,21,16,4,12,2018,11,21,18,37,12
8.873,0.038122448979591834,2018,11,21,16,13,57,2018,11,21,20,6,42
19.892,0.05222139575585211,2018,11,21,16,15,16,2018,11,21,22,36,11
6.87,0.05474103585657371,2018,11,21,16,31,40,2018,11,21,18,37,10
6.341,0.055235191637630666,2018,11,21,16,38,21,2018,11,21,18,33,9
4.304,0.02903856966153154,2018,11,21,16,38,43,2018,11,21,19,6,56
4.158,0.049746759720837495,2018,11,21,16,46,30,2018,11,21,18,10,5
1.839,0.031679586563307494,2018,11,21,16,55,12,2018,11,21,17,53,15
4.228,0.048878612716763005,2018,11,21,17,0,20,2018,11,21,18,26,50
18.672,0.1142717258261934,2018,11,21,17,2,17,2018,11,21,19,45,41
0.866,0.027535771065182832,2018,11,21,17,33,30,2018,11,21,18,4,57
15.756,0.05789099816289038,2018,11,21,17,34,15,2018,11,21,22,6,25
8.391,0.028555385400714648,2018,11,21,17,42,16,2018,11,21,22,36,7
11.548,0.10523693803159173,2018,11,21,17,47,5,2018,11,21,19,36,49
8.798,0.051646609920751395,2018,11,21,17,48,34,2018,11,21,20,38,55
0.972,0.020172950536146664,2018,11,21,18,0,8,2018,11,21,18,48,19
12.473,0.11196588868940754,2018,11,21,18,15,16,2018,11,21,20,6,40
14.422,0.04878890392422192,2018,11,21,18,44,42,2018,11,21,23,40,18
9.875,0.09942943446887062,2018,11,21,18,46,45,2018,11,21,20,26,4
7.47,0.0878995881545401,2018,11,21,19,43,41,2018,11,21,21,8,40
13.045,0.04464407939767283,2018,11,21,20,13,29,2018,11,22,1,5,41
2.655,0.0332498434564809,2018,11,21,20,17,56,2018,11,21,21,37,47
1.124,0.02665612648221344,2018,11,21,21,11,28,2018,11,21,21,53,38
2.095,0.02687620269403464,2018,11,21,21,17,53,2018,11,21,22,35,50
4.247,0.032824938812314824,2018,11,21,22,54,22,2018,11,22,1,3,45
17.953,0.11108384036299886,2018,11,21,23,19,49,2018,11,22,2,1,26
6.005,0.04608595548733691,2018,11,21,23,34,7,2018,11,22,1,44,25
9.233,0.10539954337899544,2018,11,22,1,34,8,2018,11,22,3,1,44
12.141,0.10698487296225584,2018,11,22,1,36,7,2018,11,22,3,29,36
6.288,0.08087459807073956,2018,11,22,2,29,46,2018,11,22,3,47,31
16.064,0.10534921849382448,2018,11,22,3,47,18,2018,11,22,6,19,47
6.165,0.051561193197658214,2018,11,22,5,51,31,2018,11,22,7,51,5
2.318,0.032442267319804055,2018,11,22,15,17,22,2018,11,22,16,28,49
11.445,0.05427171421797203,2018,11,22,17,47,7,2018,11,22,21,18,0
7.872,0.03283191992214653,2018,11,22,18,9,3,2018,11,22,22,8,49
18.665,0.11316693613581244,2018,11,22,18,11,34,2018,11,22,20,56,30
4.615,0.11224158897446292,2018,11,22,18,30,7,2018,11,22,19,11,14
12.129,0.05348669704542113,2018,11,22,18,30,35,2018,11,22,22,17,21
13.341,0.10800971528808527,2018,11,22,18,59,47,2018,11,22,21,3,18
0.971,0.031205141938939474,2018,11,22,19,14,22,2018,11,22,19,45,29
14.88,0.05790258771645373,2018,11,22,21,21,11,2018,11,23,1,38,10
2.128,0.037597173144876324,2018,11,23,19,25,26,2018,11,23,20,22,2
19.691,0.11166918714555764,2018,11,23,21,9,2,2018,11,24,0,5,22
7.365,0.07329573726986233,2018,11,23,22,46,36,2018,11,24,0,27,5
13.271,0.09758088235294118,2018,11,23,22,53,0,2018,11,24,1,9,0
0.942,0.0010422467683342859,2018,11,24,0,50,59,2018,11,24,15,54,48
9.232,0.054423265867557476,2018,11,24,1,7,5,2018,11,24,3,56,43
33.538,0.1141913517194416,2018,11,24,3,58,15,2018,11,24,8,51,57
1.836,0.1060250240615977,2018,11,24,15,23,18,2018,11,24,15,40,37
0.9,0.030201342281879196,2018,11,24,15,53,56,2018,11,24,16,23,44
7.174,0.07754278508376869,2018,11,24,15,59,37,2018,11,24,17,32,8
0.856,0.027973856209150324,2018,11,24,16,3,54,2018,11,24,16,34,30
14.154,0.05053195287397358,2018,11,24,16,22,50,2018,11,24,21,2,56
0.893,0.028821947283485746,2018,11,24,18,10,59,2018,11,24,18,41,58
4.018,0.05154586273252084,2018,11,24,18,33,56,2018,11,24,19,51,53
2.735,0.04577405857740586,2018,11,24,18,52,29,2018,11,24,19,52,14
7.722,0.052370295015259416,2018,11,24,18,56,55,2018,11,24,21,24,22
39.493,0.11139432117337345,2018,11,24,19,41,22,2018,11,25,1,35,54
7.895,0.10027519051651143,2018,11,24,21,32,12,2018,11,24,22,50,56
13.616,0.10631962519521083,2018,11,24,22,17,42,2018,11,25,0,25,46
11.534,0.11359816152330926,2018,11,24,22,34,56,2018,11,25,0,16,28
7.409,0.11454264364854418,2018,11,25,0,17,57,2018,11,25,1,22,38
16.076,0.11126542853847042,2018,11,25,0,36,30,2018,11,25,3,0,59
25.715,0.10890802569351309,2018,11,25,1,17,57,2018,11,25,5,14,4
2.333,0.03332857142857143,2018,11,25,1,28,35,2018,11,25,2,38,35
62.304,0.10334909181388405,2018,11,25,2,59,12,2018,11,25,13,2,3
6.063,0.05727015113350126,2018,11,25,3,36,49,2018,11,25,5,22,41
6.072,0.07784615384615384,2018,11,25,4,18,49,2018,11,25,5,36,49
0.889,0.0021038100496963003,2018,11,25,16,36,2,2018,11,25,23,38,36
4.193,0.04970954356846473,2018,11,25,17,13,14,2018,11,25,18,37,35
0.829,0.027495854063018244,2018,11,25,18,22,38,2018,11,25,18,52,47
7.611,0.11283914010378057,2018,11,25,18,25,19,2018,11,25,19,32,46
30.805,0.11231769567331065,2018,11,25,19,35,59,2018,11,26,0,10,15
11.324,0.08607043324043577,2018,11,25,21,26,55,2018,11,25,23,38,29
8.223,0.07890292659523429,2018,11,25,21,44,31,2018,11,25,23,28,44
0.938,0.030339622641509432,2018,11,25,21,46,53,2018,11,25,22,17,48
8.346,0.10964747098751917,2018,11,25,21,51,4,2018,11,25,23,7,11
1.471,0.08164662349676227,2018,11,25,23,40,28,2018,11,25,23,58,29
6.38,0.05303408146300914,2018,11,25,23,52,21,2018,11,26,1,52,39
5.61,0.053761379971250606,2018,11,26,0,6,3,2018,11,26,1,50,24
2.731,0.11124236252545824,2018,11,26,0,20,26,2018,11,26,0,44,59
8.573,0.05545278137128073,2018,11,26,1,12,24,2018,11,26,3,47,0
0.868,0.028725868725868728,2018,11,26,1,31,31,2018,11,26,2,1,44
3.93,0.09041411042944786,2018,11,26,2,21,11,2018,11,26,3,4,39
11.306,0.09956847203874944,2018,11,26,2,57,24,2018,11,26,4,50,57
0.501,0.02715447154471545,2018,11,26,3,52,1,2018,11,26,4,10,28
5.097,0.09352293577981652,2018,11,26,5,18,5,2018,11,26,6,12,35
5.349,0.05889888052853735,2018,11,26,6,22,23,2018,11,26,7,53,12
35.693,0.10812784004847015,2018,11,26,8,3,43,2018,11,26,13,33,49
0.91,0.0026262626262626263,2018,11,26,11,48,50,2018,11,26,17,35,20
29.744,0.1006394857046185,2018,11,26,14,7,14,2018,11,26,19,2,47
4.202,0.05710532276330691,2018,11,26,14,29,53,2018,11,26,15,43,28
9.823,0.033769552512462046,2018,11,26,14,40,15,2018,11,26,19,31,8
16.478,0.03135083713850837,2018,11,26,14,55,39,2018,11,26,23,41,15
5.932,0.07099940155595452,2018,11,26,15,7,12,2018,11,26,16,30,45
39.936,0.008334266643942581,2018,11,26,15,7,37,2018,11,29,22,59,24
17.328,0.06739353082258377,2018,11,26,15,15,20,2018,11,26,19,32,27
2.02,0.01311972288374107,2018,11,26,15,17,14,2018,11,26,17,51,12
2.068,0.006464856979106966,2018,11,26,15,17,15,2018,11,26,20,37,8
4.488,0.007884519661523147,2018,11,26,15,20,50,2018,11,27,0,50,3
3.104,0.02660191401228396,2018,11,26,15,51,41,2018,11,26,17,48,22
13.593,0.053515748031496065,2018,11,26,16,7,50,2018,11,26,20,21,50
40.851,0.0717901704645305,2018,11,26,16,20,12,2018,11,27,1,49,14
34.982,0.08528728159284843,2018,11,26,16,21,3,2018,11,26,23,11,13
7.939,0.09483177384033446,2018,11,26,16,24,50,2018,11,26,17,48,33
12.901,0.07620200826934435,2018,11,26,16,26,51,2018,11,26,19,16,9
0.678,0.002523886338255367,2018,11,26,16,27,38,2018,11,26,20,56,16
9.534,0.06247024134541881,2018,11,26,16,28,18,2018,11,26,19,0,55
5.013,0.027888734353268427,2018,11,26,16,28,39,2018,11,26,19,28,24
13.884,0.0642728184553661,2018,11,26,16,33,26,2018,11,26,20,9,27
13.198,0.02774437670800925,2018,11,26,16,34,1,2018,11,27,0,29,43
5.287,0.033102368778044455,2018,11,26,16,39,29,2018,11,26,19,19,12
44.088,0.09370125039849811,2018,11,26,16,48,35,2018,11,27,0,39,6
0.843,0.0027181857265692177,2018,11,26,16,50,43,2018,11,26,22,0,51
1.519,0.0033562879764315965,2018,11,26,16,52,14,2018,11,27,0,24,49
8.57,0.08653651969033996,2018,11,26,16,55,16,2018,11,26,18,34,18
4.707,0.03833061889250814,2018,11,26,17,2,22,2018,11,26,19,5,10
14.839,0.07981532944867772,2018,11,26,17,5,13,2018,11,26,20,11,8
3.517,0.01984203102961918,2018,11,26,17,16,34,2018,11,26,20,13,49
3.956,0.0181592839109479,2018,11,26,17,18,8,2018,11,26,20,55,59
1.53,0.006424522359857233,2018,11,26,17,22,25,2018,11,26,21,20,34
1.74,0.031052944675788223,2018,11,26,17,29,50,2018,11,26,18,25,52
5.148,0.04423947293039244,2018,11,26,17,33,18,2018,11,26,19,29,40
8.248,0.03580120089705563,2018,11,26,17,44,50,2018,11,26,21,35,13
2.032,0.00665538511927507,2018,11,26,17,56,33,2018,11,26,23,1,52
1.457,0.002719552029864676,2018,11,26,18,1,43,2018,11,27,2,57,28
14.464,0.052342581423401695,2018,11,26,18,21,43,2018,11,26,22,58,3
0.92,0.005680765668416178,2018,11,26,18,51,9,2018,11,26,21,33,6
19.349,0.07793112707256494,2018,11,26,18,55,16,2018,11,26,23,3,33
4.94,0.04974823766364552,2018,11,26,19,7,29,2018,11,26,20,46,47
8.673,0.06127885068299576,2018,11,26,19,36,28,2018,11,26,21,58,0
6.619,0.052818193908764466,2018,11,26,20,44,16,2018,11,26,22,49,35
4.949,0.055265214963707426,2018,11,26,20,47,22,2018,11,26,22,16,55
0.503,0.013207877461706782,2018,11,26,20,48,8,2018,11,26,21,26,13
10.107,0.07511705685618728,2018,11,26,21,13,41,2018,11,26,23,28,14
0.519,0.0019338011550642739,2018,11,26,21,25,19,2018,11,27,1,53,42
0.772,0.015277044854881268,2018,11,26,21,31,32,2018,11,26,22,22,4
22.486,0.09238290879211175,2018,11,26,21,32,28,2018,11,27,1,35,52
1.229,0.008815301852958759,2018,11,26,22,2,55,2018,11,27,0,22,20
0.875,0.03398058252427184,2018,11,26,23,22,28,2018,11,26,23,48,13
4.329,0.0567117903930131,2018,11,27,0,45,41,2018,11,27,2,2,1
6.125,0.055919050517346316,2018,11,27,1,40,8,2018,11,27,3,29,40
12.212,0.10660846791793976,2018,11,27,2,4,59,2018,11,27,3,59,32
0.736,0.02836223506743738,2018,11,27,2,55,22,2018,11,27,3,21,19
6.799,0.05480854494155583,2018,11,27,3,12,8,2018,11,27,5,16,11
0.907,0.029656675749318802,2018,11,27,5,24,7,2018,11,27,5,54,42
6.129,0.10011979308467192,2018,11,27,14,10,6,2018,11,27,15,11,19
21.26,0.1058501369180981,2018,11,27,14,14,40,2018,11,27,17,35,31
4.204,0.05780018331805682,2018,11,27,14,26,40,2018,11,27,15,39,24
2.116,0.009223392662549946,2018,11,27,14,42,52,2018,11,27,18,32,17
7.338,0.08016751638747269,2018,11,27,14,53,19,2018,11,27,16,24,51
18.204,0.07379002837454399,2018,11,27,15,16,57,2018,11,27,19,23,39
4.566,0.04999270072992701,2018,11,27,16,0,22,2018,11,27,17,31,42
5.596,0.010353057260028985,2018,11,27,16,11,11,2018,11,28,1,11,42
15.746,0.05413166790809603,2018,11,27,16,14,1,2018,11,27,21,4,54
13.555,0.04249660361584283,2018,11,27,16,19,4,2018,11,27,21,38,2
20.503,0.038612052730696796,2018,11,27,16,19,26,2018,11,28,1,10,26
6.757,0.04663752444495571,2018,11,27,16,23,3,2018,11,27,18,47,56
11.654,0.07658707557502739,2018,11,27,16,27,0,2018,11,27,18,59,10
0.525,0.001034958601655934,2018,11,27,16,27,42,2018,11,28,0,54,58
5.404,0.03913106444605358,2018,11,27,16,28,31,2018,11,27,18,46,37
5.227,0.012214519395544477,2018,11,27,16,31,20,2018,11,27,23,39,16
20.338,0.033497488264843944,2018,11,27,16,39,5,2018,11,28,2,46,14
36.241,0.05430312414154784,2018,11,27,16,44,28,2018,11,28,3,51,51
1.62,0.002651897525441301,2018,11,27,16,44,59,2018,11,28,2,55,52
5.334,0.014882120437107647,2018,11,27,16,46,28,2018,11,27,22,44,53
1.655,0.015926222935044105,2018,11,27,16,47,13,2018,11,27,18,31,8
6.184,0.04833767587285044,2018,11,27,16,48,16,2018,11,27,18,56,12
10.709,0.03526370671203556,2018,11,27,16,51,39,2018,11,27,21,55,20
13.967,0.0834182759307187,2018,11,27,16,52,40,2018,11,27,19,40,6
0.839,0.02686232657417289,2018,11,27,16,55,43,2018,11,27,17,26,57
19.04,0.0778944497477158,2018,11,27,16,59,4,2018,11,27,21,3,30
11.87,0.021426637383796143,2018,11,27,17,9,4,2018,11,28,2,23,3
4.793,0.041094598456701915,2018,11,27,17,23,43,2018,11,27,19,20,21
7.9,0.020495524711376317,2018,11,27,17,29,35,2018,11,27,23,55,2
4.306,0.009364941278816877,2018,11,27,17,31,23,2018,11,28,1,11,11
1.78,0.026305418719211823,2018,11,27,17,32,14,2018,11,27,18,39,54
9.099,0.047622121423586884,2018,11,27,17,33,22,2018,11,27,20,44,26
11.973,0.029434565270835045,2018,11,27,17,33,42,2018,11,28,0,20,28
9.893,0.045166641302693655,2018,11,27,17,54,58,2018,11,27,21,34,0
1.052,0.031798488664987405,2018,11,27,18,0,11,2018,11,27,18,33,16
8.819,0.018006533723541825,2018,11,27,18,9,1,2018,11,28,2,18,47
11.148,0.02444736842105263,2018,11,27,18,11,29,2018,11,28,1,47,29
18.045,0.08605150214592276,2018,11,27,18,31,50,2018,11,27,22,1,32
5.488,0.025501858736059483,2018,11,27,18,33,48,2018,11,27,22,9,0
0.564,0.01525698827772768,2018,11,27,19,24,33,2018,11,27,20,1,31
6.605,0.035264281900694076,2018,11,27,19,37,54,2018,11,27,22,45,12
4.746,0.02739130434782609,2018,11,27,20,18,20,2018,11,27,23,11,36
1.961,0.028061054137848793,2018,11,27,20,42,6,2018,11,27,21,51,59
10.442,0.04687415831213527,2018,11,27,22,16,2,2018,11,28,1,58,48
16.75,0.10657476139978792,2018,11,27,23,26,17,2018,11,28,2,3,27
0.8516872222222223,0.028154949494949497,2018,11,27,23,46,31,2018,11,28,0,16,46
10.904,0.10002140345512918,2018,11,28,0,15,58,2018,11,28,2,4,59
13.691,0.05859201141226819,2018,11,28,1,53,43,2018,11,28,5,47,23
12.072,0.10650198500220556,2018,11,28,2,36,43,2018,11,28,4,30,4
2.557,0.034797006123837605,2018,11,28,2,52,4,2018,11,28,4,5,33
18.696,0.11146263910969795,2018,11,28,3,57,42,2018,11,28,6,45,26
4.884,0.10656,2018,11,28,5,48,50,2018,11,28,6,34,40
15.875,0.057511170148532784,2018,11,28,14,31,52,2018,11,28,19,7,54
7.748,0.0551786350148368,2018,11,28,14,50,52,2018,11,28,17,11,17
7.462,0.036864553314121036,2018,11,28,14,55,28,2018,11,28,18,17,53
18.386,0.08457870121904469,2018,11,28,15,6,0,2018,11,28,18,43,23
0.915,0.0022956303575162036,2018,11,28,15,14,35,2018,11,28,21,53,10
5.235,0.036132520418727714,2018,11,28,15,14,44,2018,11,28,17,39,37
5.889,0.036933207902163694,2018,11,28,15,40,34,2018,11,28,18,20,1
6.791,0.06749378830544973,2018,11,28,15,49,52,2018,11,28,17,30,29
13.04,0.04161038132212944,2018,11,28,16,12,43,2018,11,28,21,26,6
14.211,0.04412212160413972,2018,11,28,16,14,47,2018,11,28,21,36,52
15.816,0.10951644547028276,2018,11,28,16,17,55,2018,11,28,18,42,20
12.808,0.098296239447429,2018,11,28,16,24,51,2018,11,28,18,35,9
12.08,0.09520556942072769,2018,11,28,16,25,34,2018,11,28,18,32,27
0.874,0.009278131634819532,2018,11,28,16,33,36,2018,11,28,18,7,48
13.07,0.06983081032947462,2018,11,28,16,35,56,2018,11,28,19,43,6
13.844,0.10699987118382069,2018,11,28,16,38,38,2018,11,28,18,48,1
6.331,0.04906484112632395,2018,11,28,16,44,28,2018,11,28,18,53,30
